@type	@id	@lat	@lon	name	brand	operator	shop	opening_hours	addr:city	addr:postcode	addr:street	website	phone
node	21641553	60.5175500	5.2397350	Kiwi Frekhaug	Kiwi		supermarket	Mo-Sa 07:00-23:00					+47 56178005
node	26198200	58.7345890	5.6655530	Kiwi Rosseland	Kiwi		supermarket	Mo-Sa 07:00-23:00					+47 51483393
node	26343787	59.9446790	10.9364110	Joker Starveien	Joker		supermarket	"Mo-Fr 08:00-22:00, Sa-Su 09:00-21:00"					+47 22102416
node	29763917	60.3451110	5.3942420	Extra Sædalen	Extra		supermarket	Mo-Sa 07:00-23:00				https://www.coop.no/butikker/extra/extra-saedalen-4577	+47 55 92 22 90
node	31026176	59.9251825	10.7750195	Joker Carl Berner	Joker		supermarket	24/7					+47 47977873
node	31116603	60.8640000	7.1160500	Coop Marked Flåm	Coop Marked		supermarket	"Mo-Fr 08:00-20:00, Sa 09:00-18:00, Su 12:00-18:00"				https://www.coop.no/butikker/coop-marked-matkroken/coop-marked-flam-1414	+47 57 63 21 08
node	32524978	59.9358100	6.5874190	Joker Skarsmo	Joker		supermarket	"Mo-Th 09:00-18:00, Fr 09:00-20:00, Sa 09:00-18:00, Su 10:00-18:00"					+47 53645111
node	33412898	67.2999018	15.1842915	Coop Prix Valnesfjord	Coop Prix		supermarket	"Mo-Fr 07:00-23:00, Sa 08:00-22:00"				https://www.coop.no/butikker/coop-prix/coop-prix-valnesfjord-1843	+47 99 35 82 15
node	36604250	60.5459871	5.2863643	Rema 1000 Knarvik	Rema 1000		supermarket	Mo-Sa 07:00-23:00					+47 56357066
node	87021423	59.9075448	10.7797548	Galgeberg dagligvare			supermarket	Mo-Su 09:00-21:00					
node	91240966	59.9139760	10.7812360	Bunnpris Kampen	Bunnpris		supermarket	Mo-Su 08:00-23:00					+47 23240540
node	148322126	63.4099490	10.4389260	Rema 1000 Moholt	Rema 1000		supermarket	Mo-Sa 07:00-23:00					+47 73822700
node	155590469	63.4222270	10.3992180	Bunnpris Samfundet	Bunnpris		supermarket	"Mo-Fr 07:00-23:00, Sa 09:00-21:00"					+47 73524370
node	160253309	63.4634099	11.1139357	Spar Hegra	Spar		supermarket	"Mo-Fr 08:00-21:00, Sa 09:00-20:00"					+47 74802223
node	168842710	63.4097165	10.4439421	Meny Moholt	Meny		supermarket	"Mo-Fr 08:00-22:00, Sa 08:00-20:00"					+47 73820200
node	168842713	63.4127330	10.4315440	Bunnpris Moholt	Bunnpris		supermarket	"Mo-Fr 08:00-23:00, Sa 09:00-21:00, Su 10:00-22:00"					+47 73943070;+47 90830154
node	171451018	60.3734770	5.2214550	Joker Brønndalen	Joker		supermarket	"Mo-Fr 10:00-20:00, Sa 09:00-18:00"					+47 94039781
node	175870526	63.4028780	10.4272800	Rema 1000 Nardocenteret	Rema 1000		supermarket	Mo-Sa 07:00-23:00					+47 90583200
node	180569404	60.0341408	11.3512050	Extra Auli senter	Extra		supermarket	Mo-Sa 07:00-23:00					
node	188758666	63.0963352	9.5996286	Coop Marked Storås	Coop Marked		supermarket	"Mo-Fr 07:00-20:00, Sa 09:00-18:00"				https://www.coop.no/butikker/coop-marked-matkroken/coop-marked-storas-1776	+47 97 99 48 10
node	190596261	62.8286780	10.0087790	Rema 1000 Berkåk	Rema 1000		supermarket	Mo-Sa 07:00-23:00					+47 72427200
node	190596267	62.8289300	10.0114790	Extra Berkåk	Extra		supermarket	Mo-Sa 07:00-23:00				https://www.coop.no/butikker/extra/extra-berkak-1783	+47 97 99 48 43
node	190844130	62.6168572	10.2542651				supermarket						
node	190844179	62.5657650	10.3231610	Coop Marked Kvikne	Coop Marked		supermarket	Mo-Sa 06:00-24:00				https://www.coop.no/butikker/coop-marked-matkroken/coop-marked-kvikne-1617	+47 62 48 40 13
node	193629076	63.3873950	10.3302930	Rema 1000 Stavset	Rema 1000		supermarket	Mo-Sa 07:00-23:00					+47 72560010
node	196349818	60.3498010	5.1611850	Joker Kaien Brattholmen	Joker		supermarket	"Mo-Fr 08:00-20:00, Sa 09:00-18:00, Su 10:00-21:00"					+47 56322905
node	197492272	60.3719710	5.1801030	Rema 1000 Drotningsvik	Rema 1000		supermarket	Mo-Sa 07:00-23:00				https://www.rema.no/	+47 55506440
node	198304498	58.3352737	8.5903532	Meny Grimstad	Meny		supermarket	"Mo-Fr 08:00-22:00, Sa 08:00-20:00"					+47 37252770
node	210259349	63.4215270	10.5266330	Coop Prix Olderdalen	Coop Prix		supermarket	"Mo-Fr 07:00-23:00, Sa 08:00-22:00"				https://www.coop.no/butikker/coop-prix/coop-prix-olderdalen-1808	+47 40 00 12 31
node	211168452	63.4211050	10.5344830	Rema 1000 Ranheim	Rema 1000		supermarket	Mo-Sa 07:00-23:00					+47 73570230
node	212923631	59.4125741	10.6611927	Spar Ekholt	Spar		supermarket	"Mo-Fr 07:00-21:00, Sa 09:00-20:00"					+47 69265920
node	213387069	59.5259810	10.6890790	Kiwi Son	Kiwi		supermarket	"Mo-Fr 08:00-22:00, Sa 08:00-21:00, Su 11:00-18:00"				https://kiwi.no/Finn-butikk/kiwi-446-son	+47 64959370
node	213581529	59.4344370	10.6520140	Rema 1000 Kanalen	Rema 1000		supermarket	Mo-Sa 07:00-23:00					+47 69273350
node	215091463	59.4455461	10.6836340	Rema 1000 Mosseskogen	Rema 1000		supermarket	Mo-Sa 07:00-23:00					+47 69240830
node	215091726	59.4469049	10.6856855	Kiwi Tigerplassen	Kiwi		supermarket	Mo-Sa 07:00-23:00				https://kiwi.no/Finn-butikk/kiwi-352-tigerplassen	+47 69249433
node	220636585	63.4103851	10.4414846	Kiwi Moholt	Kiwi		supermarket	"Mo-Sa 07:00-23:00, Su 10:00-22:00"					+47 73943052
node	225589553	59.4193276	10.6830257	Kiwi Høyden	Kiwi		supermarket	Mo-Sa 07:00-23:00				https://kiwi.no/Finn-butikk/kiwi-493-hoyden	+47 69265200
node	226059617	63.4216828	10.4469755	Sumart			supermarket					https://sumart.no/	
node	226059642	63.4245000	10.4417000	Coop Mega Valentinlyst	Coop Mega		supermarket	"Mo-Fr 09:00-22:00, Sa 09:00-20:00"				https://www.coop.no/butikker/coop-mega/coop-mega-valentinlyst-1823	+47 40 00 12 49
node	226059674	63.4309910	10.4509360	Rema 1000 Bromstad	Rema 1000		supermarket	"Mo-Sa 07:00-23:00, Su 11:00-22:00"				https://butikk.rema.no/REMA+1000+Bromstad/445451	+47 73905411
node	243081589	59.0171247	6.0381738	Rema 1000 Jørpeland	Rema 1000		supermarket	Mo-Sa 07:00-23:00					+47 51749252
node	243528356	59.9639604	10.7330634	Kiwi Kringsjå	Kiwi		supermarket	Mo-Sa 07:00-23:00					+47 22589442
node	245395441	63.4180450	10.3524540	Rema 1000 Byåsen	Rema 1000		supermarket	Mo-Sa 07:00-23:00					+47 72560058
node	246519042	63.3876280	10.3529080	Bunnpris Rydningen	Bunnpris		supermarket	"Mo-Fr 08:00-22:00, Sa 09:00-21:00"				https://bunnpris.no/butikker/bunnpris-rydningen	+47 72568440
node	246705060	63.4093370	10.4446280	Extra Moholt	Extra		supermarket	Mo-Sa 07:00-23:00				https://www.coop.no/butikker/extra/extra-moholt-2161	+47 40 00 12 51
node	246875581	63.4477148	10.4451606	Rema 1000 Ladetorget	Rema 1000		supermarket	Mo-Sa 07:00-23:00					+47 73900622
node	247785800	60.1231910	11.4681770	Bunnpris Årnes	Bunnpris		supermarket	"Mo-Fr 07:00-22:00, Sa 08:00-21:00"					+47 63901233
node	247786072	60.1226664	11.4687073	Coop Mega Årnes	Coop Mega		supermarket	"Mo-Fr 08:00-22:00, Sa 09:00-20:00"				https://www.coop.no/butikker/coop-mega/coop-mega-arnes-1035	+47 63 90 30 45
node	247931924	62.0744300	9.1274690	Kiwi Dombås	Kiwi		supermarket	"Mo-Fr 07:00-23:00, Sa 07:00-21:00, Su 09:00-21:00"					+47 61241287
node	248090171	62.0733580	9.1263530	Extra Dombås	Extra		supermarket	"Mo-Fr 07:00-23:00, Sa 08:00-21:00"				https://www.coop.no/butikker/extra/extra-dombas-2753	+47 61 21 51 50
node	249162261	68.2376191	13.7461145	Spar Borg	Spar	Spar	supermarket	"Mo-Fr 08:00-21:00, Sa 09:00-18:00"					+47 76084121
node	249229474	63.2313275	10.2806593	Coop Prix Kvål	Coop Prix		supermarket	"Mo-Fr 07:00-22:00, Sa 08:00-21:00"				https://www.coop.no/butikker/coop-prix/coop-prix-kval-1815	+47 40 00 12 38
node	249229496	63.1977340	10.3001670	Coop Prix Ler	Coop Prix		supermarket	"Mo-Fr 07:00-23:00, Sa 08:00-21:00, Su 10:00-22:00"				https://www.coop.no/butikker/coop-prix/coop-prix-ler-1724	+47 72 85 17 10
node	249229561	63.0356320	10.2927560	Kiwi Støren	Kiwi		supermarket	"Mo-Fr 07:00-23:00, Sa 09:00-21:00"					+47 72431822
node	249251140	67.8811769	12.9817022	Å Dagligvarer			supermarket	Mo-Su 09:00-18:00					
node	249655010	63.1522330	10.2821210	Coop Prix Lundamo	Coop Prix		supermarket	"Mo-Fr 07:00-23:00, Sa 08:00-21:00"				https://www.coop.no/butikker/coop-prix/coop-prix-lundamo-1623	+47 72 87 84 00
node	249733267	62.6737510	11.4188680	Coop Marked Glåmos	Coop Marked		supermarket	"Mo-Fr 09:00-20:00, Sa 09:00-18:00"				https://www.coop.no/butikker/coop-marked-matkroken/coop-marked-glamos-1658	+47 94 86 73 31
node	251710249	60.1425718	11.1740993	Rema 1000 Jessheim	Rema 1000		supermarket	"Mo-Fr 08:00-21:00, Sa 09:00-19:00"					+47 63971684
node	251712180	60.1263880	11.3397360	Extra Neskollen	Extra		supermarket	Mo-Sa 07:00-23:00				https://www.coop.no/butikker/extra/extra-neskollen-2166	+47 63 90 78 98
node	252288150	60.3754826	5.4569214	Spar Lone	Spar		supermarket	"Mo-Fr 06:00-23:00, Sa 08:00-21:00"					+47 55240018
node	252866747	63.5842570	9.9612230	Extra Rissa	Extra		supermarket	"Mo-Fr 07:00-23:00, Sa 08:00-21:00"				https://www.coop.no/butikker/extra/extra-rissa-1834	+47 97 57 56 61
node	253699917	60.2289750	11.5114790	Joker Skogbygda	Joker		supermarket	"Mo-Fr 09:00-20:00, Sa 10:00-18:00"					+47 92678928
node	255113226	63.4365230	10.4242810	Bunnpris Buran	Bunnpris		supermarket	"Mo-Fr 08:00-23:00, Sa 09:00-21:00"					+47 73841390
node	255113232	63.4331130	10.4472300	Coop Prix Persaunet	Coop Prix		supermarket	"Mo-Fr 08:00-23:00, Sa 09:00-23:00"				https://www.coop.no/butikker/coop-prix/coop-prix-persaunet-4705	+47 73 91 42 42
node	255242394	63.3080110	10.1752150	Extra Buvika	Extra		supermarket	Mo-Sa 07:00-23:00				https://www.coop.no/butikker/extra/extra-buvika-1821	+47 40 00 12 44
node	255523974	63.3232480	10.0653750	Extra Børsa	Extra		supermarket	"Mo-Sa 07:00-23:00, Su 10:00-22:00"				https://www.coop.no/butikker/extra/extra-borsa-1768	+47 97 99 47 90
node	255927151	59.8484860	10.8295450	Extra Mortensrud	Extra		supermarket	Mo-Sa 07:00-23:00				https://www.coop.no/butikker/extra/extra-mortensrud-4263	+47 22 75 16 20
node	256233960	63.4667180	10.9163070	Coop Prix Stjørdal	Coop Prix		supermarket	"Mo-Fr 07:00-23:00, Sa 08:00-21:00"				https://www.coop.no/butikker/coop-prix/coop-prix-stjordal-1710	+47 40 00 12 47
node	257072502	61.8083872	9.6835845	Mysuseter fjellbutikk			convenience	Jul-Aug: Mo-Sa 10:00-17:00; Jul-Aug: Su 12:00-16:00					
node	258171007	60.3708390	5.1918050	Kiwi Godvik	Kiwi		supermarket	Mo-Sa 07:00-23:00				https://kiwi.no/	+47 55500952
node	258171008	60.3700450	5.1928870	Rema 1000 Godvik	Rema 1000		supermarket	Mo-Sa 07:00-23:00					+47 55268740
node	258417885	60.3504900	5.2276920	Kiwi Hetlevikåsen	Kiwi		supermarket	Mo-Sa 07:00-23:00				https://kiwi.no/	+47 55269900
node	259723046	60.4062720	5.2195440	Rema 1000 Kleppestø	Rema 1000		supermarket	Mo-Sa 07:00-23:00					+47 56156640
node	259769228	63.1051890	10.2251980	Coop Prix Hovin	Coop Prix		supermarket	"Mo-Fr 07:00-23:00, Sa 08:00-21:00"				https://www.coop.no/butikker/coop-prix/coop-prix-hovin-1601	+47 72 85 61 24
node	260303215	63.3912750	10.4207500	Bunnpris Stubban	Bunnpris		supermarket	"Mo-Fr 08:00-22:00, Sa 09:00-21:00"					+47 73966120
node	261095981	59.8761490	10.8185080	Bunnpris Lambertseter	Bunnpris		supermarket	"Mo-Fr 08:00-23:00, Sa 09:00-21:00, Su 09:00-22:00"					+47 22285519
node	261124640	59.8700450	10.8199180	Kiwi Lambertseter	Kiwi		supermarket	Mo-Sa 07:00-23:00					+47 23382070
node	261583580	59.9031590	10.8217870	Meny Bryn	Meny		supermarket	"Mo-Fr 08:00-22:00, Sa 09:00-20:00"				https://meny.no/finn-butikk/meny-bryn/	+47 22757900
node	261734292	59.8662180	10.8220300	Rema 1000 Mellombølgen	Rema 1000	NORD DAGLIGVARE AS	supermarket	Mo-Sa 07:00-23:00					+47 22742446
node	262128781	59.3119810	10.7321330	Oven handel			convenience						
node	264098039	62.8200423	8.7035338	Matkroken Todalen	Matkroken		supermarket	"Mo-Fr 09:00-18:00, Sa 09:30-16:00, Su 16:00-18:00"				https://www.coop.no/butikker/coop-marked-matkroken/matkroken-todalen-4108	+47 71 66 38 00
node	264121919	59.7173720	10.8160580	Kiwi Finstad	Kiwi		supermarket	Mo-Sa 07:00-23:00					+47 64871933
node	264768990	59.8800582	10.8040994	Kiwi Karlsrud	Kiwi		supermarket	Mo-Sa 07:00-23:00					+47 22745798
node	264768991	59.8876992	10.8056810	Rema 1000 Sandstuveien	Rema 1000		supermarket	Mo-Sa 07:00-23:00					+47 22614190
node	264989425	59.9178442	10.6602529	7-Eleven Maritim	7-Eleven		convenience	24/7					
node	266039291	59.4226068	5.4448542	Meny Aksdal	Meny		supermarket	"Mo-Fr 07:00-22:00, Sa 07:00-20:00"					+47 52754949
node	266563150	59.8604650	10.8015120	Rema 1000 Sæterkrysset	Rema 1000		supermarket	Mo-Sa 07:00-23:00					+47 22306600
node	266867271	60.4735560	5.3359320	Extra Nyborg	Extra		supermarket	"Mo-Sa 06:30-24:00, Su 09:00-21:00"				https://www.coop.no/butikker/extra/extra-nyborg-1451	+47 55 19 92 10
node	268660276	58.7342590	5.6477230	Kiwi Bryne torg	Kiwi		supermarket	Mo-Sa 07:00-23:00					+47 51481650
node	270588575	63.7354350	8.8333770	Extra Sistranda	Extra		supermarket	Mo-Sa 07:00-23:00				https://www.coop.no/butikker/extra/extra-sistranda-1792	+47 97 99 49 00
node	270588627	63.7056578	8.5627914	Coop Marked Nordskag	Coop Marked		supermarket	"Mo-Fr 08:00-20:00, Sa 09:00-18:00"				https://www.coop.no/butikker/coop-marked-matkroken/coop-marked-nordskag-1794	+47 97 99 49 15
node	271661028	63.0977124	9.3231479	Coop Marked Nybø	Coop Marked		supermarket	Mo-Sa 00:00-24:00				https://www.coop.no/butikker/coop-marked-matkroken/coop-marked-nybo-1656	+47 97 99 48 45
node	274116088	59.9570670	11.0364820	Obs Lillestrøm	Obs		supermarket	"Mo-Fr 07:00-23:00, Sa 08:00-21:00"				https://www.coop.no/butikker/obs/obs-lillestrom-2211	+47 63 80 55 00
node	274118898	59.9564771	11.0466454	Kiwi Lillestrøm	Kiwi		supermarket	Mo-Sa 07:00-23:00					+47 63818840
node	274594504	68.1533910	14.2016770	Joker Henningsvær	Joker		supermarket	Mo-Su 09:00-21:00					+47 76074662
node	275001693	59.9602440	11.0566280	Coop Prix Alexander Kiellands gate	Coop Prix		supermarket	"Mo-Fr 08:00-22:00, Sa 08:00-21:00"				https://www.coop.no/butikker/coop-prix/coop-prix-alexander-kiellands-gt-4539	+47 63 81 13 10
node	276822137	63.3688438	10.3950268	Coop Prix Sjetnemarka	Coop Prix		supermarket	"Mo-Fr 07:00-22:00, Sa 08:00-21:00"				https://www.coop.no/butikker/coop-prix/coop-prix-sjetnemarka-1816	+47 40 00 12 39
node	277676796	61.8910580	12.0299170	Joker Drevsjø	Joker		supermarket	"Mo-Fr 08:00-19:00, Sa 08:00-18:00, Su 12:00-16:00"					+47 62456800
node	278230956	64.0113170	11.4934598	Obs Steinkjer	Obs		supermarket	"Mo-Fr 09:00-21:00, Sa 09:00-20:00"				https://www.coop.no/butikker/obs/obs-steinkjer-2466	+47 40 00 12 29
node	278230959	64.0177760	11.5151480	Bunnpris Guldbergaunet	Bunnpris		supermarket	"Mo-Fr 08:00-22:00, Sa 08:00-21:00"					+47 74161644
node	278230960	64.0216090	11.4910330	Kiwi Nordsia	Kiwi		supermarket	Mo-Sa 07:00-23:00					+47 74140207
node	278464034	62.4715477	6.1581499	7-Eleven	7-Eleven		convenience						
node	278465245	62.4714921	6.1575476	7-Eleven Ålesund sentrum	7-Eleven		convenience	"Mo-We 07:00-24:00, Th 07:00-04:00, Fr 07:00-05:00, Sa 09:00-05:00, Su 09:00-24:00"					+47 70 13 36 21
node	278467320	62.4746749	6.1568691	Bunnpris Skansen	Bunnpris		supermarket	"Mo-Fr 08:00-20:00, Sa 10:00-18:00, Su 10:00-20:00"					+47 70131580
node	278504834	62.5451240	6.5902440	Extra Vatneeidet	Extra		supermarket	Mo-Sa 07:00-23:00				https://www.coop.no/butikker/extra/extra-vatneeidet-1505	+47 97 99 52 90
node	279008044	59.5584890	10.8451110	Spar Hobøl	Spar		supermarket	"Mo-Fr 07:00-21:00, Sa 08:00-20:00"					+47 69920220
node	279749193	63.5335089	8.3898614	Joker Kvenvær	Joker		supermarket	Mo-Su 05:00-24:00					+47 72444600
node	279754858	63.5369400	9.1387350	Bunnpris Sandstad	Bunnpris		supermarket	"Mo-Fr 07:00-21:00, Sa 08:00-20:00"					+47 72443610
node	280320236	59.7912300	10.8813070	Extra Siggerud	Extra		supermarket	"Mo-Fr 07:00-23:00, Sa 08:00-21:00"				https://www.coop.no/butikker/extra/extra-siggerud-4261	+47 64 86 87 22
node	281055748	63.0250416	8.5915831	Bæverfjord S-lag			supermarket						
node	281068778	62.4697000	6.1256000	Bunnpris Broa	Bunnpris		supermarket	"Mo-Fr 07:00-22:00, Sa 09:00-21:00"					+47 70122816
node	281804650	60.4600502	5.1513598	Meny Ravnanger	Meny		supermarket	"Mo-Fr 08:00-22:00, Sa 08:00-20:00"					+47 91895116
node	281805244	60.4280360	5.1925850	Rema 1000 Askøy	Rema 1000		supermarket	Mo-Sa 07:00-23:00					+47 56143080
node	282763146	60.3763990	5.3399280	Rema 1000 Danmarksplass	Rema 1000		supermarket	Mo-Sa 07:00-23:00					+47 55296500
node	282883638	62.9741290	8.7254380	Kiwi Surnadal	Kiwi		supermarket	Mo-Sa 07:00-23:00					+47 71660830
node	282901601	59.1938285	9.6261512	Spar Toppen	Spar		supermarket	"Mo-Fr 07:00-22:00, Sa 08:00-20:00"					+47 35521676
node	282922025	59.2101690	9.6209720	Kiwi Frogner Skien	Kiwi		supermarket	Mo-Sa 07:00-23:00					+47 35531185
node	283093676	60.3921130	5.3301690	Coop Prix Marken	Coop Prix		supermarket	"Mo-Fr 07:00-22:00, Sa 08:00-20:00"				https://www.coop.no/butikker/coop-prix/coop-prix-marken-4574	+47 55 31 20 24
node	283136682	59.1965650	9.6034580	Meny Klosterfoss	Meny		supermarket	"Mo-Fr 06:30-22:00, Sa 06:30-20:00"					+47 35584100
node	283476317	59.1859386	9.6138561	Meny Saga	Meny		supermarket	"Mo-Fr 06:30-22:00, Sa 07:00-20:00"					+47 35913838
node	283597920	65.8339800	13.2119430	Rema 1000 Nyrud	Rema 1000		supermarket	Mo-Sa 07:00-23:00					+47 75170855
node	283602424	64.7419070	12.8438650	Matkroken Trones	Matkroken		supermarket	"Mo-Fr 09:00-19:00, Sa 10:00-19:00"				https://www.coop.no/butikker/coop-marked-matkroken/matkroken-trones-4490	+47 74 33 36 95
node	283933517	59.2006100	9.5888860	Kiwi Myren	Kiwi		supermarket	Mo-Sa 07:00-23:00					+47 40006906
node	285686388	60.2923020	5.2852530	Kiwi Sandsli	Kiwi		supermarket	Mo-Sa 07:00-23:00				https://kiwi.no/	+47 55120074
node	286491372	60.3742240	5.3322040	Matkroken Blekenberg	Matkroken		supermarket	"Mo-Fr 07:00-23:00, Sa 08:00-23:00"				https://www.coop.no/butikker/coop-marked-matkroken/matkroken-blekenberg-4386	+47 55 29 70 01
node	286502505	60.3986260	5.3243080	Extra Øvregaten	Extra		supermarket	Mo-Sa 07:00-23:00				https://www.coop.no/butikker/extra/extra-ovregaten-4947	+47 55 56 02 50
node	286502510	60.3973490	5.3113920	Kiwi Strandgaten Bergen	Kiwi		supermarket	Mo-Sa 07:00-23:00				https://kiwi.no/Finn-butikk/Kiwi-Strandgaten-Bergen/	+47 55233485
node	286549729	61.1338758	10.4528283	Kiwi Smestad	Kiwi		supermarket	Mo-Sa 07:00-23:00					+47 61253905
node	287159656	60.3771620	5.3587220	Rema 1000 Haukelandsveien	Rema 1000		supermarket	Mo-Sa 06:30-23:00				https://www.rema.no/butikker/Bergen/rema-1000-haukelandsveien/351688	+47 55200923
node	287162347	60.3870085	5.3550048	Snarkjøp Bellevuebakken	Snarkjøp	Bellevuebakken Landhandleri AS	convenience						+47 915 62 219
node	287406301	60.2975220	5.3169690	Kiwi Sørås	Kiwi		supermarket	Mo-Sa 07:00-23:00				https://kiwi.no/	+47 55131120
node	287468334	60.4282340	5.2941720	Spar Eikeviken	Spar		supermarket	"Mo-Fr 08:00-22:00, Sa 09:00-20:00"					+47 55257621
node	287468344	60.4367940	5.2864370	Extra Helleveien	Extra		supermarket	Mo-Sa 07:00-23:00				https://www.coop.no/butikker/extra/extra-helleveien-4575	+47 55 25 82 05
node	287469597	60.4382230	5.3228260	Rema 1000 Eidsvåg	Rema 1000		supermarket	Mo-Sa 07:00-23:00					+47 55563280
node	287776658	60.3199600	5.3534170	Kiwi Nesttun sentrum	Kiwi		supermarket	Mo-Sa 07:00-23:00					+47 55220811
node	288622866	59.9537379	11.0449333	Snarkjøp Lillestrøm stasjon	Snarkjøp		convenience	Mo-Fr 06:00-24:00; Sa 08:00-24:00; Su 09:00-24:00					+47 403 81 725
node	289192214	58.2123060	6.5804220	Matkroken Rasvåg	Matkroken		supermarket	"Mo-Th 10:00-18:00, Fr 10:00-19:00, Sa 10:00-18:00, Su 12:00-18:00"				https://www.coop.no/butikker/coop-marked-matkroken/matkroken-rasvag-4218	+47 40 04 56 58
node	289385430	59.6130468	8.9467789	Spar Saulandtunet	Spar		supermarket	"Mo-We 07:30-21:00, Th-Fr 07:30-22:00, Sa 09:00-20:00"					+47 35023355
node	289412343	63.4128660	11.7390960	Extra Meråker	Extra		supermarket	Mo-Sa 07:00-23:00				https://www.coop.no/butikker/extra/extra-meraker-1632	+47 47 51 67 80
node	289518556	60.3413710	5.2468880	Rema 1000 Kjerreidviken	Rema 1000		supermarket	Mo-Sa 07:00-23:00					+47 55268770
node	289525262	60.3351725	5.2652077	Bunnpris Varden			convenience						
node	289525263	60.3457410	5.2715830	Rema 1000 Myrholtet	Rema 1000		supermarket	Mo-Sa 07:00-23:00					+47 55506330
node	289529135	60.3606870	5.3431190	Extra Minde	Extra		supermarket	"Mo-Fr 06:30-24:00, Sa 07:00-23:00"				https://www.coop.no/butikker/extra/extra-minde-4275	+47 55 20 29 90
node	289529136	60.3602260	5.3520410	Rema 1000 Wergeland	Rema 1000		supermarket	"Mo-Sa 06:00-23:00, Su 09:00-21:00"				https://www.rema.no/butikker/vestland/bergen/rema-1000-wergeland	+47 55360251
node	289531526	60.3465120	5.3521080	Meny Fantoft	Meny		supermarket	"Mo-Fr 07:00-22:00, Sa 09:00-20:00"				https://meny.no/	+47 55273200
node	290377809	60.5181894	5.2414685	Rema 1000 Frekhaug	Rema 1000		supermarket	Mo-Sa 07:00-23:00					+47 56176000
node	291073606	63.3618770	10.3894490	Bunnpris Tonstad	Bunnpris		supermarket	"Mo-Fr 07:00-22:00, Sa 09:00-22:00, Su 11:00-22:00"					+47 72887992
node	292344739	59.1703120	9.6515270	Spar Borgestad	Spar		supermarket	"Mo-Fr 07:00-22:00, Sa 08:00-20:00"					+47 35509600
node	293400213	59.8559460	10.6608290	Meny Tangen	Meny		supermarket	"Mo-Fr 08:00-21:00, Sa 09:00-20:00"				https://meny.no/	+47 66965100
node	293854842	59.9559360	11.0466730	Keiser Fruktmarked			supermarket	Mo-Fr 08:00-20:00; Sa 08:00-19:00; Su 10:00-19:00				https://keiser.no/	+47 64 84 51 20
node	294168549	60.4620650	5.3295910	Kiwi Rolland	Kiwi		supermarket	Mo-Sa 07:00-23:00				https://kiwi.no/	+47 55953733
node	294170502	60.4658980	5.3127150	Coop Prix Prestestien	Coop Prix		supermarket	Mo-Sa 07:00-23:00				https://www.coop.no/butikker/coop-prix/coop-prix-prestestien-1459	+47 55 18 28 50
node	295698499	61.2040330	8.2463920	Joker Tyinkrysset	Joker		supermarket	"Mo-Sa 09:00-20:00, Su 10:00-20:00"				https://joker.no/finn-butikk/joker-tyinkrysset	+47 61367717
node	296251601	60.2574344	5.3371166	Extra Fana	Extra		supermarket	Mo-Sa 06:00-24:00				https://www.coop.no/butikker/extra/extra-fana-1462	+47 55 92 70 50
node	296499513	63.0076230	8.3574540	Coop Marked Bøfjord	Coop Marked		supermarket	"Mo 11:00-18:00, Tu-We 11:00-16:00, Th 11:00-18:00, Fr-Sa 11:00-16:00"				https://www.coop.no/butikker/coop-marked-matkroken/coop-marked-bofjord-1798	+47 71 66 28 29
node	297349537	59.2988590	4.8913900	Joker Utsira	Joker		supermarket	"Mo-Th 08:00-18:00, Fr 08:00-19:00, Sa 09:00-16:00, Su 12:00-14:00"					+47 52749220
node	299327762	59.8537600	10.8021290	Matkroken Ljabru	Matkroken		supermarket	"Mo-Fr 08:00-22:00, Sa 08:00-21:00"				https://www.coop.no/butikker/coop-marked-matkroken/matkroken-ljabru-4439	+47 22 28 91 06
node	299508269	60.3710740	5.3679860	Bunnpris Montana	Bunnpris		supermarket	"Mo-Fr 09:00-22:00, Sa 09:00-20:00"					+47 55296634
node	299612756	60.3674910	5.3668970	Bunnpris Lindvik	Bunnpris		supermarket	"Mo-Fr 09:00-22:00, Sa 09:00-20:00"					+47 55297867
node	299612922	60.3510940	5.3691860	Rema 1000 Nattland	Rema 1000		supermarket	Mo-Sa 07:00-23:00					+47 55285730
node	304632879	59.2105627	9.6048993	Meny Lietorvet	Meny		supermarket	"Mo-Fr 08:00-21:00, Sa 08:00-19:00"					+47 35915660
node	305721516	63.4226190	10.1492340	Coop Marked Rye	Coop Marked		supermarket	"Mo-Fr 09:00-20:00, Sa 09:00-18:00"				https://www.coop.no/butikker/coop-marked-matkroken/coop-marked-rye-1640	+47 72 84 36 10
node	305721639	63.3556690	10.1642350	Extra Byneset	Extra		supermarket	Mo-Sa 07:00-23:00				https://www.coop.no/butikker/extra/extra-byneset-1817	+47 40 00 12 40
node	306935384	63.7335040	11.2838300	Rema 1000 Moan	Rema 1000		supermarket	Mo-Sa 07:00-23:00					+47 90200611
node	306935451	63.7335892	11.2814364	Meny Magneten	Meny		supermarket	"Mo-Fr 09:00-21:00, Sa 09:00-20:00"					+47 74085800
node	306935828	63.7474700	11.2856510	Coop Prix Levangernesset	Coop Prix		supermarket	"Mo-Fr 08:00-22:00, Sa 08:00-21:00"				https://www.coop.no/butikker/coop-prix/coop-prix-levangernesset-1740	+47 47 67 61 80
node	307064181	62.0718750	9.1232790	Bunnpris Dombås	Bunnpris		supermarket	"Mo-Fr 08:00-22:00, Sa 08:00-20:00, Su 11:00-20:00"					+47 61241355
node	307110637	60.3816070	5.3118310	Spar Karensfryd	Spar		supermarket	"Mo-Fr 07:00-22:00, Sa 08:00-21:00"					+47 55342045
node	307507713	59.9102700	10.7254590	Coop Mega Aker brygge	Coop Mega		supermarket	"Mo-Fr 08:00-22:00, Sa 09:00-20:00"				https://www.coop.no/butikker/coop-mega/coop-mega-aker-brygge-4559	+47 22 01 78 60
node	307508648	59.9306170	10.7160660	Extra Majorstuen	Extra		supermarket	Mo-Sa 07:00-23:00				https://www.coop.no/butikker/extra/extra-majorstuen-4055	+47 22 69 73 20
node	308128399	63.7351000	11.2829000	Extra Moan Levanger	Extra		supermarket	Mo-Sa 07:00-23:00				https://www.coop.no/butikker/extra/extra-moan-levanger-2471	+47 90 36 52 10
node	308511621	58.8514429	5.7296874	Spar Byhagen	Spar		supermarket	"Mo-Fr 07:00-23:00, Sa 09:00-20:00"					+47 51667099
node	308511623	58.8484507	5.7406973	Helgø Meny Sandnes	Meny		supermarket	"Mo-Fr 09:00-21:00, Sa 09:00-20:00"					+47 51609700
node	308512769	58.8494660	5.7381020	Extra Sandnes	Extra		supermarket	Mo-Sa 07:00-23:00				https://www.coop.no/butikker/extra/extra-sandnes-2452	+47 47 51 32 42
node	309065135	60.3916926	5.3200343	7-Eleven Engen	7-Eleven		convenience	"Mo-We,Su 09:30-23:00; Th-Fr 09:30-03:00; Sa 09:30-03:30"					
node	309473162	59.8830760	10.7840790	Joker Holtet	Joker		supermarket	"Mo-Fr 08:00-22:00, Sa 09:00-22:00, Su 10:00-22:00"				https://joker.no/finn-butikk/joker-holtet	+47 22280704
node	309494000	60.3821650	5.3041350	Kiwi Hamrehjørnet	Kiwi		supermarket	Mo-Sa 07:00-23:00					+47 55341015
node	312135676	59.4427198	10.6189463	Kiwi Refsnes	Kiwi		supermarket	"Mo-Fr 07:00-23:00, Sa 08:00-21:00"				https://kiwi.no/Finn-butikk/kiwi-596-refsnes	+47 69273011
node	315230158	59.9114810	10.7486840	Deli de Luca			convenience						
node	315897137	59.6217112	9.6828272	Kiwi Skollenborg	Kiwi		supermarket	Mo-Sa 07:00-23:00					+47 32764970
node	320975502	62.2864350	11.7352860	Nærbutikken Tufsingdal	Nærbutikken		supermarket	Mo-Su 06:00-22:00					+47 47700083
node	321022113	61.3725590	11.9548790	Nærbutikken Slettås handelslag	Nærbutikken		supermarket	"Mo-We 10:00-17:00, Th 11:00-18:00, Fr 10:00-18:00, Sa 09:00-15:00"					+47 62450910
node	322839917	61.5291940	10.1414840	Kiwi Ringebu	Kiwi		supermarket	"Mo-Sa 07:00-23:00, Su 09:00-21:00"					+47 61280519
node	323126223	59.6175810	10.4080930	Rema 1000 Svelvik	Rema 1000		supermarket	Mo-Sa 07:00-23:00				https://www.rema.no/butikker/buskerud/svelvik/rema-1000-svelvik	+47 33784395
node	323126700	59.5976470	10.4002630	Extra Svelvik	Extra		supermarket	Mo-Sa 07:00-23:00				https://www.coop.no/butikker/extra/extra-svelvik-4203	+47 33 77 22 88
node	329416257	59.4178352	10.6866041	Meny Høyden	Meny		supermarket	"Mo-Fr 07:00-21:00, Sa 08:00-19:00"					+47 69232800
node	329724092	59.6190547	11.0787613	Kiwi Spydeberg	Kiwi		supermarket	Mo-Sa 07:00-23:00					+47 69835310
node	329724142	59.6155481	11.0764775	Rema 1000 Spydeberg	Rema 1000		supermarket	Mo-Sa 07:00-23:00					+47 69837970
node	329724145	59.6152488	11.0799151	Extra Spydeberg	Extra		supermarket	Mo-Sa 07:00-23:00				https://www.coop.no/butikker/extra/extra-spydeberg-1069	+47 69 83 69 70
node	330330605	58.6701590	7.8054720	Coop Prix Byglandsfjord	Coop Prix		supermarket	Mo-Sa 06:00-24:00				https://www.coop.no/butikker/coop-prix/coop-prix-byglandsfjord-1332	+47 90 93 13 55
node	335585355	59.9218170	10.7051180	Kiwi Frognerveien	Kiwi		supermarket	Mo-Sa 07:00-23:00					+47 22563492
node	338773226	59.9694580	11.0509710	Kiwi Kjeller	Kiwi		supermarket	Mo-Sa 07:00-23:00					+47 63816750
node	339701244	60.3155830	5.2704930	Kiwi Søreide	Kiwi		supermarket	Mo-Sa 07:00-23:00				https://kiwi.no/	+47 55913198
node	339713388	59.6653252	10.7919632	Extra Raveien	Extra		supermarket	Mo-Sa 07:00-23:00				https://www.coop.no/butikker/extra/extra-raveien-3313	+47 64 97 33 00
node	341103177	59.7868061	10.2456101	Bakerikvartalet			supermarket						
node	341410664	59.2724711	10.4707809	Extra Tolvsrød torg	Extra		supermarket	Mo-Sa 07:00-23:00					
node	341411230	59.2726370	10.4632110	Meny Tolvsrød	Meny		supermarket	Mo-Sa 08:00-22:00					+47 33414160
node	343270608	60.3086190	5.2715380	Meny Dolviken	Meny		supermarket	"Mo-Fr 07:00-22:00, Sa 09:00-20:00"				https://meny.no/Finn-butikk/MENY-Dolviken/	+47 55526200
node	345822585	61.1526450	10.6908270	Kiwi Sjusjøen	Kiwi		supermarket	Mo-Su 09:00-21:00				https://kiwi.no/finn-butikk/kiwi-007-sjusjoen	+47 62341300
node	346879044	60.3039459	5.3376707	Spar Skjoldtun	Spar		supermarket	"Mo-Fr 07:00-22:00, Sa 08:00-20:00"					+47 55117210
node	347483777	59.9082608	10.7790482	Rema 1000 Jordal	Rema 1000		supermarket	Mo-Sa 07:00-23:00					+47 23300075
node	347483785	59.9072700	10.7808180	Extra St. Halvardsgate	Extra		supermarket	"Mo-Fr 07:00-23:00, Sa 08:00-23:00"				https://www.coop.no/butikker/extra/extra-st-halvardsgate-4276	+47 22 68 17 29
node	353367644	59.9635408	10.7369801	Meny Kringsjå	Meny		supermarket	"Mo-Fr 08:00-21:00, Sa 08:00-19:00"					+47 23008585
node	354475947	59.9086180	10.7679467	Joker Gamlebyen	Joker		supermarket	Mo-Fr 06:30-23:00; Sa-Su 08:00-23:00					+47 40630077
node	355542182	59.9632960	10.8923210	Kiwi Romsås	Kiwi		supermarket	Mo-Sa 07:00-23:00					+47 22106727
node	356303843	59.2515000	10.9964710	Rema 1000 Dikeveien	Rema 1000		supermarket	Mo-Sa 07:00-23:00					+47 69364730
node	356370654	59.5595040	7.3561620	Extra Hovden	Extra		supermarket	"Mo-Fr 08:00-22:00, Sa 08:00-21:00, Su 10:00-18:00"					
node	356370667	59.5597140	7.3576670	Kiwi Hovden	Kiwi		supermarket	"Mo-Fr 08:00-22:00, Sa 08:00-21:00, Su 10:00-18:00"					+47 37939856
node	356764440	60.3483410	5.2926080	Kiwi Oasen	Kiwi		supermarket	Mo-Sa 07:00-23:00				https://kiwi.no/Finn-butikk/Kiwi-Oasen/	+47 55161260
node	358363208	59.9442480	10.7594680	Kiwi Bjølsen	Kiwi		supermarket	Mo-Sa 07:00-23:00					+47 22181531
node	358411391	59.9096610	10.7951080	Coop Prix Etterstad	Coop Prix		supermarket	"Mo-Fr 07:00-23:00, Sa 09:00-21:00"				https://www.coop.no/butikker/coop-prix/coop-prix-etterstad-1120	+47 23 24 07 35
node	359891653	62.5950440	9.6917560	Coop Mega Oppdal	Coop Mega		supermarket	"Mo-Fr 07:00-22:00, Sa 07:00-20:00, Su 10:00-20:00"				https://www.coop.no/butikker/coop-mega/coop-mega-oppdal-1652	+47 40 44 73 26
node	359891663	62.5948550	9.6932030	Bunnpris Oppdal	Bunnpris		supermarket	"Mo-Fr 08:00-22:00, Sa 09:00-22:00, Su 11:00-21:00"					+47 72421320
node	359965858	59.8785080	8.5879760	Kiwi Rjukan sentrum	Kiwi		supermarket	"Mo-Fr 07:00-23:00, Sa 08:00-21:00, Su 10:00-18:00"					+47 35090480
node	364548431	60.1434130	11.1910700	Rema 1000 Gystadparken	Rema 1000		supermarket	Mo-Sa 07:00-23:00					+47 67024680
node	364962916	60.9195678	9.4226092	Kiwi Aurdal	Kiwi		supermarket	"Mo-Fr 08:00-23:00, Sa 08:00-21:00, Su 10:00-21:00"					+47 61365109
node	365152689	59.9224750	10.8566420	Extra Haugerud senter	Extra		supermarket	Mo-Sa 07:00-23:00					
node	365154970	59.9164760	10.8484950	Rema 1000 Hellerud	Rema 1000		supermarket	Mo-Sa 07:00-23:00					+47 22755700
node	365558109	59.2258320	10.4081420	Rema 1000 Borgheim	Rema 1000		supermarket	"Mo-Fr 06:00-23:00, Sa 07:00-23:00"				https://butikk.rema.no/REMA+1000+Borgheim/234093	+47 99573000
node	366611331	61.3287560	10.1047362	Joker Skeikampen	Joker		supermarket	"Mo-Th 09:00-18:00, Fr 09:00-21:00, Sa 09:00-18:00, Su 10:00-18:00"					+47 91589332
node	367854288	60.1433550	11.1648840	Obs Jessheim	Obs		supermarket	"Mo-Fr 08:00-22:00, Sa 08:00-20:00"				https://www.coop.no/butikker/obs/obs-jessheim-2230	+47 63 92 91 30
node	367856955	60.1430605	11.1722879	Meny Jessheim	Meny		supermarket	"Mo-Fr 08:00-21:00, Sa 08:00-19:00"					+47 63986920
node	371883790	58.9575945	5.6987439	Kiwi Eiganes	Kiwi		supermarket	Mo-Sa 07:00-23:00					+47 51550251
node	373122853	58.9699280	5.7160870	Coop Prix Misjonsveien	Coop Prix		supermarket	"Mo-Fr 07:00-22:00, Sa-Su 09:00-21:00"				https://www.coop.no/butikker/coop-prix/coop-prix-misjonsveien-1297	+47 51 52 33 96
node	373668567	58.9704856	5.7313346	7-Eleven Sjøhuset	7-Eleven		convenience						
node	373669398	58.9666840	5.7338240	Rema 1000 Byterminalen	Rema 1000		supermarket	"Mo-Fr 07:00-23:00, Sa 07:00-21:00"					+47 51567601
node	375676275	64.0753300	11.2227330	Coop Prix Malm	Coop Prix		supermarket	"Mo-Fr 08:00-22:00, Sa 08:00-21:00"				https://www.coop.no/butikker/coop-prix/coop-prix-malm-1628	+47 94 17 34 30
node	376043767	58.9282220	5.6081600	Joker Tananger	Joker		supermarket	"Mo-Fr 07:00-22:00, Sa 08:00-22:00, Su 09:00-22:00"					+47 48386325
node	382917154	63.4321100	10.3936870	Bunnpris Munkegaten	Bunnpris		supermarket	"Mo-Fr 07:00-22:00, Sa 09:00-21:00"				https://www.bunnpris.no/butikker/bunnpris-munkegaten	+47 73521700
node	383999730	59.9190318	10.7515978	Kiwi Fredensborg	Kiwi		supermarket	Mo-Sa 07:00-23:00					+47 22360137
node	384003082	59.9376750	10.7349220	Kiwi Ullevål	Kiwi		supermarket	"Mo-Fr 07:00-23:00, Sa 07:00-21:00"					+47 22466111
node	385145894	60.1400080	11.1868620	Kiwi Gystad	Kiwi		supermarket	Mo-Sa 07:00-23:00					+47 63975900
node	387530378	63.4323790	10.4173100	Bunnpris Rosenborg	Bunnpris		supermarket	"Mo-Fr 09:00-21:00, Sa 10:00-18:00"					+47 47769274
node	387620716	60.3597204	5.1242400	Obs Sartor	Obs		supermarket	"Mo-Fr 09:00-22:00, Sa 09:00-20:00"				https://www.coop.no/butikker/obs/obs-sartor-2408	+47 56 31 55 00
node	387620717	59.3951800	5.3332430	Obs Haugesund	Obs		supermarket	"Mo-Fr 09:00-21:00, Sa 09:00-19:00"				https://www.coop.no/butikker/obs/obs-haugesund-2235	+47 91 56 12 00
node	387620718	60.2970100	5.3308100	Obs Lagunen	Obs		supermarket	"Mo-Fr 09:00-22:00, Sa 09:00-20:00"				https://www.coop.no/butikker/obs/obs-lagunen-2267	+47 55 11 84 00
node	387620721	58.7357440	5.6397170	Obs Bryne	Obs		supermarket	"Mo-Fr 08:00-22:00, Sa 08:00-20:00"				https://www.coop.no/butikker/obs/obs-bryne-1255	+47 48 01 80 64
node	387620723	58.8764080	5.7230500	Obs Kvadrat	Obs		supermarket	"Mo-Fr 09:00-21:00, Sa 09:00-19:00"				https://www.coop.no/butikker/obs/obs-kvadrat-2250	+47 51 96 37 00
node	387620725	62.4669582	6.3505351	Obs Stormoa	Obs		supermarket	"Mo-Fr 08:00-22:00, Sa 08:00-20:00"				https://www.coop.no/butikker/obs/obs-stormoa-2275	+47 97 99 52 00
node	387620726	58.1770595	8.1269514	Coop Obs Sørlandssenteret			supermarket						
node	387620727	58.4642250	8.7087210	Obs Arendal	Obs		supermarket	"Mo-Fr 08:00-22:00, Sa 08:00-20:00"				https://www.coop.no/butikker/obs/obs-arendal-2254	+47 91 65 64 00
node	387620728	59.7562220	10.0007850	Obs Buskerud	Obs		supermarket	"Mo-Fr 09:00-21:00, Sa 09:00-20:00"				https://www.coop.no/butikker/obs/obs-buskerud-2227	+47 32 23 61 00
node	387620732	59.7392903	10.7703268	Obs Vinterbro	Obs		supermarket	"Mo-Fr 08:00-22:00, Sa 08:00-20:00"				https://www.coop.no/butikker/obs/obs-vinterbro-2202	+47 64 97 88 00
node	387620740	59.2877600	11.0826860	Extra Tune	Extra		supermarket	"Mo-Sa 07:00-23:00, Su 10:00-21:00"				https://www.coop.no/butikker/extra/extra-tune-2531	+47 69 97 16 00
node	387620744	59.5788476	11.2772659	Obs Slitu	Obs		supermarket	"Mo-Fr 08:00-22:00, Sa 08:00-20:00"				https://www.coop.no/butikker/obs/obs-slitu-2224	+47 69 84 65 00
node	387620748	59.4155087	10.6812185	Obs Rygge	Obs		supermarket	"Mo-Fr 08:00-22:00, Sa 08:00-20:00"				https://www.coop.no/butikker/obs/obs-rygge-2226	+47 69 26 22 50
node	387620750	69.6743196	18.9209033	Obs Tromsø	Obs		supermarket	"Mo-Fr 08:00-22:00, Sa 09:00-20:00"				https://www.coop.no/butikker/obs/obs-tromso-2370	+47 977 49 035
node	388117129	58.9520330	5.6572830	Extra Madla	Extra		supermarket	Mo-Sa 07:00-23:00				https://www.coop.no/butikker/extra/extra-madla-4750	+47 51 55 50 84
node	388585491	58.9718060	5.7490700	Coop Prix Badedammen	Coop Prix		supermarket	"Mo-Fr 07:00-22:00, Sa 07:00-21:00"				https://www.coop.no/butikker/coop-prix/coop-prix-badedammen-2430	+47 51 52 02 10
node	389050340	58.9039292	5.6623126	Kiwi Joa	Kiwi		supermarket	Mo-Sa 07:00-23:00					+47 51640647
node	390044183	60.4674810	5.3459640	Kiwi Nyborg	Kiwi		supermarket	Mo-Sa 07:00-23:00					+47 55184400
node	391076743	68.3425040	16.8321300	Extra Ballangen	Extra		supermarket	Mo-Sa 07:00-23:00				https://www.coop.no/butikker/extra/extra-ballangen-1854	+47 48 28 16 76
node	391098285	62.3822140	6.9931650	Joker Stordal	Joker		supermarket	"Mo-Fr 08:00-20:00, Sa 09:00-19:00, Su 12:00-18:00"					+47 70278051
node	391098426	62.3817530	6.9858950	Coop Prix Stordal	Coop Prix		supermarket	"Mo-Fr 08:00-22:00, Sa 08:00-21:00, Su 12:00-18:00"				https://www.coop.no/butikker/coop-prix/coop-prix-stordal-1508	+47 97 99 52 75
node	391254962	60.3475100	5.3355610	Rema 1000 Fjøsanger	Rema 1000		supermarket	Mo-Sa 07:00-23:00					+47 55119570
node	391255128	60.3486700	5.3359640	Spar Fjøsanger	Spar		supermarket	"Mo-Fr 06:30-22:00, Sa 08:00-21:00"					+47 55282900
node	393150756	59.7371640	7.5660950	Spar Haukeli	Spar		supermarket	"Mo-Fr 08:00-21:00, Sa 09:00-20:00"					+47 99101882
node	393339712	60.9960550	8.9890290	Joker Vaset	Joker		supermarket	"Mo-Th 09:00-20:00, Fr 09:00-21:00, Sa 09:00-18:00, Su 10:00-18:00"					+47 61363055
node	401254963	58.9360530	5.5872080	Kiwi Tananger	Kiwi		supermarket	Mo-Sa 07:00-23:00					+47 51648850
node	401273128	59.2061425	10.9370064	Kiwi Kråkerøybrua	Kiwi		supermarket	Mo-Sa 07:00-23:00				https://kiwi.no/Finn-butikk/kiwi-537-krakeroybrua	+47 69348982
node	409169166	59.7437930	10.3391670	Rema 1000 Spikkestad	Rema 1000		supermarket	Mo-Sa 07:00-23:00				https://www.rema.no/butikker/akershus/royken/rema-1000-spikkestad/	+47 90271592
node	411008875	59.7445790	10.3411660	Kiwi Spikkestad	Kiwi		supermarket	Mo-Sa 07:00-23:00				https://kiwi.no/finn-butikk/kiwi-318-spikkestad	+47 31290850
node	411324924	62.7444460	7.1870490	Coop Prix Granlia	Coop Prix		supermarket	"Mo-Fr 07:00-23:00, Sa 08:00-21:00"				https://www.coop.no/butikker/coop-prix/coop-prix-granlia-1513	+47 97 99 49 60
node	411853552	58.8924100	5.7217180	Extra Petroleumsveien	Extra		supermarket	Mo-Sa 07:00-23:00				https://www.coop.no/butikker/extra/extra-petroleumsveien-4063	+47 51 57 51 10
node	413131146	59.0635660	5.6776790	Kiwi Mosterøy	Kiwi		supermarket	Mo-Sa 07:00-23:00					+47 51724244
node	413575767	59.8702020	10.7727530	Joker Ulvøya	Joker		supermarket	"Mo-Fr 08:00-21:00, Sa 09:00-21:00, Su 10:00-19:00"					+47 22288060
node	415768194	59.9233216	5.7983519				convenience						
node	416085036	59.9862580	6.0095490	Spar Rosendal	Spar		supermarket	"Mo-Fr 06:30-22:00, Sa 08:00-20:00, Su 12:00-18:00"				https://spar.no/finn-butikk/eurospar-rosendal	+47 53482550
node	416095106	59.8321930	5.7834340	Spar Valen	Spar		supermarket	"Mo-Fr 07:00-22:00, Sa 09:00-20:00"					+47 53471705
node	416837967	59.1511100	8.8127160	Joker Tørdal	Joker		supermarket	Mo-Sa 09:00-18:00					+47 35998236
node	416849881	59.2171148	8.7711503	Coop Marked Tørdal	Coop Marked		supermarket	"Mo-Th 09:00-17:00, Fr 09:00-18:00, Sa 09:00-16:00"				https://www.coop.no/butikker/coop-marked-matkroken/coop-marked-tordal-1178	+47 35 99 92 70
node	417653848	59.3803507	10.4547577	Kiwi Borre	Kiwi		supermarket	Mo-Sa 07:00-23:00					+47 33041238
node	418089814	58.9509750	5.7269260	Extra Bekkefaret	Extra		supermarket	Mo-Sa 07:00-23:00				https://www.coop.no/butikker/extra/extra-bekkefaret-1306	+47 51 88 39 79
node	418491454	60.3756340	5.3043480	Coop Prix Melkeplassen	Coop Prix		supermarket	"Mo-Fr 07:00-22:00, Sa 09:00-21:00"				https://www.coop.no/butikker/coop-prix/coop-prix-melkeplassen-1465	+47 55 34 12 25
node	418507891	58.9611090	5.6103880	Kiwi Sunde	Kiwi		supermarket	Mo-Sa 07:00-23:00					+47 51594510
node	427720489	59.7642800	10.8522930	Kiwi Bøleråsen senter	Kiwi		supermarket	"Mo-Fr 07:00-23:00, Sa 09:00-21:00"					+47 64862920
node	428063052	59.9210090	10.6777220	Coop Mega Sjølyst	Coop Mega		supermarket	"Mo-Fr 07:00-22:00, Sa 08:00-20:00"				https://www.coop.no/butikker/coop-mega/coop-mega-sjolyst-4307	+47 24 11 61 70
node	428063062	59.9206935	10.6836058	Meny Skøyen	Meny		supermarket	"Mo-Fr 07:00-21:00, Sa 09:00-20:00"					+47 23276900
node	428918895	59.1146600	9.6458840	Rema 1000 Herøya	Rema 1000		supermarket	Mo-Sa 07:00-23:00					+47 35511444
node	429836708	59.7546290	10.8448930	Meny Langhus	Meny		supermarket	"Mo-Fr 08:00-21:00, Sa 09:00-20:00"					+47 64917171
node	431038571	63.4176247	10.4041519	SiT Storkiosk		Studentsamskipnaden i Trondheim	convenience						
node	433516267	59.7542860	10.8446506	Life Langhus		Life	convenience	Mo-Fr 10:00-18:00; Sa 09:00-15:00					+47 64862180
node	435619424	69.2397000	19.2270000	Extra Storsteinnes	Extra		supermarket	Mo-Sa 07:00-23:00				https://www.coop.no/butikker/extra/extra-storsteinnes-1963	+47 94 85 68 08
node	435770532	58.6287370	8.9158060	Meny Tvedestrand	Meny		supermarket	Mo-Sa 07:00-22:00					+47 37199200
node	435770556	58.6272780	8.9205850	Rema 1000 Tvedestrand	Rema 1000		supermarket	Mo-Sa 07:00-23:00					+47 37161500
node	436632347	63.3737500	10.3465930	Extra Flatåsen	Extra		supermarket	Mo-Sa 07:00-23:00				https://www.coop.no/butikker/extra/extra-flatasen-1818	+47 40 00 12 41
node	438179081	63.3080315	10.1764086	Kiwi Buvika	Kiwi		supermarket	Mo-Sa 07:00-23:00					+47 72865570
node	440093543	59.4287730	5.6208250	Coop Prix Skjoldastraumen	Coop Prix		supermarket	"Mo-Fr 08:00-21:00, Sa 08:00-20:00"				https://www.coop.no/butikker/coop-prix/coop-prix-skjoldastraumen-1241	+47 90 67 96 71
node	440860256	60.3750710	6.7188600	Spar Kinsarvik	Spar		supermarket	"Mo-Sa 08:00-20:00, Su 10:00-18:00"					+47 53671170
node	441005248	60.7943110	11.0667830	Rema 1000 Basarene Hamar	Rema 1000		supermarket	Mo-Sa 07:00-23:00					+47 62529720
node	441005396	60.7951273	11.0750384	Kiwi Holsetgården	Kiwi		supermarket	Mo-Sa 07:00-23:00					+47 62509400
node	441005494	60.7992590	11.0724640	Joker Skolegata	Joker		supermarket	"Mo-Fr 07:00-23:00, Sa-Su 09:00-23:00"					+47 47641038
node	441009942	60.8303190	11.0659970	Rema 1000 Olrud City Hamar	Rema 1000		supermarket	Mo-Sa 07:00-23:00					+47 91118092
node	441010598	60.8017190	11.0351800	Rema 1000 Storhamar	Rema 1000		supermarket	Mo-Sa 07:00-23:00					+47 62527173
node	441133328	59.4979710	5.9024500	Joker Vikedal	Joker		supermarket	"Mo-Fr 08:00-21:00, Sa 08:00-20:00"					+47 52760178
node	441225126	60.9862920	9.2352040	Extra Fagernes	Extra		supermarket	Mo-Sa 07:00-23:00				https://www.coop.no/butikker/extra/extra-fagernes-2096	+47 61 35 68 00
node	441225239	60.9858218	9.2381017				convenience						
node	441292595	58.3360240	8.5907810	Rema 1000 Grimstad	Rema 1000		supermarket	Mo-Sa 07:00-23:00					+47 37043788
node	441346632	59.9241280	10.7416247	Coop Prix Waldemar Thranes gate	Coop Prix		supermarket	"Mo-Fr 07:00-24:00, Sa 08:00-24:00"				https://www.coop.no/butikker/coop-prix/coop-prix-waldemar-thranesgate-4675	+47 22 69 88 30
node	441346633	59.9256260	10.7454570	Rema 1000 Ila	Rema 1000		supermarket	Mo-Sa 07:00-23:00					+47 22569921
node	441346634	59.9283380	10.7501520	Coop Mega Alexander Kiellands plass	Coop Mega		supermarket	"Mo-Fr 09:00-22:00, Sa 09:00-20:00"				https://www.coop.no/butikker/coop-mega/coop-mega-alexander-kiellandsp-4773	+47 22 04 04 20
node	441346635	59.9321528	10.7413457	Joker Geitmyrsveien	Joker		supermarket	"Mo-Sa 07:00-23:00, Su 09:00-23:00"					+47 47976296
node	441346636	59.9403050	10.7210270	Bunnpris Blindern	Bunnpris		supermarket	"Mo-Fr 07:00-21:00, Sa 11:00-18:00"					
node	441346639	59.9336850	10.7315990	Bunnpris Adamstuen	Bunnpris		supermarket	Mo-Fr 07:00-23:00; Sa-Su 08:00-23:00					+47 22608110
node	442359529	59.7350810	7.5524900	Joker Haukeligrend	Joker		supermarket	"Mo-Fr 09:00-20:00, Sa 09:00-18:00, Su 10:00-20:00"					+47 90921173
node	442368336	59.5440040	5.3542800	Kiwi Sveio	Kiwi		supermarket	Mo-Sa 07:00-23:00					+47 53741090
node	442666097	59.9263160	10.7153820	Extra Neuberggata	Extra		supermarket	Mo-Sa 07:00-23:00				https://www.coop.no/butikker/extra/extra-neuberggt-4239	+47 22 44 63 98
node	443655216	59.9273239	10.7186217	Kiwi Sorgenfrigata	Kiwi		supermarket	Mo-Sa 08:00-23:00					+47 23330555
node	443810828	65.8622110	13.1970740	Extra Halsøy	Extra		supermarket	Mo-Sa 07:00-23:00				https://www.coop.no/butikker/extra/extra-halsoy-1675	+47 94 84 88 20
node	443812895	60.0587370	10.8667660	Bunnpris Nittedal	Bunnpris		supermarket	"Mo-Fr 07:00-22:00, Sa 09:00-20:00"					+47 67072161
node	443815760	60.0095100	10.9217050	Coop Prix Slattum	Coop Prix		supermarket	"Mo-Fr 07:00-22:00, Sa 08:00-21:00"				https://www.coop.no/butikker/coop-prix/coop-prix-slattum-1111	+47 67 07 73 10
node	443815767	59.9969707	10.9182634	Coop Mega Hagan	Coop Mega		supermarket	"Mo-Fr 08:00-22:00, Sa 08:00-21:00"				https://www.coop.no/butikker/coop-mega/coop-mega-hagan-1092	+47 67 07 90 35
node	443840679	69.6355320	18.9347260	Rema 1000 Strandvegen	Rema 1000		supermarket	Mo-Sa 07:00-23:00					+47 77634800
node	444550798	69.6597600	18.9499450	Coop Prix Myreng Tromsø	Coop Prix		supermarket	"Mo-Fr 07:00-23:00, Sa-Su 09:00-23:00"				https://www.coop.no/butikker/coop-prix/coop-prix-myreng-tromso-2764	+47 97 40 69 50
node	444668324	58.9667490	5.7340926	7-Eleven Byterminalen	7-Eleven		convenience	Mo-Su 06:00-04:00					
node	444855624	59.3958095	5.3039496	Spar Spannaveien	Spar		supermarket	"Mo-Fr 07:00-22:00, Sa-Su 09:00-20:00"					+47 52712976
node	445595252	59.2243000	10.9891810	Rema 1000 Sellebakk	Rema 1000		supermarket	Mo-Sa 07:00-23:00					+47 69347860
node	446026715	58.0294290	7.4626910	Extra Øvrebyen	Extra		supermarket	Mo-Sa 07:00-23:00				https://www.coop.no/butikker/extra/extra-ovrebyen-3320	+47 90 51 88 92
node	446277980	60.4208954	10.5056074	Extra Brandbu	Extra		supermarket	"Mo-Sa 07:00-23:00, Su 09:00-21:00"				https://www.coop.no/butikker/extra/extra-brandbu-2742	+47 61 32 70 10
node	446526660	58.9754650	5.7113500	Bunnpris Bragetunet	Bunnpris		supermarket	"Mo-Fr 07:00-22:00, Sa 08:00-21:00"					+47 98635681
node	446526662	58.9879360	5.6934270	Extra Tasta	Extra		supermarket	Mo-Sa 07:00-23:00				https://www.coop.no/butikker/extra/extra-tasta-4939	+47 51 54 64 30
node	446596980	58.9527000	5.6809700	Coop Mega Madla	Coop Mega		supermarket	"Mo-Fr 08:00-22:00, Sa 09:00-21:00, Su 14:00-19:00"				https://www.coop.no/butikker/coop-mega/coop-mega-madla-4001	+47 51 93 30 00
node	447222389	58.0291860	7.4462910	Rema 1000 Vestnes sør	Rema 1000		supermarket	"Mo-Sa 07:00-23:00, Su 10:00-20:00"					+47 38266434
node	448094405	59.9307065	5.8610455	Lises Krambu			convenience						
node	448153609	59.9388167	10.7689582	Coop Mega Sandaker	Coop Mega		supermarket	"Mo-Fr 08:00-21:00, Sa 09:00-20:00"				https://www.coop.no/butikker/coop-mega/coop-mega-sandaker-4557	+47 22 22 00 40
node	448159870	59.4120700	5.2718100	Extra Helsehuset	Extra		supermarket	"Mo-Fr 07:00-23:00, Sa 08:00-21:00"				https://www.coop.no/butikker/extra/extra-helsehuset-2550	+47 96 09 23 40
node	448170643	59.8632691	5.7586137	Rema 1000 Husnes	Rema 1000		supermarket	Mo-Sa 07:00-23:00					+47 53471620
node	448618127	59.9134343	10.7722052	Marmaris Dagligvarer			convenience	Mo-Su 09:00-24:00					
node	448627213	59.2664818	10.4534418	Kiwi Råel	Kiwi		supermarket	Mo-Sa 07:00-23:00					+47 33414170
node	448627308	59.2800630	10.4639340	Kiwi Gauterød	Kiwi		supermarket	"Mo-Sa 06:00-24:00, Su 09:00-23:00"					+47 33327042
node	448931527	59.9089848	10.4776966	Kiwi Vøyenenga	Kiwi		supermarket	Mo-Sa 07:00-23:00					+47 67130213
node	449399560	58.9652070	5.7040620	Extra Eiganes	Extra		supermarket	Mo-Sa 07:00-23:00				https://www.coop.no/butikker/extra/extra-eiganes-4690	+47 51 56 70 60
node	449399618	58.9730560	5.7315750	Bunnpris Holmen	Bunnpris		supermarket	"Mo-Fr 07:00-23:00, Sa-Su 09:00-23:00"					
node	449399631	58.9702660	5.7347810	Extra Klubbgata	Extra		supermarket	Mo-Sa 06:00-24:00				https://www.coop.no/butikker/extra/extra-klubbgata-1309	+47 51 89 53 90
node	449399632	58.9706018	5.7318962	7-Eleven Skagen	7-Eleven		convenience	"Mo-Th 08:00-01:00, Fr 08:00-04:00, Sa 09:00-04:00, Su 09:00-01:00"					+47 51548820
node	450529504	60.5923350	5.3643240	Matkroken Hjelmås	Matkroken		supermarket	24/7				https://www.coop.no/butikker/coop-marked-matkroken/matkroken-hjelmas-4422	+47 56 35 30 15
node	450691871	59.6016691	5.2094631	Spar Bømlo	Spar		supermarket	"Mo-Fr 09:00-20:00, Sa 09:00-19:00"					+47 53424141
node	451010727	58.8848381	5.6465798	Coop Mega Sola	Coop Mega		supermarket	"Mo-Fr 07:00-22:00, Sa 08:00-21:00"				https://www.coop.no/butikker/coop-mega/coop-mega-sola-1281	+47 51 64 94 00
node	451658293	58.5399900	5.7476300	Coop Prix Brusand	Coop Prix		supermarket	"Mo-Fr 08:00-21:00, Sa 08:00-20:00"				https://www.coop.no/butikker/coop-prix/coop-prix-brusand-2762	+47 51 43 91 12
node	452042730	58.8311440	7.7980030	Joker Bygland	Joker		supermarket	"Mo-Fr 09:00-19:00, Sa 10:00-18:00"					+47 91904626
node	452042736	58.8319820	7.7941310	Matkroken Bygland	Matkroken		supermarket	"Mo-Sa 09:00-18:00, Su 13:00-18:00"				https://www.coop.no/butikker/coop-marked-matkroken/matkroken-bygland-4394	+47 37 93 52 85
node	452069556	58.5509750	8.9721910	Matkroken Kilsund	Matkroken		supermarket	"Mo 09:00-22:00, Tu 09:00-20:00, We-Fr 09:00-22:00, Sa 09:00-20:00, Su 10:00-18:00"				https://www.coop.no/butikker/coop-marked-matkroken/matkroken-kilsund-4509	+47 37 01 24 13
node	452556602	58.9701747	5.7533662	Extra Støperigården	Extra		supermarket	Mo-Sa 07:00-23:00				https://www.coop.no/butikker/extra/extra-stoperigarden-4268	+47 51 86 13 70
node	452562617	62.0847050	6.8690740	Coop Marked Hellesylt	Coop Marked		supermarket	"Mo-Fr 08:00-20:00, Sa 09:00-17:00"				https://www.coop.no/butikker/coop-marked-matkroken/coop-marked-hellesylt-1517	+47 97 99 52 65
node	452592751	61.9687810	6.5256970	Coop Prix Hornindal	Coop Prix		supermarket	"Mo-Fr 08:00-22:00, Sa 08:00-21:00"				https://www.coop.no/butikker/coop-prix/coop-prix-hornindal-1570	+47 97 99 15 43
node	452944087	58.9054235	5.7331515	Coop Mega Gausel	Coop Mega		supermarket	"Mo-Fr 08:00-22:00, Sa 08:00-20:00"				https://www.coop.no/butikker/coop-mega/coop-mega-gausel-4366	+47 51 80 24 55
node	453187943	63.1994760	9.7676490	Bunnpris Vormstad	Bunnpris		supermarket	"Mo-Fr 10:00-19:00, Sa 10:00-18:00"					+47 72489445
node	453470584	58.9653040	5.7280400	Extra Kannik	Extra		supermarket	Mo-Sa 07:00-23:00				https://www.coop.no/butikker/extra/extra-kannik-4794	+47 51 52 76 54
node	453470645	58.9661370	5.7311620	Joker Kannik	Joker		supermarket	"Mo-Fr 07:00-21:00, Sa-Su 10:00-21:00"					+47 47662161
node	454269328	59.1770330	10.3871690	Kiwi Kjøpmannskjær	Kiwi		supermarket	"Mo-Sa 07:00-23:00, Su 09:00-21:00"					+47 33407970
node	454630861	59.0439060	10.0615170	Meny Øya Larvik	Meny		supermarket	Mo-Sa 08:00-22:00					+47 33140100
node	456845027	58.0270735	7.4528899				supermarket						
node	456862949	58.9510060	7.6762810	Coop Marked Ose i Setesdal	Coop Marked		supermarket	24/7				https://www.coop.no/butikker/coop-marked-matkroken/coop-marked-ose-i-setesdal-2398	+47 94 80 57 58
node	457132692	59.4024920	5.2896070	Extra Karmsundgata	Extra		supermarket	Mo-Sa 07:00-23:00				https://www.coop.no/butikker/extra/extra-karmsundgata-4549	+47 90 47 61 55
node	459661774	62.6719970	6.2708130	Coop Prix Longva	Coop Prix		supermarket	"Mo-Fr 08:00-22:00, Sa 08:00-21:00"				https://www.coop.no/butikker/coop-prix/coop-prix-longva-2750	+47 97 99 53 05
node	460002868	58.1519564	8.0576936	Kiwi Søm	Kiwi		supermarket	"Mo-Fr 07:00-23:00, Sa 08:00-23:00"					+47 38046456
node	460002869	58.1476000	8.0656250	Extra Vardås	Extra		supermarket	Mo-Sa 07:00-23:00				https://www.coop.no/butikker/extra/extra-vardas-4957	+47 38 04 54 40
node	461253312	59.2519766	10.4162554	Meny Teie torg	Meny		supermarket	Mo-Sa 07:00-22:00					+47 33352060
node	461294420	59.2640294	10.4027759	Spar Kaldnes brygge	Spar		supermarket	"Mo-Fr 07:00-22:00, Sa 08:00-20:00"					+47 33310320
node	461302277	59.2402980	10.3928530	Kiwi Vestskogen	Kiwi		supermarket	Mo-Sa 07:00-23:00					+47 33320120
node	461709499	59.2634490	10.4142540	Rema 1000 Oseberg	Rema 1000		supermarket	Mo-Sa 07:00-23:00					+47 33310100
node	470664973	59.8782519	10.5047385	Meny Slependen	Meny		supermarket	"Mo-Fr 08:00-22:00, Sa 08:00-20:00"					+47 66778800
node	470665027	59.8543020	10.4882800	Coop Mega Holmen	Coop Mega		supermarket	"Mo-Fr 08:00-20:00, Sa 08:00-18:00"				https://www.coop.no/butikker/coop-mega/coop-mega-holmen-4317	+47 66 84 89 70
node	470665039	59.8625242	10.4881042	Rema 1000 Nesbru	Rema 1000		supermarket	"Mo-Fr 06:00-23:00, Sa 07:00-23:00"					+47 66981185
node	471563873	67.2835680	14.3764690	Rema 1000 Sentrumsgården	Rema 1000		supermarket	"Mo-Fr 07:00-23:00, Sa 08:00-22:00"					+47 90912014
node	472710853	61.2433768	10.4400956	Extra Hafjell	Extra		supermarket	"Mo-Sa 07:00-23:00, Su 09:00-21:00"				https://www.coop.no/butikker/extra/extra-hafjell-2431	+47 61 27 60 60
node	474797273	60.3580540	5.1220460	Rema 1000 Sartorparken	Rema 1000		supermarket	Mo-Sa 07:00-23:00					+47 56321600
node	476277206	61.1330230	11.3715460	Spar Rena	Spar		supermarket	"Mo-Fr 08:00-22:00, Sa 09:00-20:00"					+47 62443042
node	481413085	58.9583421	5.7397818	Lavpris			supermarket						
node	482314952	58.2329950	6.6683140	Nærbutikken Øyna	Nærbutikken		supermarket	Mo-Su 06:00-24:00					+47 96012849
node	482373823	58.2935950	6.6654340	Extra Flekkefjord	Extra		supermarket	Mo-Sa 07:00-23:00				https://www.coop.no/butikker/extra/extra-flekkefjord-1361	+47 46 85 94 33
node	482752387	59.9020900	10.7714360	Bunnpris Konowsgt	Bunnpris		supermarket	"Mo-Fr 08:00-23:00, Sa-Su 09:00-22:00"					+47 22681660
node	482992246	59.3517380	10.8757370	Rema 1000 Råde	Rema 1000		supermarket	Mo-Sa 07:00-23:00					+47 69280080
node	485597054	59.9204316	10.6366183	Kiwi Lilleaker	Kiwi		supermarket	Mo-Sa 07:00-23:00					+47 22520091
node	487113815	59.7378262	10.2029967	Kiwi Strømsø	Kiwi		supermarket	Mo-Sa 07:00-23:00				https://kiwi.no/finn-butikk/kiwi-361-stromso	+47 32832711
node	487113857	59.7387365	10.2023518	Extra Byhaven	Extra		supermarket	Mo-Sa 07:00-23:00				https://www.coop.no/butikker/extra/extra-byhaven-4646	+47 32 83 41 10
node	487130350	59.7344643	10.2067875	Kiwi XL Strømsø senter	Kiwi		supermarket	Mo-Sa 07:00-23:00					+47 32816000
node	487130503	59.7441555	10.2025001	Kiwi Øvre Storgate	Kiwi		supermarket	"Mo-Fr 07:00-23:00, Sa 08:00-23:00"					+47 32890986
node	487233125	59.9344761	10.6389443	Rema 1000 Vækerøveien	Rema 1000		supermarket	Mo-Sa 07:00-23:00					+47 24129270
node	488049033	59.7233931	11.0570420	Kiwi Ytre Enebakk	Kiwi		supermarket	"Mo-Fr 07:00-23:00, Sa 07:00-21:00"					+47 64928090
node	488337827	66.8229390	13.4086860	Coop Marked Meløy	Coop Marked		supermarket	"Mo-Fr 10:00-17:00, Sa 10:00-14:00"				https://www.coop.no/butikker/coop-marked-matkroken/coop-marked-meloy-1852	+47 75 75 11 52
node	488515689	60.7809120	10.6902980	Extra Kirkeby	Extra		supermarket	"Mo-Fr 07:00-23:00, Sa 08:00-21:00"				https://www.coop.no/butikker/extra/extra-kirkeby-4215	+47 61 13 81 88
node	488515691	60.7843310	10.6922350	Rema 1000 Kirkeby	Rema 1000		supermarket	Mo-Sa 07:00-23:00					+47 61109169
node	488515702	60.7935897	10.6948697	Kiwi Strandgata	Kiwi		supermarket	Mo-Sa 07:00-23:00					+47 61183360
node	490252214	60.0702130	6.5420210	Rema 1000 Sørfjordsenteret	Rema 1000		supermarket	"Mo-Sa 07:00-23:00, Su 11:00-19:00"				https://www.rema.no/butikker/vestland/odda/rema-1000-sorfjordsenteret/	+47 53641703
node	492691632	58.7674030	5.8602270	Kiwi Ålgård	Kiwi		supermarket	Mo-Sa 07:00-23:00					+47 51610097
node	492691664	58.7677530	5.8613320	Rema 1000 Ålgård	Rema 1000		supermarket	Mo-Sa 07:00-23:00					+47 51619150
node	492733016	58.7703615	5.8461155	Coop Mega Ålgård	Coop Mega		supermarket	"Mo-Fr 08:00-22:00, Sa 08:00-20:00"				https://www.coop.no/butikker/coop-mega/coop-mega-algard-1323	+47 51 61 20 00
node	493346155	59.7419515	10.2254211	Kiwi Brakerøya	Kiwi		supermarket	Mo-Sa 07:00-23:00					+47 32831518
node	493634074	60.2465479	9.3563247				supermarket						
node	493634080	60.2462580	9.3558610	Spar Eggedal	Spar		supermarket	24/7					+47 47683865
node	493634096	60.2664482	9.2675682				supermarket						
node	494458627	60.7957210	10.6898380	Rema 1000 Gjøvik sentrum	Rema 1000		supermarket	Mo-Sa 07:00-23:00					+47 61170100
node	495594061	69.6841490	19.0714960	Extra Kroken	Extra		supermarket	Mo-Sa 07:00-23:00				https://www.coop.no/butikker/extra/extra-kroken-1946	+47 95 23 28 05
node	496104751	59.9286260	10.5887140	Rema 1000 Nadderud	Rema 1000		supermarket	Mo-Sa 07:00-23:00					+47 67142996
node	496719459	58.8484521	5.7295392	Kiwi Jærveien	Kiwi		supermarket	Mo-Sa 07:00-23:00					+47 51620077
node	498324156	63.8736832	11.2903966	Coop Extra Straumen			convenience	"Mo-Fr 07:00-22:00, Sa 09:00-21:00"					
node	498351898	63.7909090	11.4859720	Bunnpris Verdal	Bunnpris		supermarket	"Mo-Fr 08:00-22:00, Sa 09:00-21:00, Su 11:00-21:00"					+47 47766398
node	498357492	63.7980760	11.1654010	Coop Marked Ytterøy	Coop Marked		supermarket	Mo-Sa 08:00-18:00				https://www.coop.no/butikker/coop-marked-matkroken/coop-marked-ytteroy-1599	+47 41 42 77 62
node	498433253	64.0095460	11.4943240	Rema 1000 Sørsia	Rema 1000		supermarket	Mo-Sa 07:00-23:00					+47 74146890
node	499321721	63.8161770	11.0044030	Coop Marked Mosvik	Coop Marked		supermarket	"Mo-Fr 08:00-20:00, Sa 08:00-19:00"				https://www.coop.no/butikker/coop-marked-matkroken/coop-marked-mosvik-1751	+47 99 29 26 12
node	499545346	63.8486090	11.4010690	Bunnpris Røra	Bunnpris		supermarket	"Mo-Fr 06:00-21:00, Sa 09:00-20:00"					+47 74154988
node	501798895	59.7052760	10.5115440	Rema 1000 Åros	Rema 1000		supermarket	"Mo-Fr 06:00-23:00, Sa 07:00-23:00"					+47 31282000
node	503034466	60.3172974	12.0156722	Joker Brandval	Joker		supermarket	"Mo-Fr 08:00-20:00, Sa 09:00-18:00"					+47 62825194
node	503535918	63.9187739	11.5944738	Vegmo			convenience						
node	503665847	64.2466110	12.3843090	Coop Prix Snåsa	Coop Prix		supermarket	"Mo-Fr 08:00-22:00, Sa 08:00-21:00"				https://www.coop.no/butikker/coop-prix/coop-prix-snasa-1692	+47 99 29 39 20
node	503716930	67.2769000	14.5063000	Coop Prix Hunstadmoen	Coop Prix		supermarket	"Mo-Fr 07:00-23:00, Sa 08:00-22:00"				https://www.coop.no/butikker/coop-prix/coop-prix-hunstadmoen-1878	+47 75 56 03 05
node	505401276	59.9161006	10.7148933	Meny Frogner	Meny		supermarket	"Mo-Fr 08:00-22:00, Sa 08:00-20:00"					+47 22795100
node	506025411	58.9354600	5.7424570	Rema 1000 Mariero	Rema 1000		supermarket	"Mo-Sa 07:00-23:00, Su 09:00-21:00"					+47 51589860
node	506226650	60.3853990	5.3219850	Bunnpris Welhavens gate	Bunnpris		supermarket	"Mo-Sa 08:00-22:00, Su 10:00-22:00"					+47 55595973
node	506321915	60.4557990	5.2953020	Kiwi Tertnes	Kiwi		supermarket	Mo-Sa 07:00-23:00				https://kiwi.no/	+47 55186900
node	506351646	62.5934660	9.6909180	Rema 1000 Oppdal	Rema 1000		supermarket	"Mo-Sa 07:00-23:00, Su 10:00-20:00"				https://www.aunasenteret.no/index.php/rema-1000	+47 72424010
node	507122710	63.4598873	8.0151230	Coop Prix Hopen	Coop Prix		supermarket	"Mo-Fr 08:00-21:00, Sa 08:00-20:00"				https://www.coop.no/butikker/coop-prix/coop-prix-hopen-1485	+47 97 99 48 95
node	509681871	60.1781730	10.2694960	Coop Mega Hønefoss	Coop Mega		supermarket	"Mo-Fr 07:00-22:00, Sa 08:00-21:00"					
node	510336311	63.9118650	11.1909330	Coop Marked Kjerknesvågen	Coop Marked		supermarket	Mo-Sa 00:00-24:00				https://www.coop.no/butikker/coop-marked-matkroken/coop-marked-kjerknesvagen-1605	+47 74 15 51 83
node	512549507	59.1716190	5.8763650	Extra Finnøy	Extra		supermarket	Mo-Sa 07:00-23:00				https://www.coop.no/butikker/extra/extra-finnoy-1229	+47 51 71 44 00
node	514392270	59.8756560	10.8429270	Kiwi Bogerud senter	Kiwi		supermarket	"Mo-Fr 07:00-23:00, Sa 08:00-21:00"					+47 22299355
node	514392418	59.8682110	10.8381660	Extra Skullerud	Extra		supermarket	Mo-Sa 07:00-23:00				https://www.coop.no/butikker/extra/extra-skullerud-4222	+47 22 28 29 92
node	514404563	61.7704600	9.5370973	Bunnpris Otta	Bunnpris		supermarket	"Mo-Sa 08:00-22:00, Su 11:00-21:00"					+47 61231650
node	514406577	59.7495929	10.0119942	Kiwi Mjøndalen	Kiwi		supermarket	Mo-Sa 07:00-23:00				https://kiwi.no/finn-butikk/kiwi-255-mjondalen	+47 32877504
node	514406989	59.7507720	10.0086430	Rema 1000 Mjøndalen	Rema 1000		supermarket	"Mo-Fr 06:00-23:00, Sa 07:00-23:00"				https://www.rema.no/butikker/buskerud/nedre-eiker/rema-1000-mjondalen/	+47 32877480
node	514407228	59.7494660	10.0151190	Extra Mjøndalen	Extra		supermarket	Mo-Sa 07:00-23:00				https://www.coop.no/butikker/extra/extra-mjondalen-4289	+47 32 23 77 12
node	515145557	59.0529029	10.0279955				convenience						
node	520299346	59.7641360	10.0781290	Kiwi Solbergelva	Kiwi		supermarket	Mo-Sa 07:00-23:00					+47 32872190
node	529635148	58.0963280	6.8049040	Rema 1000 Farsund	Rema 1000		supermarket	"Mo-Fr 07:00-22:00, Sa 08:00-20:00, Su 10:00-18:00"					+47 38397791
node	529924767	60.7764280	10.6760350	Rema 1000 Kopperud	Rema 1000		supermarket	Mo-Sa 07:00-23:00					+47 61172928
node	530200782	59.9984542	10.9182014	Kiwi Hagan	Kiwi		supermarket	Mo-Sa 07:00-23:00					+47 67061556
node	530364633	59.9284665	10.7623827	Extra Sannergata	Extra		supermarket	"Mo-Fr 07:00-24:00, Sa 08:00-24:00"				https://www.coop.no/butikker/extra/extra-sannergata-4234	+47 22 37 72 10
node	530890482	63.4318030	10.3923110	Rema 1000 Prinsens gate	Rema 1000		supermarket	Mo-Sa 07:00-23:00				https://www.rema.no/butikker/trondelag/trondheim/rema-1000-prinsensgate	+47 73536030
node	530915939	63.4331970	10.3999320	Rema 1000 Olav Tryggvasons gate	Rema 1000		supermarket	Mo-Sa 07:00-23:00				https://www.rema.no/butikker/sor-trondelag/trondheim/rema-1000-olav-tryggvasonsgate/	+47 73522949
node	532019151	63.4079854	10.3976133	Extra Tempe	Extra		supermarket	Mo-Sa 07:00-23:00				https://www.coop.no/butikker/extra/extra-tempe-4361	+47 73 94 56 11
node	532019436	63.4083218	10.3978226	7-Eleven Tempe	7-Eleven		convenience						
node	532751332	58.8841134	5.6525393	Extra Sola	Extra		supermarket	Mo-Sa 07:00-23:00				https://www.coop.no/butikker/extra/extra-sola-2607	+47 91 66 09 95
node	533963399	63.4086415	10.4684999	SiT Storkiosk Dragvoll		Studentsamskipnaden i Trondheim	convenience						
node	534003572	58.8950130	5.6548830				convenience						
node	534314868	62.4757466	6.0383919	Joker Godøy	Joker		supermarket	Mo-Sa 06:00-01:00				https://joker.no/finn-butikk/joker-godoy	+47 70185185
node	534906125	60.1860040	5.4683900	Extra Osøyro	Extra		supermarket	Mo-Sa 07:00-23:00				https://www.coop.no/butikker/extra/extra-osoyro-4590	+47 56 30 14 00
node	534908832	60.1838440	5.4746910	Kiwi Haugsneset	Kiwi		supermarket	Mo-Sa 07:00-23:00					+47 56307002
node	534913382	60.2045860	5.4494220	Meny Os	Meny		supermarket	"Mo-Fr 07:00-22:00, Sa 08:00-20:00"					+47 91895109
node	534914444	60.2022730	5.4572660	Extra Os	Extra		supermarket	"Mo-Fr 08:00-22:00, Sa 08:00-20:00"				https://www.coop.no/butikker/extra/extra-os-2494	+47 56 57 20 22
node	536492661	59.3051550	10.1769150	Meny Andebu	Meny		supermarket	"Mo-Fr 08:00-21:00, Sa 08:00-20:00"					+47 33430070
node	538028245	58.8336620	6.0560190	Coop Prix Oltedal	Coop Prix		supermarket	Mo-Sa 06:00-24:00				https://www.coop.no/butikker/coop-prix/coop-prix-oltedal-1253	+47 46 95 34 17
node	538473958	58.8565050	5.7142780	Rema 1000 Stangeland	Rema 1000		supermarket	Mo-Sa 07:00-23:00					+47 51680670
node	543383668	63.4213196	10.3932219	SiT Storkiosk Øya		Studentsamskipnaden i Trondheim	convenience						
node	543384179	59.9645180	5.9958850	Bunnpris Seimsfoss	Bunnpris		supermarket	"Mo-Fr 06:30-22:00, Sa 08:00-21:00, Su 11:00-18:00"					+47 53471618
node	544012239	62.6167350	9.4847990	Joker Festa	Joker		supermarket	"Mo-Th 09:00-18:00, Fr 09:00-19:00, Sa 09:00-17:00, Su 13:00-15:00"					+47 72423289
node	549393110	60.4248080	5.3052880	Spar Øyjorden	Spar		supermarket	"Mo-Fr 05:30-24:00, Sa 07:00-24:00"					+47 55951269
node	552112934	61.8483094	6.6107463				supermarket						
node	552248358	69.6476016	18.9550688	7-Eleven Tromsø	7-Eleven		convenience	24/7					+47 77678478
node	552248378	69.6453640	18.9932770	Eurospar Tromsdalen	Spar		supermarket	Mo-Sa 07:00-23:00					+47 77638150
node	554959514	59.2997230	9.1024410	Kiwi Lunde	Kiwi		supermarket	"Mo-Fr 07:00-23:00, Sa 08:00-21:00"					+47 35947088
node	560444619	59.8035020	5.5186430	Spar Haga	Spar		supermarket	"Mo-Fr 06:30-22:00, Sa 09:00-20:00"					+47 53404300
node	560517961	60.4859900	5.2715440	Kiwi Toppe	Kiwi		supermarket	Mo-Sa 07:00-23:00				https://kiwi.no/	+47 55180495
node	560517963	60.4864820	5.2688480	Rema 1000 Marikollen	Rema 1000		supermarket	Mo-Sa 07:00-23:00					+47 55187630
node	562818633	58.7732680	5.6300510	Rema 1000 Klepp	Rema 1000		supermarket	Mo-Sa 07:00-23:00					+47 51426690
node	565183120	59.1035323	5.8408757	Talgje Handel			supermarket	Mo-Th 09:30-16:00; Fr 09:30-18:00; Sa 09:30-15:00					+47 51712941
node	565183222	59.1668711	5.8083521				supermarket						
node	568089220	58.9933260	5.7440690	Extra Hundvåg	Extra		supermarket	Mo-Sa 07:00-23:00				https://www.coop.no/butikker/extra/extra-hundvag-2167	+47 51 55 27 77
node	568089372	59.0012440	5.7414380	Kiwi Hundvåg	Kiwi		supermarket	"Mo-Fr 07:00-23:00, Sa 09:00-23:00"					+47 51864165
node	568375080	59.9270387	10.8656110	Kiwi Trosterud	Kiwi		supermarket	Mo-Sa 07:00-23:00				https://kiwi.no/Finn-butikk/Kiwi-Trosterud/	+47 22304760
node	573359396	59.9256796	10.7301300	Extra Bislett	Extra		supermarket	Mo-Sa 07:00-23:00				https://www.coop.no/butikker/extra/extra-bislett-4694	+47 22 60 95 85
node	573359695	59.9231510	10.7328910	Coop Mega Bislett	Coop Mega		supermarket	"Mo-Fr 07:00-22:00, Sa 07:00-20:00"				https://www.coop.no/butikker/coop-mega/coop-mega-bislett-2704	+47 40 64 13 81
node	573810045	62.6464080	11.8657740	Coop Marked Brekken	Coop Marked		supermarket	"Mo-Fr 09:00-20:00, Sa 09:00-18:00"				https://www.coop.no/butikker/coop-marked-matkroken/coop-marked-brekken-1576	+47 94 87 31 00
node	576768780	59.2063050	10.9714780	Rema 1000 Fredrikstad øst	Rema 1000		supermarket	"Mo-Fr 07:00-23:00, Sa 08:00-21:00"					+47 46833597
node	578400150	59.7944230	5.5082160	Spar Ådland Stord	Spar		supermarket	"Mo-Fr 06:30-22:00, Sa 09:00-20:00"					+47 53412050
node	582868519	58.9627101	5.7301939	Coop Prix Våland	Coop Prix		supermarket	"Mo-Fr 08:00-22:00, Sa 09:00-21:00"				https://www.coop.no/butikker/coop-prix/coop-prix-valand-1303	+47 51 91 92 22
node	585171822	59.7617860	5.4536850	Rema 1000 Heiane	Rema 1000		supermarket	Mo-Sa 07:00-23:00					+47 53415535
node	585171824	59.7647570	5.4606300	Extra Stord	Extra		supermarket	"Mo-Fr 08:00-22:00, Sa 08:00-20:00"				https://www.coop.no/butikker/extra/extra-stord-1455	+47 90 16 85 91
node	590989250	58.9699110	5.7278750	Helgø Meny Herbarium	Meny		supermarket	"Mo-Fr 07:00-20:00, Sa 09:00-18:00"					+47 51505010
node	597611889	69.6840611	18.7991736	Extra Storelva	Extra		supermarket	Mo-Sa 07:00-23:00				https://www.coop.no/butikker/extra/extra-storelva-4955	+47 77 65 12 90
node	598622369	58.3732480	8.6725720	Joker Fevik	Joker		supermarket	"Mo-Sa 08:00-23:00, Su 10:00-23:00"					+47 37047460
node	601410889	61.3025818	12.2410905	Nærbutikken Trysilfjellet	Nærbutikken		supermarket	"Mo-Th 10:00-17:00, Fr-Sa 10:00-18:00, Su 10:00-16:00"					+47 92166957
node	602659618	59.8112824	10.2689917	Extra Tranby	Extra		supermarket	Mo-Sa 07:00-23:00				https://www.coop.no/butikker/extra/extra-tranby-2798	+47 32 22 98 00
node	603069464	59.1846641	8.0915634	Spar Fyresdal	Spar		supermarket	"Mo-Fr 07:00-21:00, Sa 08:00-20:00, Su 10:00-18:00"					+47 35041114
node	603353837	58.8259560	5.7560420	Rema 1000 Håbafjell	Rema 1000		supermarket	Mo-Sa 07:00-23:00					+47 51622277
node	603968875	59.8105810	10.7987350	Coop Mega Kolbotn	Coop Mega		supermarket	"Mo-Fr 08:00-21:00, Sa 08:00-19:00"				https://www.coop.no/butikker/coop-mega/coop-mega-kolbotn-1005	+47 66 81 82 00
node	603971278	59.7655762	10.8139059	Kiwi Oppegård	Kiwi		supermarket	Mo-Sa 07:00-23:00					+47 66803634
node	603972170	59.7171400	10.8361170	Meny Ski storsenter	Meny		supermarket	"Mo-Fr 09:00-21:00, Sa 09:00-19:00"					+47 64859900
node	603973378	59.7131320	10.8357180	Meny Ski	Meny		supermarket	"Mo-Fr 07:00-21:00, Sa 08:00-20:00"					+47 64878090
node	606174637	60.4245820	5.3033920	Rema 1000 Helleveien	Rema 1000		supermarket	"Mo-Fr 06:00-23:00, Sa 07:00-23:00"					+47 55330144
node	606686721	58.3818040	8.6756740	Meny Fevik	Meny		supermarket	"Mo-Fr 07:00-22:00, Sa 08:00-20:00"					+47 37294200
node	612849969	59.1645001	9.6632491	Extra Borgåsen	Extra		supermarket	Mo-Sa 07:00-22:00				https://www.coop.no/butikker/extra/extra-borgasen-4818	+47 35 50 94 00
node	615209026	59.9286410	10.7605860	Meny Ringnes park	Meny		supermarket	"Mo-Fr 08:00-22:00, Sa 08:00-21:00"				https://meny.no/Finn-butikk/MENY-Ringnes-Park/	+47 22387000
node	615209027	59.9219009	10.7572186	Kiwi Markveien	Kiwi		supermarket	Mo-Sa 07:00-23:00					+47 22376180
node	615323908	61.4486140	5.8884980	Extra Førde	Extra		supermarket	"Mo-Sa 07:00-23:00, Su 10:00-22:00"				https://www.coop.no/butikker/extra/extra-forde-2457	+47 57 83 44 40
node	618880655	59.9876620	6.0044230	Coop Prix Rosendal	Coop Prix		supermarket	"Mo-Fr 07:00-21:00, Sa 08:00-20:00"				https://www.coop.no/butikker/coop-prix/coop-prix-rosendal-4346	+47 53 48 42 20
node	619204918	59.8619987	5.7553686	Spar Husnes	Spar		supermarket	"Mo-Fr 07:00-23:00, Sa 08:00-21:00"					+47 53471644
node	619245219	60.7170649	11.1912126	Coop Mega Stange	Coop Mega		supermarket	"Mo-Fr 08:00-21:00, Sa 09:00-20:00"				https://www.coop.no/butikker/coop-mega/coop-mega-stange-2044	+47 62 57 45 00
node	619245341	60.7209900	11.1981790	Rema 1000 Stange	Rema 1000		supermarket	Mo-Sa 07:00-23:00					+47 62579240
node	619252771	60.8859596	11.5614108	Obs Elverum	Obs		supermarket	"Mo-Fr 07:00-22:00, Sa 07:00-20:00"				https://www.coop.no/butikker/obs/obs-elverum-2510	+47 62 43 18 00
node	624025145	67.3040650	14.7363500	Extra Tverlandet	Extra		supermarket	"Mo-Sa 07:00-23:00, Su 10:00-23:00"				https://www.coop.no/butikker/extra/extra-tverlandet-2627	+47 90 94 72 11
node	627809671	59.2742880	10.4251490	Meny Heimdal	Meny		supermarket	"Mo-Fr 08:00-23:00, Sa 08:00-22:00"					+47 33744650
node	628626611	63.4313330	10.4066360	Rema 1000 Bakklandet	Rema 1000		supermarket	Mo-Sa 07:00-23:00				https://www.rema.no/butikker/sor-trondelag/trondheim/rema-1000-bakklandet/	+47 73529610
node	628626613	63.4318100	10.4078190	Bunnpris Bakklandet	Bunnpris		supermarket	"Mo-Fr 07:00-23:00, Sa 09:00-22:00, Su 10:00-22:00"					
node	634886479	60.6304924	8.5636753	Rema 1000 Ålingen	Rema 1000		supermarket	"Mo-Sa 07:00-23:00, Su 09:00-21:00"					+47 32082800
node	638965229	59.5605675	10.4276719	Nærbutikken Holmsbu	Nærbutikken		supermarket	24/7					+47 32793307
node	638975288	59.9532750	10.9085980	Rema 1000 Haugenstua	Rema 1000		supermarket	Mo-Sa 07:00-23:00				https://butikk.rema.no/REMA+1000+Haugenstua/1013133	+47 22219240
node	638975291	59.9514701	10.9106039	Ugur			convenience						
node	638975296	59.9522100	10.9106120	Kiwi Haugenstua	Kiwi		supermarket	Mo-Sa 07:00-23:00					+47 22103219
node	639260077	59.1318850	10.2275800	Kiwi Museumsgata	Kiwi		supermarket	Mo-Sa 07:00-23:00					+47 33474715
node	641770043	59.9367890	10.6082460	Rema 1000 Lijordet	Rema 1000		supermarket	Mo-Sa 07:00-23:00					+47 67156600
node	643302208	59.9583800	10.6349960	Joker Røa	Joker		supermarket	Mo-Su 11:00-19:00					+47 94133837
node	648894420	63.4691120	10.9425700	Rema 1000 Husbyfaret	Rema 1000		supermarket	Mo-Sa 07:00-23:00				https://www.rema.no/butikker/trondelag/stjordal/rema-1000-husbyfaret/	+47 74822690
node	649990469	58.8494084	5.7391794				convenience	Mo-Fr 09:00-19:00; Sa 10:00-16:00					
node	652656580	59.1571880	5.2368030	Rema 1000 Skudenes	Rema 1000		supermarket	Mo-Sa 07:00-23:00					+47 52843300
node	653967334	60.3557920	5.2896420	Extra Løvås	Extra		supermarket	Mo-Sa 07:00-23:00				https://www.coop.no/butikker/extra/extra-lovas-4580	+47 55 16 02 12
node	656515222	59.9582328	11.0497723	Meny Lillestrøm	Meny		supermarket	"Mo-Fr 08:00-22:00, Sa 08:00-21:00"					+47 63890100
node	656525095	60.3507740	5.2446960	Kiwi Bjørgeveien	Kiwi		supermarket	Mo-Sa 07:00-23:00				https://kiwi.no/	+47 55266295
node	658843072	59.7464987	10.3920492	Spar Røyken	Spar		supermarket	"Mo-Fr 08:00-21:00, Sa 08:00-20:00"					+47 31292910
node	659682149	59.7538658	10.1376207	Meny Åssiden	Meny		supermarket	"Mo-Fr 07:00-22:00, Sa 08:00-20:00"				https://meny.no/Finn-butikk/MENY-Assiden/	+47 32254150
node	659682162	59.7528160	10.1465410	Extra Vårveien	Extra		supermarket	Mo-Sa 07:00-23:00				https://www.coop.no/butikker/extra/extra-varveien-2687	+47 95 00 95 50
node	659695925	59.7565990	10.1241920	Kiwi XL Ligosenteret	Kiwi		supermarket	Mo-Sa 07:00-23:00				https://kiwi.no/finn-butikk/kiwi-332-xl-ligosenteret	+47 32204530
node	659739166	59.7210380	10.2168640	Kiwi Austadveien	Kiwi		supermarket	Mo-Sa 07:00-23:00					+47 32812250
node	659905570	59.6638660	10.7932460	Kiwi Ås	Kiwi		supermarket	Mo-Sa 07:00-23:00					+47 64940438
node	660476611	69.6312463	18.9235768	Extra Bjerkaker	Extra		supermarket	Mo-Sa 07:00-23:00				https://www.coop.no/butikker/extra/extra-bjerkaker-2479	+47 95 09 12 85
node	661033599	63.7444190	11.2973150	Extra Sentrum Levanger	Extra		supermarket	Mo-Sa 07:00-23:00				https://www.coop.no/butikker/extra/extra-sentrum-levanger-1753	+47 95 17 26 99
node	663372598	60.0425320	5.5223250	Extra Tysnes	Extra		supermarket	"Mo-Sa 07:00-23:00, Su 11:00-19:00"				https://www.coop.no/butikker/extra/extra-tysnes-4674	+47 53 43 21 55
node	663574274	59.9634550	10.9064631	Rema 1000 Nedre Rommen	Rema 1000		supermarket	"Mo-Sa 07:00-23:00, Su 09:00-21:00"					+47 22216047
node	663624081	59.7752690	5.3929340	Kiwi Sagvåg	Kiwi		supermarket	Mo-Sa 07:00-23:00					+47 53403660
node	667379268	59.9571940	10.6728000	Coop Prix Besserud	Coop Prix		supermarket	"Mo-Fr 08:00-22:00, Sa 08:00-21:00"				https://www.coop.no/butikker/coop-prix/coop-prix-besserud-4278	+47 22 14 30 29
node	668029523	59.9610140	10.8842000	Rema 1000 Grorud	Rema 1000		supermarket	Mo-Sa 06:00-24:00					+47 22190200
node	668029525	59.9609120	10.8852930	Extra Grorud	Extra		supermarket	Mo-Sa 06:00-24:00				https://www.coop.no/butikker/extra/extra-grorud-2442	+47 22 82 10 10
node	669984216	61.0994350	10.5087210	Kiwi Røyslimoen	Kiwi		supermarket	Mo-Sa 07:00-23:00					+47 61251540
node	671863535	59.4444420	8.0072200	Joker Dalen	Joker		supermarket	Mo-Su 08:00-20:00					+47 35077128
node	671863547	59.4445880	8.0098570	Extra Dalen	Extra		supermarket	Mo-Sa 07:00-22:00				https://www.coop.no/butikker/extra/extra-dalen-1179	+47 35 07 71 17
node	671957823	58.5837320	6.0728740	Coop Prix Bjerkreim	Coop Prix		supermarket	"Mo-Fr 08:00-21:00, Sa 09:00-20:00"				https://www.coop.no/butikker/coop-prix/coop-prix-bjerkreim-1290	+47 45 91 16 37
node	672112598	60.6843420	11.3443670	Joker Vallset	Joker		supermarket	"Mo-Fr 07:00-20:00, Sa 09:00-18:00"				https://joker.no/finn-butikk/joker-vallset	+47 62587201
node	672667767	58.4609480	6.5384190	Kiwi Moi	Kiwi		supermarket	"Mo-Fr 07:00-23:00, Sa 08:00-21:00"					+47 51401985
node	672732091	58.2680740	7.9647680	Spar Bruvegen	Spar		supermarket	"Mo-Fr 08:00-21:00, Sa 09:00-20:00"					+47 38155237
node	674525254	58.1571170	7.0920398	Snarkjøp Lyngdal	Snarkjøp	Linni Helge Foss AS	convenience	Mo-Sa 06:00-18:00					
node	674525265	58.0984850	7.8155340	Extra Tangvall	Extra		supermarket	"Mo-Sa 07:00-23:00, Su 09:00-22:00"				https://www.coop.no/butikker/extra/extra-tangvall-2450	+47 91 33 82 28
node	674525276	58.1349473	7.8566075	Kiwi Brennåsen	Kiwi		supermarket	"Mo-Fr 07:00-23:00, Sa 08:30-23:00, Su 10:00-20:00"					+47 38182850
node	674525278	58.1383780	7.8557460	Rema 1000 Brennåsen	Rema 1000		supermarket	"Mo-Fr 06:00-23:00, Sa 07:00-23:00"					+47 38180980
node	674525286	58.1547015	7.8364062				supermarket						
node	674525536	58.2157700	7.9223100	Rema 1000 Mosby	Rema 1000		supermarket	Mo-Sa 07:00-23:00					+47 38113900
node	674525552	58.2375820	7.9392460	Joker Kvarstein	Joker		supermarket	"Mo-Fr 08:00-21:00, Sa-Su 09:00-21:00"					+47 38155588
node	676009690	58.8202932	5.7121096				supermarket						
node	676270645	59.7591500	10.5076760	Joker Nærsnes	Joker		supermarket	"Mo-Fr 07:00-20:00, Sa-Su 09:00-20:00"					+47 31281258
node	678290481	60.6257170	5.4730540	Rema 1000 Ostereidet senter	Rema 1000		supermarket	Mo-Sa 07:00-23:00					+47 56358250
node	678464937	59.9134699	10.6369021	Joker Lysaker stasjon	Joker		supermarket	"Mo-Fr 06:00-23:00, Sa-Su 08:00-23:00"					+47 47462915
node	678845955	59.2518390	10.4186940	Rema 1000 Teie	Rema 1000		supermarket	Mo-Sa 06:00-24:00				https://butikk.rema.no/REMA+1000+Teie/1065103	+47 33320225
node	678879440	59.2051413	10.4422019	Meny Nøtterøy	Meny		supermarket	"Mo-Fr 07:00-22:00, Sa 08:00-21:00"					+47 33304340
node	678879442	59.2206357	10.4423176	Kiwi Hjemseng	Kiwi		supermarket	Mo-Sa 07:00-23:00					+47 33304952
node	679052934	59.7678050	9.4444772	Blestølen daglivare og vintercamping			convenience						
node	679093457	59.2440470	10.4250890	Extra Nøtterøy	Extra		supermarket	Mo-Sa 07:00-23:00				https://www.coop.no/butikker/extra/extra-notteroy-4781	+47 94 82 24 04
node	680240583	59.2747820	10.4287550	Rema 1000 Tønsberg	Rema 1000		supermarket	Mo-Sa 07:00-23:00					+47 95337000
node	683493275	63.0110610	7.9760150	Bunnpris Aspøya	Bunnpris		supermarket	"Mo-Fr 08:00-21:00, Sa 09:00-20:00"					+47 71533440
node	684565287	59.2362310	10.4503170	Spar Føynland	Spar		supermarket	"Mo-Fr 07:00-21:00, Sa 09:00-20:00"					+47 33386104
node	686544452	59.3466352	5.2736527	Extra Øygarden	Extra		supermarket	Mo-Sa 07:00-23:00				https://www.coop.no/butikker/extra/extra-oygarden-4672	+47 52 83 33 05
node	689950926	59.7427330	10.1941760	Meny Union brygge	Meny		supermarket	"Mo-Fr 07:00-21:00, Sa 08:00-20:00"				https://meny.no/finn-butikk/meny-union-brygge/	+47 32221900
node	691538511	60.5091070	5.3476150	Spar Hylkje	Spar		supermarket	"Mo-Fr 06:00-22:00, Sa 08:00-20:00"					+47 55240384
node	692733990	58.8212530	5.7536770	Helgø Meny Bogafjell	Meny		supermarket	"Mo-Fr 07:00-22:00, Sa 08:00-21:00"					+47 51605500
node	692934426	58.5040870	5.8020020	Joker Sirevåg	Joker		supermarket	"Mo-We 09:00-17:00, Th-Fr 09:00-18:00, Sa 09:00-15:00"					+47 51438106
node	698666722	60.8624847	8.5546656	Spar Hemsedal	Spar		supermarket	"Mo-Fr 08:00-21:00, Sa 08:00-20:00"					+47 32055990
node	699634587	62.2728152	10.7746721	Spar Tynset	Spar		supermarket	"Mo-Fr 07:00-22:00, Sa 08:00-20:00"					+47 62480010
node	702283746	62.4319300	6.4132190	Kiwi Flisnes	Kiwi		supermarket	Mo-Sa 07:00-23:00					+47 70150888
node	703573955	59.8909242	10.6928407	Nakholmen dagligvare			convenience						
node	709087300	59.9100514	10.7640883	Rema 1000 Trelastgården	Rema 1000		supermarket	Mo-Sa 07:00-23:00				https://www.rema.no/	+47 22173107
node	709987329	63.4670048	10.9217468	Kiwi Mindes hus	Kiwi		supermarket	Mo-Sa 07:00-23:00					+47 74821958
node	714264572	68.4402390	17.4218270	Extra Frydenlund	Extra		supermarket	Mo-Sa 07:00-23:00				https://www.coop.no/butikker/extra/extra-frydenlund-2424	+47 91 69 59 33
node	715010960	59.9656590	10.7762330	Rema 1000 Kjelsås	Rema 1000		supermarket	"Mo-Fr 08:00-22:00, Sa 09:00-21:00"				https://www.rema.no/butikker/oslo/oslo/rema-1000-kjelsas	+47 22952185
node	717464461	63.4683884	10.9260760	Rema 1000 Stjørdal	Rema 1000		supermarket	Mo-Sa 07:00-23:00					+47 90297072
node	717464488	63.4673080	10.9423480	Extra Stjørdal	Extra		supermarket	Mo-Sa 07:00-23:00				https://www.coop.no/butikker/extra/extra-stjordal-2503	+47 40 00 12 77
node	718402833	63.4807820	10.9069890	Kiwi Holmen	Kiwi		supermarket	"Mo-Fr 07:00-23:00, Sa 09:00-21:00"					+47 74824390
node	719067409	66.8730208	13.7073639	Spar Ørnes	Spar		supermarket	"Mo-Fr 09:00-20:00, Sa 10:00-18:00"					+47 75754288
node	719067410	66.8724079	13.7054164	Extra Ørnes	Extra		supermarket	Mo-Sa 07:00-23:00				https://www.coop.no/butikker/extra/extra-ornes-2784	+47 75 75 40 44
node	720549385	67.2882620	14.4206450	Joker Reinslettveien	Joker		supermarket	"Mo-Fr 08:00-24:00, Sa-Su 10:00-24:00"					+47 75533186
node	728666982	58.9301096	9.5625347	Sjøbua Marina			convenience						
node	728666984	58.9305630	9.5631020	Spar Sjøbua Valle	Spar		supermarket	Mo-Su 06:00-24:00					+47 35961000
node	730569472	60.4331425	11.0665568	Spar Hurdal	Spar		supermarket	"Mo-Fr 07:00-21:00, Sa 08:00-20:00"					+47 63987171
node	732091494	60.6176030	11.2671458	Spar Tangen	Spar		supermarket	"Mo-Fr 07:00-22:00, Sa 09:00-20:00"					+47 62582215
node	732093427	60.7366580	11.2934520	Kiwi Romedal	Kiwi		supermarket	Mo-Sa 07:00-23:00					+47 62583549
node	732106755	60.9755160	10.7776490	Kiwi Næroset	Kiwi		supermarket	"Mo-Fr 07:00-23:00, Sa-Su 09:00-21:00"					+47 62346450
node	735069836	59.1503930	5.2576590	Extra Skudenes	Extra		supermarket	Mo-Sa 07:00-23:00				https://www.coop.no/butikker/extra/extra-skudenes-1279	+47 91 10 19 07
node	736166279	70.1730390	28.5537240	Coop Prix Varangerbotn	Coop Prix		supermarket	Mo-Sa 09:00-22:00				https://www.coop.no/butikker/coop-prix/coop-prix-varangerbotn-2745	+47 41 64 90 87
node	736926903	60.8031332	11.1286507	Kiwi Ridabu	Kiwi		supermarket	"Mo-Fr 07:00-23:00, Sa 07:00-21:00"					+47 62521712
node	736985117	59.1104040	10.9096550	Kiwi Vesterøy	Kiwi		supermarket	"Mo-Sa 07:00-23:00, Su 10:00-21:00"				https://kiwi.no/Finn-butikk/kiwi-403-vesteroy	+47 69377169
node	736985145	59.1109690	10.9114210	Extra Hvaler	Extra		supermarket	"Mo-Sa 07:00-23:00, Su 10:00-18:00"				https://www.coop.no/butikker/extra/extra-hvaler-2441	+47 69 37 66 70
node	738726644	59.9291370	10.8794630	Extra Lindebergåsen	Extra		supermarket	Mo-Sa 07:00-23:00				https://www.coop.no/butikker/extra/extra-lindebergasen-1096	+47 22 90 61 00
node	738926064	59.7326580	5.9330670	Spar Skånevik	Spar		supermarket	"Mo-Fr 08:00-21:00, Sa 08:00-20:00"					+47 53755381
node	740029665	59.4801830	11.6634100	Rema 1000 Ørje	Rema 1000		supermarket	"Mo-Sa 07:00-23:00, Su 10:00-18:00"					+47 69813110
node	743380830	59.9459017	10.7863356	Kiwi Grefsenveien	Kiwi		supermarket	Mo-Sa 07:00-23:00					+47 22712010
node	744656874	69.4720000	25.5141000	Extra Karasjok	Extra		supermarket	Mo-Sa 07:00-23:00				https://www.coop.no/butikker/extra/extra-karasjok-2829	+47 97 57 74 44
node	745686467	59.9473890	10.7740780	Coop Mega Storo	Coop Mega		supermarket	"Mo-Fr 09:00-22:00, Sa 09:00-20:00"				https://www.coop.no/butikker/coop-mega/coop-mega-storo-4312	+47 23 05 80 80
node	746247131	59.7292610	10.2054930	Extra Austad	Extra		supermarket	Mo-Sa 07:00-23:00				https://www.coop.no/butikker/extra/extra-austad-4335	+47 32 20 89 00
node	746872726	69.5999790	18.0432740	Joker Austein	Joker		supermarket	Mo-Sa 09:00-19:00					+47 77640520
node	748450622	58.5862367	7.8049572	Extra Evje	Extra		supermarket	"Mo-Sa 07:00-23:00, Su 10:00-18:00"					
node	748450783	58.5864160	7.8068520	Kiwi Evje	Kiwi		supermarket	"Mo-Sa 07:00-23:00, Su 10:00-18:00"					+47 37933080
node	752832280	64.9293680	13.1592430	Coop Prix Namsskogan	Coop Prix		supermarket	"Mo-Fr 09:00-21:00, Sa 09:00-20:00"				https://www.coop.no/butikker/coop-prix/coop-prix-namsskogan-2781	+47 90 47 60 36
node	755609469	59.4416390	10.6444220	Joker Jeløy	Joker		supermarket	"Mo-Sa 08:00-22:00, Su 09:00-22:00"					+47 48883223
node	756671968	69.9676160	19.6273660	Matkroken Hansnes	Matkroken		supermarket	"Mo-Fr 08:00-22:00, Sa 09:00-22:00"				https://www.coop.no/butikker/coop-marked-matkroken/matkroken-hansnes-4414	+47 77 74 75 85
node	759780616	59.2333337	10.9764390	Kiwi Lisleby	Kiwi		supermarket	Mo-Sa 07:00-23:00					+47 69397930
node	761663912	59.9286723	10.7674792	Joker Dælenenggata	Joker		supermarket	"Mo-Sa 07:00-24:00, Su 09:00-24:00"					+47 47463897
node	761693895	61.3023448	7.2082558				convenience						
node	763643436	60.3334250	5.3020130	Rema 1000 Bønes	Rema 1000		supermarket	Mo-Sa 07:00-23:00					+47 55123630
node	764624316	68.3281469	15.6198750	Matkroken Vestbygd	Matkroken		supermarket	"Mo-Th 10:00-17:00, Fr 10:00-18:00, Sa 10:00-16:00"				https://www.coop.no/butikker/coop-marked-matkroken/matkroken-vestbygd-4500	+47 76 93 53 33
node	766058674	61.1921070	7.2202850	Extra Kaupanger	Extra		supermarket	Mo-Sa 07:00-23:00				https://www.coop.no/butikker/extra/extra-kaupanger-2584	+47 97 99 12 72
node	767154301	66.0232130	12.6422620	Rema 1000 Sandnessjøen	Rema 1000		supermarket	Mo-Sa 07:00-23:00					+47 75040130
node	768510658	60.3130880	5.3569970	Kiwi Skjoldskiftet	Kiwi		supermarket	Mo-Sa 07:00-23:00				https://kiwi.no/	+47 55133691
node	769105135	62.6238120	7.0914770	Extra Vestnes	Extra		supermarket	Mo-Sa 07:00-23:00				https://www.coop.no/butikker/extra/extra-vestnes-2449	+47 97 99 52 40
node	770490697	59.8367300	10.4303430	Extra Askerholmen	Extra		supermarket	Mo-Sa 07:00-23:00				https://www.coop.no/butikker/extra/extra-askerholmen-4084	+47 66 90 11 80
node	771309584	61.2319940	7.1031530	Meny Sogndal	Meny		supermarket	"Mo-Fr 08:00-22:00, Sa 08:00-20:00, Su 10:00-21:00"					+47 57676950
node	771309586	61.2264400	7.1036260	Extra Sogndal	Extra		supermarket	Mo-Sa 07:00-23:00				https://www.coop.no/butikker/extra/extra-sogndal-2521	+47 97 99 14 60
node	771714830	59.8488160	10.7880910	Joker Ljan	Joker		supermarket	"Mo-Fr 07:00-21:00, Sa-Su 08:00-21:00"					+47 22612910
node	772212585	59.9421140	10.6725610	Extra Makrellbekken	Extra		supermarket	Mo-Sa 07:00-23:00				https://www.coop.no/butikker/extra/extra-makrellbekken-4326	+47 22 14 13 41
node	772327788	59.4178320	10.4815780	Kiwi Torggata Horten	Kiwi		supermarket	Mo-Sa 07:00-23:00					+47 33040273
node	772330839	59.4167942	10.4825781	Alfred Berg			convenience						
node	772330846	59.4170544	10.4829841	Rosalindas			convenience						
node	775308146	70.0307910	18.6559800	Matkroken Rebbenes	Matkroken		supermarket	"Mo-Fr 10:00-19:00, Sa 10:00-15:00"				https://www.coop.no/butikker/coop-marked-matkroken/matkroken-rebbenes-4458	+47 77 64 11 13
node	776053078	60.5899920	4.8408315	Spar Tjeldstø	Spar		supermarket	"Mo-Fr 08:00-21:00, Sa 09:00-20:00"					+47 90285778
node	777401088	59.8707454	10.5170196	Kiwi Nesøya	Kiwi		supermarket	Mo-Sa 08:00-21:00					+47 66847430
node	781287304	60.8087410	11.0878580	Spar Sannerud	Spar		supermarket	"Mo-Fr 07:00-21:00, Sa 09:00-20:00"					+47 62523644
node	786602111	60.4661920	7.0691230	Joker Eidfjord	Joker		supermarket	"Mo-Fr 09:00-21:00, Sa 09:00-18:00, Su 11:00-17:00"					+47 53665182
node	793505347	59.9143244	10.7486270	7-Eleven Youngstorget	7-Eleven		convenience	24/7					+47 22330347
node	794889271	60.3251140	6.6582310	Bunnpris Ullensvang	Bunnpris		supermarket	"Mo-Fr 08:00-20:00, Sa 09:00-18:00, Su 09:00-17:00"					+47 53661134
node	797354637	59.2695730	11.1624280	Rema 1000 Iseveien	Rema 1000		supermarket	"Mo-Sa 07:00-23:00, Su 10:00-21:00"					+47 69163955
node	797408900	59.9915580	11.0280560	Extra Brånåsen	Extra		supermarket	"Mo-Sa 07:00-23:00, Su 09:00-21:00"				https://www.coop.no/butikker/extra/extra-branasen-2703	+47 64 83 63 00
node	801256985	69.2179630	19.5571860	Extra Nordkjosbotn	Extra		supermarket	Mo-Sa 07:00-23:00				https://www.coop.no/butikker/extra/extra-nordkjosbotn-1945	+47 48 18 52 30
node	801256996	69.2162750	19.5548190	Rema 1000 Nordkjosbotn	Rema 1000		supermarket	Mo-Sa 07:00-23:00					+47 77720025
node	801772776	61.6955280	11.2132390	Joker Aasheim	Joker		supermarket	"Mo-Th 08:00-18:00, Fr 08:00-20:00, Sa 09:00-18:00, Su 11:00-17:00"					+47 62469160
node	802781784	69.0169090	19.4142610	Joker Holt	Joker		supermarket	"Mo-Fr 09:30-17:00, Sa 09:30-14:30"				https://joker.no/finn-butikk/joker-holt	+47 77838646
node	805981542	69.7685890	21.0040030	Spar Storslett	Spar		supermarket	Mo-Sa 07:00-23:00					+47 77764800
node	805981561	69.7692090	21.0240760	Extra Storslett	Extra		supermarket	Mo-Sa 07:00-23:00				https://www.coop.no/butikker/extra/extra-storslett-1954	+47 48 01 02 24
node	805981581	69.7682450	21.0079600	Rema 1000 Storslett	Rema 1000		supermarket	Mo-Sa 07:00-23:00					+47 77764868
node	806342360	58.4636260	8.8217010	Extra Tromøytunet	Extra		supermarket	Mo-Sa 07:00-23:00				https://www.coop.no/butikker/extra/extra-tromoytunet-1358	+47 90 24 75 33
node	807055741	68.3389036	16.8576744				convenience						
node	808488693	68.0975640	16.3786780	Coop Prix Kjøpsvik	Coop Prix		supermarket	Mo-Sa 08:00-20:00				https://www.coop.no/butikker/coop-prix/coop-prix-kjopsvik-1858	+47 91 69 95 05
node	808622553	59.7941560	5.7080940	Spar Sæbøvik	Spar		supermarket	Mo-Sa 06:00-23:00					+47 53476102
node	809251783	59.0216644	6.0435571	Bunnpris Jørpeland	Bunnpris		supermarket	"Mo-Fr 07:00-22:00, Sa 08:00-21:00, Su 10:00-21:00"					+47 94780490
node	810345669	61.4540150	10.1905250	Extra Fåvang	Extra		supermarket	"Mo-Sa 07:00-23:00, Su 11:00-19:00"				https://www.coop.no/butikker/extra/extra-favang-2478	+47 61 28 21 02
node	811371653	61.7730039	9.5389048	Kiwi Otta	Kiwi		supermarket	Mo-Sa 07:00-23:00					+47 61230211
node	811456612	59.7311810	5.6943350	Nærbutikken Fjelberg	Nærbutikken		supermarket	"Mo-Fr 09:00-17:00, Sa 10:00-14:00"				https://narbutikken.no/Finn-butikk/Narbutikken-Fjelberg/	+47 53478168
node	812456233	58.4613970	6.0134690	Rema 1000 Egersund	Rema 1000		supermarket	"Mo-Fr 06:00-23:00, Sa 07:00-23:00"					+47 51493806
node	814044736	59.9498570	10.7756400	Bunnpris Nydalen	Bunnpris		supermarket	"Mo-Fr 08:00-23:00, Sa-Su 09:00-23:00"					+47 22099950
node	816430628	59.9240801	10.7395830	Gutta på haugen			convenience	Mo-Su 08:00-19:00					
node	817669430	60.9059009	7.1862248	Spar Aurland	Spar		supermarket	"Mo-Fr 07:00-21:00, Sa 09:00-20:00, Su 11:00-18:00"					+47 57633108
node	818886048	67.1160620	15.0058040	Coop Marked Misvær	Coop Marked		supermarket	"Mo-Th 09:00-19:00, Fr 09:00-20:00, Sa 10:00-18:00"				https://www.coop.no/butikker/coop-marked-matkroken/coop-marked-misvaer-1897	+47 94 88 93 04
node	819301843	59.6648589	5.9373015	Coop Prix			supermarket						
node	819301852	59.6641420	5.9398320	Rema 1000 Etne	Rema 1000		supermarket	"Mo-Fr 08:00-22:00, Sa 09:00-20:00"					+47 53757800
node	819779922	60.8813300	11.5528840	Extra Vestad	Extra		supermarket	Mo-Sa 07:00-23:00				https://www.coop.no/butikker/extra/extra-vestad-4068	+47 62 41 12 07
node	820266720	60.5356440	8.8205400	Nærbutikken Myking Nesbyen	Nærbutikken		supermarket	"Mo-Th 09:00-17:00, Fr 09:00-20:00, Sa 09:00-17:00"					+47 32069433
node	820346114	59.0904370	10.2127640	Meny Granholmen	Meny		supermarket	"Mo-Fr 08:00-22:00, Sa 08:00-20:00"					+47 33454900
node	820818268	58.0846598	7.3027184	Spar Vigeland	Spar		supermarket	Mo-Sa 07:00-22:00					+47 38258808
node	821053409	62.3427380	5.8478910	Coop Mega Ulsteinvik	Coop Mega		supermarket	"Mo-Fr 08:00-22:00, Sa 08:00-20:00"				https://www.coop.no/butikker/coop-mega/coop-mega-ulsteinvik-1542	+47 97 99 12 90
node	821906744	58.0748987	7.8623109	Kiwi Langenes	Kiwi		supermarket	"Mo-Sa 07:00-22:00, Su 10:00-21:00"					+47 38166074
node	822174688	60.3853330	5.2710390	Rema 1000 Nygård	Rema 1000		supermarket	Mo-Sa 07:00-23:00				https://www.rema.no/	+47 55947730
node	823298276	58.0224673	7.4515502	Meny Mandal	Meny		supermarket	"Mo-Fr 07:00-22:00, Sa 08:00-20:00"					+47 38273900
node	823371189	58.1688760	7.5509800	Joker Øyslebø	Joker		supermarket	"Mo-Fr 08:30-19:00, Sa 09:00-18:00"					+47 38288210
node	825192361	58.5626250	7.7724100	Joker Dåsnes	Joker		supermarket	"Mo-Fr 09:00-20:00, Sa 09:00-18:00"					+47 37930600
node	826216726	58.9712771	5.7405448	Spar Express	Spar		convenience						
node	826336310	59.4040688	5.2881604	Meny Karmsundgata	Meny		supermarket	"Mo-Fr 07:00-22:00, Sa 08:00-20:00"					+47 52804500
node	827324821	59.8975273	10.8136514	Extra Manglerud senter	Extra		supermarket	"Mo-Fr 08:00-21:00, Sa 09:00-19:00"				https://www.coop.no/butikker/extra/extra-manglerud-senter-4075	+47 23 12 61 60
node	827324822	59.8976380	10.8143100	Meny Manglerud	Meny		supermarket	"Mo-Fr 08:00-21:00, Sa 09:00-19:00"					+47 22757700
node	827643003	58.9077230	6.8549650	Joker Sinnes	Joker		supermarket	"Mo-Fr 09:00-21:00, Sa 09:00-18:00, Su 11:00-21:00"					+47 38371241
node	827692538	60.4667680	7.0677020	Coop Prix Eidfjord	Coop Prix		supermarket	"Mo-Fr 08:00-20:00, Sa 09:00-18:00"				https://www.coop.no/butikker/coop-prix/coop-prix-eidfjord-2842	+47 53 66 51 86
node	828242615	59.4148280	5.2672190	Rema 1000 Bytunet	Rema 1000		supermarket	"Mo-Fr 07:00-23:00, Sa 07:00-21:00"					+47 52717850
node	830637397	61.3415167	9.7698684	Nærbutikken Svatsum	Nærbutikken		supermarket	24/7					+47 61229012
node	830717609	59.4136970	5.2690900	Joker Haugesund	Joker		supermarket	"Mo-Fr 07:00-24:00, Sa-Su 09:00-24:00"					+47 90994431
node	831362437	59.0715990	10.1961910				supermarket						
node	832881771	61.8361660	6.8079270	Coop Prix Olden	Coop Prix		supermarket	24/7					
node	832881879	61.8521600	6.6144370	Coop Prix Innvik	Coop Prix		supermarket	24/7				https://www.coop.no/butikker/coop-prix/coop-prix-innvik-4051	+47 57 87 42 09
node	835681556	61.9677067	6.5254155	Spar Hornindal	Spar		supermarket	Mo-Fr 08:00-21:00; Sa 09:00-20:00					+47 57879429
node	835712330	60.2399198	5.7472013	Spar Eikelandsosen	Spar		supermarket	"Mo-Fr 08:00-21:00, Sa 09:00-20:00"					+47 56580090
node	835712381	60.2408720	5.7441880	Bunnpris Eikelandsosen	Bunnpris		supermarket	"Mo-Fr 08:00-21:00, Sa 09:00-20:00"					+47 56581245
node	835770302	62.7409770	7.1974460	Rema 1000 Fuglset	Rema 1000		supermarket	Mo-Sa 07:00-23:00					+47 71254989
node	835801224	59.5435580	5.3549270	Extra Sveio	Extra		supermarket	Mo-Sa 07:00-23:00				https://www.coop.no/butikker/extra/extra-sveio-4601	+47 53 74 04 30
node	836487366	61.9030060	6.7195970	Kiwi Stryn	Kiwi		supermarket	"Mo-Sa 07:00-23:00, Su 09:00-21:00"					+47 57870300
node	836487599	61.8376780	6.4632070	Coop Marked Fjelli	Coop Marked		supermarket	"Mo-Fr 13:00-17:00, Sa 10:00-15:00"				https://www.coop.no/butikker/coop-marked-matkroken/coop-marked-fjelli-1569	+47 45 89 23 53
node	837952393	61.8406200	8.5740650	Kiwi Lom	Kiwi		supermarket	"Mo-Fr 07:00-23:00, Sa 08:00-21:00, Su 10:00-18:00"					+47 61211076
node	839244289	69.6783003	18.9446408	Extra Håpet	Extra		supermarket	Mo-Sa 07:00-23:00				https://www.coop.no/butikker/extra/extra-hapet-2896	+47 90 68 24 60
node	840277832	60.7020160	8.9611990	Rema 1000 Gol	Rema 1000		supermarket	"Mo-Sa 07:00-23:00, Su 09:00-21:00"					+47 32074565
node	840542886	63.4351749	10.4114171	Meny Solsiden	Meny		supermarket	"Mo-Fr 08:00-22:00, Sa 09:00-20:00"				https://meny.no/Finn-butikk/MENY-Solsiden/	+47 73831450
node	840560767	59.9379660	10.7642296	Sultan			convenience						
node	840642671	61.9143220	8.0927350	Coop Prix Bruvoll	Coop Prix		supermarket	Mo-Su 00:01-24:00				https://www.coop.no/butikker/coop-prix/coop-prix-bruvoll-2802	+47 99 21 16 45
node	840678674	61.8755900	8.3885640	Bunnpris Bismo	Bunnpris		supermarket	"Mo-Fr 08:00-21:00, Sa 08:00-19:00"					+47 61214382
node	840783031	60.1798956	9.6257281	Kiwi Noresund	Kiwi		supermarket	"Mo-Sa 07:00-23:00, Su 09:00-21:00"				https://kiwi.no/Finn-butikk/kiwi-526-noresund/	+47 32148800
node	845125931	58.1736820	8.0916820	Coop Prix Hånni	Coop Prix		supermarket	"Mo-Fr 08:00-22:00, Sa 08:00-21:00"				https://www.coop.no/butikker/coop-prix/coop-prix-hanni-4726	+47 38 05 89 99
node	845125932	58.1810498	8.0889773	Kiwi Hånes	Kiwi		supermarket	Mo-Sa 07:00-23:00					+47 38043705
node	845163636	59.1411091	10.1791767	Rema 1000 Pindsle	Rema 1000		supermarket	"Mo-Fr 07:00-23:00, Sa 08:00-20:00"					+47 33479350
node	845163729	59.1376170	10.1787810	Meny Pindsle	Meny		supermarket	"Mo-Fr 08:00-21:00, Sa 08:00-20:00"					+47 33426090
node	845711998	59.8872110	10.5005399	Kiwi Slependen	Kiwi		supermarket	Mo-Sa 07:00-23:00					+47 67548578
node	845912318	60.4110730	8.4411000	Joker Dagali	Joker		supermarket	24/7				https://joker.no/finn-butikk/joker-dagali	+47 90258040
node	846569735	61.2486430	8.9071240	Spar Beitostølen	Spar		supermarket	"Mo-Sa 08:00-22:00, Su 09:00-20:00"				https://spar.no/Finn-butikk/spar-beitostolen/	+47 61352320
node	847027215	69.6850030	19.0035470	Extra Isrenna	Extra		supermarket	Mo-Sa 07:00-23:00				https://www.coop.no/butikker/extra/extra-isrenna-4555	+47 77 64 77 10
node	847027217	69.6931680	19.0013730	Extra Stakkevollan	Extra		supermarket	Mo-Sa 07:00-23:00				https://www.coop.no/butikker/extra/extra-stakkevollan-1951	+47 97 58 70 44
node	847431218	62.4724250	6.2403130	Eurospar Larsgården	Spar		supermarket	"Mo-Fr 07:00-23:00, Sa 09:00-23:00"					+47 70121000
node	848697624	62.7363470	7.1578180	Bunnpris Molde sentrum	Bunnpris		supermarket	"Mo-Fr 08:00-21:00, Sa 08:00-19:00"					+47 71251669
node	848697625	62.7447480	7.1986900	Bunnpris & Gourmet Fuglset	Bunnpris		supermarket	"Mo-Fr 07:00-23:00, Sa 08:00-23:00, Su 10:00-23:00"					+47 71191700
node	848697626	62.7383100	7.1653360	Bunnpris Romsdalsgata	Bunnpris		supermarket	"Mo-Fr 07:30-21:00, Sa 09:00-21:00, Su 10:00-21:00"					+47 71218440
node	848779622	60.4599650	5.4375380	Coop Prix Ytre Arna	Coop Prix		supermarket	"Mo-Fr 07:00-22:00, Sa 09:00-20:00"				https://www.coop.no/butikker/coop-prix/coop-prix-ytre-arna-1461	+47 55 24 80 11
node	848962266	60.9562340	10.6098630	Kiwi Biri	Kiwi		supermarket	Mo-Sa 07:00-23:00					+47 61146800
node	848962270	60.9553652	10.6097123	Extra Biri	Extra		supermarket	Mo-Sa 07:00-23:00				https://www.coop.no/butikker/extra/extra-biri-2006	+47 61 18 53 86
node	849506270	59.9342870	10.7808304	Bunnpris Sinsen	Bunnpris		supermarket	"Mo-Fr 08:00-23:00, Sa-Su 09:00-22:00"					+47 23394220
node	849847303	59.9101682	10.7053994	Kongen marina			convenience						
node	850811996	58.0271140	7.4754520	Rema 1000 Skinsnes	Rema 1000		supermarket	"Mo-Sa 07:00-23:00, Su 10:00-20:00"					+47 38263050
node	850813080	58.0261300	7.4660690	Extra Malmø	Extra		supermarket	Mo-Sa 07:00-23:00				https://www.coop.no/butikker/extra/extra-malmo-1344	+47 90 58 34 67
node	850815604	58.0283860	7.4594970	Rema 1000 Mandal	Rema 1000		supermarket	"Mo-Fr 08:00-21:00, Sa 08:00-20:00, Su 10:00-16:00"					+47 38260555
node	853490998	59.9329429	10.7695397	Extra Vossegata	Extra		supermarket	Mo-Sa 07:00-23:00				https://www.coop.no/butikker/extra/extra-vossegata-4225	+47 23 39 46 10
node	853853588	68.1548209	14.2038513	Mix Joh Malnes Handleri	Mix		convenience	Mo-Sa 10:00-21:00; Su 11:00-21:00					
node	854462005	59.9323330	10.7656960	Bunnpris President	Bunnpris		supermarket	Mo-Su 09:00-23:00					+47 95152434
node	855234593	62.1826871	6.0843933	Spar Hovdebygda	Spar		supermarket	"Mo-Fr 08:00-21:00, Sa 09:00-20:00"					+47 70067403
node	855526074	59.6816810	10.5256620	Extra Sætre	Extra		supermarket	Mo-Sa 07:00-23:00				https://www.coop.no/butikker/extra/extra-saetre-1160	+47 32 79 10 06
node	855544678	58.0341600	7.4240810	Snarkjøp Skjebstad	Snarkjøp		convenience						+47 38 26 77 66
node	855596913	58.1114710	7.9529800	Meny Vågsbygd	Meny		supermarket	"Mo-Fr 08:00-22:00, Sa 08:00-20:00"					+47 38001010
node	855599296	58.1067660	7.9599080	Rema 1000 Voiebyen	Rema 1000		supermarket	Mo-Sa 07:00-23:00					+47 38085268
node	855603680	58.0763630	7.9992050	Kiwi Flekkerøy	Kiwi		supermarket	Mo-Sa 07:00-23:00					+47 38025901
node	857600707	58.6807339	8.8214694	Snarkjøp Ubergsmoen	Snarkjøp		convenience						+47 952 55 088
node	857601392	58.7549178	8.9082515				convenience						
node	859203081	60.9250429	11.6248670	Grinda handel			convenience						
node	859295408	60.9012647	11.5605833	Spar Søbakken	Spar		supermarket	"Mo-Fr 07:00-22:00, Sa 07:00-20:00"					+47 62419690
node	860692661	62.0912260	11.6513647	Sømådal landhandel			convenience						
node	861277443	59.9351494	10.7647885	7-Eleven Torshov	7-Eleven		convenience	24/7					+47 22713860
node	861353151	59.0283500	11.0326510	Kiwi Skjærhalden	Kiwi		supermarket	"Mo-Sa 07:00-23:00, Su 07:00-22:00"				https://kiwi.no/Finn-butikk/kiwi-511-skjarhalden	+47 69379076
node	861995335	78.0657764	14.2205897				supermarket						
node	863690028	59.9532640	10.7292770	Rema 1000 Sogn	Rema 1000		supermarket	Mo-Sa 07:00-23:00					+47 23009019
node	866259131	59.9133980	10.7998810	Kiwi Etterstad	Kiwi		supermarket	Mo-Sa 07:00-23:00					+47 22656250
node	868458598	59.9150247	10.7889172	Kiwi Ensjø	Kiwi		supermarket	Mo-Sa 07:00-23:00					+47 23300940
node	868459581	59.9150810	10.7877290	Rema 1000 Ensjø	Rema 1000		supermarket	Mo-Sa 06:30-23:00				https://www.rema.no/butikker/oslo/oslo/rema-1000-ensjo	+47 22570430
node	868804577	59.6636793	10.7934292	NT Kiosk			convenience						
node	869565653	62.7339147	7.1392179	Rema 1000 Reknes	Rema 1000		supermarket	Mo-Sa 07:00-23:00					+47 71216725
node	869565659	62.7396285	7.1395921	Coop Mega Bekkevoll	Coop Mega		supermarket	"Mo-Fr 08:00-22:00, Sa 09:00-20:00"				https://www.coop.no/butikker/coop-mega/coop-mega-bekkevoll-4372	+47 71 20 14 60
node	871720653	58.8680200	9.4142390	Kiwi Kragerø	Kiwi		supermarket	"Mo-Fr 07:00-23:00, Sa 08:00-23:00, Su 10:00-21:00"					+47 35980264
node	872454196	70.6127920	24.6473700	Nærbutikken Kokelv	Nærbutikken	Masteren Handel A/S	supermarket	Mo-Su 07:00-23:00				https://narbutikken.no/Finn-butikk/Narbutikken-Kokelv	+47 94780826
node	872454232	69.6747822	20.4981827	Service-Mat Nordmannvik			convenience	Mo-Fr 09:00-16:00;Sa 09:00-14:00;Su off					
node	872454318	59.6954810	8.0650840	Extra Rauland	Extra		supermarket	"Mo-Sa 07:00-22:00, Su 10:00-19:00"				https://www.coop.no/butikker/extra/extra-rauland-1181	+47 35 06 30 40
node	872454326	63.0463110	9.7132220	Spar Meldal	Spar		supermarket	"Mo-Fr 08:00-21:00, Sa 09:00-20:00"					+47 72497424
node	872454353	69.5746723	20.2068182	Extra Lyngseidet	Extra		supermarket	Mo-Sa 07:00-22:00				https://www.coop.no/butikker/extra/extra-lyngseidet-1964	+47 91 14 15 04
node	872454654	70.4318800	24.5047290	Nærbutikken Skaidi	Nærbutikken		supermarket	"Mo-Fr 08:00-22:00, Sa 09:00-22:00, Su 10:00-22:00"					+47 78416201
node	872454675	69.7255156	20.5259908	Djupvik - Nordmannvik S-lag			convenience	Mo-Th 09:00-16:30; Fr 09:00-17:30;Sa 10:00-13:00; Su off					
node	872454688	63.9862100	11.1092710	Coop Marked Follafoss	Coop Marked		supermarket	"Mo-Fr 09:00-20:00, Sa 09:00-18:00"				https://www.coop.no/butikker/coop-marked-matkroken/coop-marked-follafoss-1585	+47 46 90 73 20
node	872454696	70.9967000	24.6601000	Coop Prix Havøysund	Coop Prix		supermarket	"Mo-Fr 08:00-20:00, Sa 09:00-18:00"				https://www.coop.no/butikker/coop-prix/coop-prix-havoysund-1970	+47 78 42 47 60
node	872454701	65.7015492	12.4419782	Coop Marked Vevelstad	Coop Marked		supermarket	"Mo-Fr 09:30-18:00, Sa 10:00-15:00"				https://www.coop.no/butikker/coop-marked-matkroken/coop-marked-vevelstad-1755	+47 75 03 71 89
node	874003015	62.7881650	7.5362030	Kiwi Skjevik	Kiwi		supermarket	Mo-Sa 07:00-23:00					+47 71251400
node	874070441	60.9091970	10.8142120	Obs Rudshøgda	Obs		supermarket	"Mo-Fr 08:00-22:00, Sa 08:00-20:00"					
node	875596957	59.0006270	10.0349100	Meny Stavern	Meny		supermarket	"Mo-Fr 07:00-22:00, Sa 07:00-20:00, Su 10:00-18:00"					+47 33197250
node	876210762	59.0959216	7.5300795	Coop Prix Hylestad	Coop Prix		supermarket	"Mo-Fr 08:00-21:00, Sa 08:00-20:00, Su 12:00-18:00"				https://www.coop.no/butikker/coop-prix/coop-prix-hylestad-1340	+47 94 81 95 46
node	876402802	59.9915620	8.7442970	Spar Atrå	Spar		supermarket	24/7					+47 35098900
node	876402823	60.1256325	8.6848488	Snarkjøp Tessungdalen	Snarkjøp	Gavlen Fjellhandel AS	convenience						
node	877053687	58.4459960	8.7567570	Joker Hisøy	Joker		supermarket	"Mo-Fr 08:00-21:00, Sa-Su 10:00-21:00"					+47 37010680
node	877245778	60.6224530	8.1535250	Matkroken Sunhov	Matkroken		supermarket	"Mo-Th 10:00-18:00, Fr 10:00-20:00, Sa 10:00-18:00, Su 10:00-16:00"					
node	877667691	63.7492093	11.3023460	Kiwi Kirkegata Levanger	Kiwi		supermarket	Mo-Sa 07:00-23:00					+47 74096085
node	884261358	59.6722916	9.6490336	Coop Mega Berjasenteret	Coop Mega		supermarket	"Mo-Fr 08:00-21:00, Sa 08:00-20:00"				https://www.coop.no/butikker/coop-mega/coop-mega-berjasenteret-4301	+47 32 29 93 00
node	884734166	59.6485180	6.3500890	Bunnpris Sauda	Bunnpris		supermarket	"Mo-Fr 07:00-22:00, Sa 08:00-20:00"					+47 52780000
node	884734236	59.6502120	6.3547450	Kiwi Sauda	Kiwi		supermarket	"Mo-Fr 08:00-22:00, Sa 08:00-21:00"					+47 52785880
node	886273824	60.5340630	8.2080560	Rema 1000 Geilo	Rema 1000		supermarket	"Mo-Fr 07:00-23:00, Sa 08:00-21:00, Su 09:00-21:00"					+47 32089900
node	886391253	60.6268580	6.4358780	Nærbutikken Haugamoen Dyrdal	Nærbutikken		supermarket	"Mo-Fr 08:00-20:00, Sa 08:00-18:00, Su 11:00-18:00"					+47 56511795
node	886557025	60.5518202	5.7388106	Coop Marked Stanghelle	Coop Marked		supermarket	"Mo-Fr 08:00-20:00, Sa 09:00-18:00"				https://www.coop.no/butikker/coop-marked-matkroken/coop-marked-stanghelle-1370	+47 56 59 50 35
node	886557225	60.2843760	5.2513410	Extra Blomsterdalen	Extra		supermarket	"Mo-Fr 06:30-22:00, Sa 09:00-20:00"				https://www.coop.no/butikker/extra/extra-blomsterdalen-2461	+47 55 98 80 70
node	886580269	68.1488189	13.6181822	Extra Leknes	Extra		supermarket	Mo-Sa 07:00-23:00				https://www.coop.no/butikker/extra/extra-leknes-2473	+47 94 88 60 20
node	892322150	63.2862160	10.2676990	Rema 1000 Gaula	Rema 1000		supermarket	Mo-Sa 07:00-23:00					+47 72871780
node	892322160	63.2853920	10.2804150	Rema 1000 Melhus torg	Rema 1000		supermarket	Mo-Sa 07:00-23:00					+47 72878710
node	892392755	61.9869470	9.2482960	Coop Prix Dovre	Coop Prix		supermarket	"Mo-Fr 07:00-21:00, Sa 08:00-20:00"				https://www.coop.no/butikker/coop-prix/coop-prix-dovre-2772	+47 61 24 01 54
node	892477111	63.5536060	10.2222570	Coop Prix Vanvikan	Coop Prix		supermarket	"Mo-Fr 07:00-22:00, Sa 08:00-21:00"				https://www.coop.no/butikker/coop-prix/coop-prix-vanvikan-1620	+47 46 83 32 90
node	892946486	64.8648030	11.6048330	Extra Kolvereid	Extra		supermarket	Mo-Sa 07:00-23:00				https://www.coop.no/butikker/extra/extra-kolvereid-1609	+47 93 48 51 00
node	893213480	67.2978472	14.3983157	Bunnpris Rønvik			supermarket						
node	893329130	68.5682940	14.9122810	Coop Prix Stokmarknes	Coop Prix		supermarket	Mo-Sa 07:00-23:00				https://www.coop.no/butikker/coop-prix/coop-prix-stokmarknes-2426	+47 90 74 02 85
node	893514235	68.6910620	15.4187470	Rema 1000 Sjøgata	Rema 1000		supermarket	"Mo-Sa 07:00-23:00, Su 10:00-22:00"					+47 76120320
node	893517741	69.1362630	15.6768870	Snarkjøp Nordmela	Snarkjøp	Nordmela Landhandleri & Kafe AS	convenience	24/7				https://www.nordmelalandhandleri.no/	
node	893533723	69.9389889	22.0509623	Coop Prix Burfjord	Coop Prix		supermarket	"Mo-Fr 08:00-22:00, Sa 09:00-22:00"				https://www.coop.no/butikker/coop-prix/coop-prix-burfjord-1998	+47 97 73 22 47
node	894756835	69.8415340	21.8567780	Matkroken Sørstraumen	Matkroken		supermarket	"Mo-Fr 09:00-20:00, Sa 09:00-18:00"				https://www.coop.no/butikker/coop-marked-matkroken/matkroken-sorstraumen-4484	+47 77 76 99 10
node	894862282	69.9539390	23.2143490	Extra Gakori	Extra		supermarket	Mo-Sa 07:00-23:00				https://www.coop.no/butikker/extra/extra-gakori-2001	+47 97 68 15 73
node	897978711	59.4211060	10.6766110	Kiwi Melløs	Kiwi		supermarket	Mo-Sa 07:00-23:00				https://kiwi.no/Finn-butikk/kiwi-546-mellos	+47 69251880
node	899286406	70.9805570	25.9776120	Extra Honningsvåg	Extra		supermarket	"Mo-Fr 07:00-23:00, Sa 08:00-22:00, Su 12:00-20:00"					
node	907854644	59.6636400	9.6472670	Extra Kongsberg	Extra	Extra Kongsberg	supermarket	Mo-Sa 07:00-23:00				https://www.coop.no/butikker/extra/extra-kongsberg-2446	+47 32 77 14 00
node	913845937	61.3159590	7.2029860	Spar Hafslo	Spar		supermarket	"Mo-Fr 08:00-21:00, Sa 09:00-20:00"					+47 57684311
node	915643992	59.0976010	5.6973380	Extra Vikevåg	Extra		supermarket	Mo-Sa 07:00-23:00				https://www.coop.no/butikker/extra/extra-vikevag-1273	+47 51 72 33 00
node	922434103	59.9262910	10.4996380	Joker Løkenhavna	Joker		supermarket	Mo-Su 09:00-21:00				https://joker.no/finn-butikk/joker-lokenhavna	+47 95999900
node	922759661	59.2206410	11.6974730	Joker Aremark	Joker		supermarket	"Mo-Fr 09:00-20:00, Sa 09:00-18:00"					+47 69199150
node	926825336	59.1429910	10.2002180	Kiwi Moveien	Kiwi		supermarket	Mo-Sa 07:00-23:00				https://kiwi.no/Finn-butikk/Kiwi-Moveien	+47 33465061
node	939719637	60.1965590	12.0000370	Extra Festningen	Extra		supermarket	Mo-Sa 07:00-23:00				https://www.coop.no/butikker/extra/extra-festningen-4641	+47 62 81 34 09
node	939726390	60.1793580	12.0186200	Bunnpris Rasta	Bunnpris		supermarket	"Mo-Fr 07:00-22:00, Sa 08:00-21:00"					+47 62814636
node	939734055	60.1863654	12.0060041	Extra Jernbanegata	Extra		supermarket	Mo-Sa 07:00-23:00				https://www.coop.no/butikker/extra/extra-jernbanegata-1034	+47 62 88 83 00
node	939738008	60.2005200	11.9779840	Extra Kongsvinger	Extra		supermarket	Mo-Sa 07:00-23:00				https://www.coop.no/butikker/extra/extra-kongsvinger-2483	+47 62 82 34 00
node	939738143	60.2019850	11.9766780	Rema 1000 Langeland	Rema 1000		supermarket	Mo-Sa 07:00-23:00					+47 62818979
node	941652126	59.8424530	9.8925490	Bunnpris Skotselv	Bunnpris		supermarket	"Mo-Fr 08:00-21:00, Sa 08:00-20:00"					+47 32756015
node	943292241	63.4604842	11.3522130				supermarket						
node	944167610	63.9602770	10.2242130	Rema 1000 Åfjord	Rema 1000		supermarket	Mo-Sa 07:00-23:00					+47 97273602
node	946076539	63.7402339	11.2824859	Kiwi Moan	Kiwi		supermarket	Mo-Sa 07:00-23:00					+47 74056722
node	946184143	59.4581134	10.8028999	Spar Sperrebotn	Spar		supermarket	"Mo-Fr 08:00-21:00, Sa 09:00-20:00"					+47 69288410
node	951867912	59.9670600	10.9994790	Meny Skjetten	Meny		supermarket	"Mo-Fr 07:00-22:00, Sa 08:00-20:00"					+47 64834720
node	956343601	63.4318418	10.3939051	Deli de Luca Munkegata		Deli de Luca	convenience	24/7				http://delideluca.no/finn-oss/#trondelag	
node	958644887	59.7185440	10.8404410	Rema 1000 Ski	Rema 1000		supermarket	Mo-Sa 07:00-23:00					+47 64877565
node	968056511	62.2623570	7.1720450	Coop Marked Eidsdal	Coop Marked		supermarket	"Mo-Fr 09:00-20:00, Sa 09:00-18:00"				https://www.coop.no/butikker/coop-marked-matkroken/coop-marked-eidsdal-1472	+47 97 99 52 60
node	973843478	59.9298640	10.7137280	Rema 1000 Majorstua	Rema 1000		supermarket	Mo-Sa 07:00-23:00				http://www.rema1000.no	+47 22608960
node	973845292	59.9179651	10.6358239	Meny CC Vest	Meny		supermarket	"Mo-Fr 09:00-21:00, Sa 09:00-19:00"				https://meny.no/	+47 22062700
node	973845293	59.9269490	10.6299150	Extra Lysehagan	Extra		supermarket	Mo-Sa 07:00-23:00				https://www.coop.no/butikker/extra/extra-lysehagan-4678	+47 22 50 22 11
node	973858944	59.9220125	10.7272747	Kiwi Hegdehaugsveien	Kiwi		supermarket	Mo-Sa 07:00-23:00				https://kiwi.no/Stottemeny/Butikker-og-apningstider/Oslo/OSLO/Kiwi-417-Hegdehaugsveien/	+47 22598558
node	973863819	59.9305842	10.7098097	Meny Colosseum	Meny		supermarket	"Mo-Fr 08:00-22:00, Sa 08:00-20:00"				https://meny.no/finn-butikk/meny-colosseum	+47 22931630
node	973864384	59.9294827	10.7116116	Jacob’s Majorstuen	Jacob's		supermarket	"Mo-Fr 08:00-21:00, Sa 09:00-20:00"					+47 23205520
node	974496277	59.9263710	10.8487990	Meny Alna	Meny		supermarket	"Mo-Fr 09:00-21:00, Sa 09:00-19:00"					+47 24084150
node	974731220	59.9558090	10.6559690	Rema 1000 Arnebråtveien	Rema 1000		supermarket	Mo-Sa 06:00-23:00					+47 22145600
node	974731276	59.9484530	10.6648280	Rema 1000 Stasjonsveien	Rema 1000		supermarket	"Mo-Fr 07:00-23:00, Sa 08:00-21:00"					+47 94824433
node	975575645	58.7801617	5.6272778	Coop Mega Klepp	Coop Mega		supermarket	"Mo-Fr 08:00-21:00, Sa 08:00-20:00"					
node	981672999	58.3688100	8.6243700	Joker Vik	Joker		supermarket	"Mo-Fr 08:00-21:00, Sa 09:00-20:00"				https://joker.no/finn-butikk/joker-vik	+47 37045731
node	981673041	58.3430805	8.5913866	Joker Grimstad	Joker		supermarket	"Mo-Sa 08:00-22:00, Su 10:00-22:00"					+47 37044991
node	984537336	59.7908080	5.6808030	Joker Eidsvik	Joker		supermarket	"Mo-Fr 08:00-20:00, Sa 08:00-18:00"					+47 53476480
node	992764233	59.9128885	10.7353405	7-Eleven Fritjof Nansens plass	7-Eleven		convenience	"Mo-Th 06:00-24:00, Fr 06:00-04:30, Sa 09:00-04:30, Su 09:00-24:00"					+47 22429320
node	999701269	60.2920160	5.2622750	Rema 1000 Kokstad	Rema 1000		supermarket	"Mo-Fr 06:00-23:00, Sa 07:00-23:00"					+47 55913125
node	1000568759	63.4310540	10.3602040	Extra Ila	Extra		supermarket	Mo-Sa 07:00-23:00				https://www.coop.no/butikker/extra/extra-ila-2427	+47 40 00 12 26
node	1005651461	59.2180230	10.9450970	Rema 1000 Hassingveien	Rema 1000		supermarket	Mo-Sa 07:00-23:00					+47 69318822
node	1015656118	59.9235643	10.9368103	Meny Rasta	Meny		supermarket	"Mo-Fr 08:00-22:00, Sa 08:00-20:00"					+47 67978000
node	1016591814	64.4643949	12.3141061	Extra Grong	Extra		supermarket	"Mo-Fr 07:00-22:00, Sa 08:00-20:00"				https://www.coop.no/butikker/extra/extra-grong-4785	+47 74 33 12 07
node	1017759979	63.4442800	10.4402440	Bunnpris Lade	Bunnpris		supermarket	"Mo-Fr 08:00-22:00, Sa 09:00-21:00"					+47 73526069
node	1019355478	67.7755650	15.0156760	Coop Prix Steigen	Coop Prix		supermarket	"Mo-Fr 07:00-22:00, Sa 08:00-21:00"				https://www.coop.no/butikker/coop-prix/coop-prix-steigen-1847	+47 75 77 81 03
node	1023501888	59.9171980	10.7095830	Extra Gimle	Extra		supermarket	Mo-Sa 07:00-23:00				https://www.coop.no/butikker/extra/extra-gimle-4243	+47 22 43 13 00
node	1027258835	62.5780170	7.7934800	Bunnpris Isfjorden	Bunnpris		supermarket	Mo-Sa 08:00-21:00					+47 71225000
node	1029257140	59.9145660	10.7199770	Kiwi Solli plass	Kiwi		supermarket	Mo-Sa 07:00-23:00					+47 24119690
node	1045801493	60.8020139	11.0837857	Extra Børstad	Extra		supermarket	Mo-Sa 07:00-23:00				https://www.coop.no/butikker/extra/extra-borstad-4942	+47 62 50 92 34
node	1051369018	59.2029350	8.0840390	Joker Fyresdal	Joker		supermarket	24/7					+47 35041190
node	1064725155	60.8211150	11.3398230	Kiwi Løten	Kiwi		supermarket	Mo-Sa 07:00-23:00					+47 62591191
node	1064725176	60.8213010	11.3373620	Rema 1000 Løten	Rema 1000		supermarket	Mo-Sa 07:00-23:00					+47 62594100
node	1065880312	58.8954680	5.7038020	Rema 1000 Forus	Rema 1000		supermarket	"Mo-Fr 06:00-23:00, Sa 08:00-21:00"				www.rema1000.no	+47 51801155
node	1070565437	69.2426730	17.9481344	Mix Silsand	Mix		convenience	Mo 11:00-22:00; Tu 12:00-21:00; We-Sa 11:00-22:00; Su 12:00-22:00					
node	1071682574	58.2504120	7.9637410	Rema 1000 Vennesla	Rema 1000		supermarket	Mo-Sa 07:00-23:00					+47 38153890
node	1074375802	59.3940640	5.3051710	Extra Austmannaveien	Extra		supermarket	Mo-Sa 07:00-23:00				https://www.coop.no/butikker/extra/extra-austmannaveien-1235	+47 90 25 60 83
node	1077169514	59.8585200	10.4772121	Kiwi Hvalstad	Kiwi		supermarket	Mo-Sa 07:00-23:00					+47 66777824
node	1081344988	61.7307489	10.8327503	Matkroken Atna	Matkroken		supermarket	"Mo-Fr 10:00-18:00, Sa 10:00-16:00"				https://www.coop.no/butikker/coop-marked-matkroken/matkroken-atna-4288	+47 62 46 35 66
node	1090116524	59.7937920	11.2620040	Joker Enebakkneset			convenience						
node	1094285683	58.9476930	5.7396350	Coop Mega Kilden	Coop Mega		supermarket	"Mo-Fr 09:00-21:00, Sa 09:00-19:00"				https://www.coop.no/butikker/coop-mega/coop-mega-kilden-4551	+47 51 88 08 50
node	1106387271	58.4164100	8.7011990	Kiwi Nedenes	Kiwi		supermarket	Mo-Sa 07:00-23:00					+47 37096422
node	1106394156	59.2667490	11.0133920	Rema 1000 Rolvsøyveien	Rema 1000		supermarket	Mo-Sa 07:00-23:00					+47 69326390
node	1106453605	59.1167479	10.2146539	Kiwi Ranvikskogen	Kiwi		supermarket	Mo-Sa 07:00-23:00					+47 33481490
node	1107309367	58.4120110	8.6978530	Extra Nedenes	Extra		supermarket	Mo-Sa 07:00-23:00					
node	1115875147	61.2317380	7.1053270	Extra Sogndalsfjøra	Extra		supermarket	Mo-Sa 07:00-23:00				https://www.coop.no/butikker/extra/extra-sogndalsfjora-4599	+47 57 67 11 00
node	1119548642	59.8921950	10.8533310	Rema 1000 Ulsrud	Rema 1000		supermarket	Mo-Sa 07:00-23:00					+47 22758250
node	1119661733	59.7192460	10.1460540	Kiwi Konnerud	Kiwi		supermarket	Mo-Sa 07:00-23:00					+47 32885450
node	1120470044	60.0890725	10.8716778	Meny Åneby	Meny		supermarket	"Mo-Fr 08:00-21:00, Sa 08:00-19:00"					+47 67062000
node	1133968913	59.9196080	10.6868610	Kiwi Skøyen	Kiwi		supermarket	Mo-Sa 07:00-23:00					+47 22561153
node	1165768794	60.9997200	10.0169110	Joker Torpa	Joker		supermarket	"Mo-We 08:00-19:00, Th-Fr 08:00-21:00, Sa 09:00-18:00, Su 12:00-18:00"					+47 61119523
node	1172105791	58.6647060	6.7169510	Extra Tonstad	Extra		supermarket	"Mo-Fr 07:00-23:00, Sa 08:00-21:00"				https://www.coop.no/butikker/extra/extra-tonstad-1352	+47 94 80 48 97
node	1185249588	59.9283250	10.7509480	Matkroken Kingosgate	Matkroken		supermarket	24/7				https://www.coop.no/butikker/coop-marked-matkroken/matkroken-kingosgate-4230	+47 93 00 22 29
node	1186438198	58.6680750	5.6405610	Coop Mega Nærbø	Coop Mega		supermarket	"Mo-Fr 08:00-21:00, Sa 08:00-20:00"				https://www.coop.no/butikker/coop-mega/coop-mega-naerbo-1272	+47 51 79 11 00
node	1198129547	61.1829158	6.8528706	Kiwi Hermansverk	Kiwi		supermarket	"Mo-Fr 08:00-22:00, Sa 08:00-20:00"					+47 57653301
node	1198695662	60.3914060	5.3147530	Kiwi Nøstet	Kiwi		supermarket	Mo-Sa 07:00-23:00				https://kiwi.no/	+47 55329497
node	1198852385	59.9234702	10.7930628	Coop Mega Hasle torg	Coop Mega		supermarket	"Mo-Fr 08:00-22:00, Sa 09:00-20:00"				https://www.coop.no/butikker/coop-mega/coop-mega-hasle-torg-4358	+47 22 93 93 10
node	1200196673	59.9219380	10.7971360	Joker Hasle	Joker		supermarket	"Mo-Fr 08:00-22:00, Sa-Su 09:00-22:00"					+47 91660094
node	1200404358	63.4364930	10.4162960	Rema 1000 Solsiden	Rema 1000		supermarket	Mo-Sa 07:00-23:00					+47 73521380
node	1200708177	59.9243896	10.7876412	Bunnpris Grenseveien	Bunnpris		supermarket	"Mo-Fr 08:00-22:00, Sa-Su 09:00-22:00"					+47 22196040
node	1206294394	60.3931970	5.3189530	Rema 1000 Kalmarhuset	Rema 1000		supermarket	Mo-Sa 07:00-23:00					+47 55902898
node	1210971356	59.9254299	10.7599935	Joker Grunerløkka	Joker		supermarket	"Mo-Sa 08:00-24:00, Su 09:00-23:00"					+47 45873076
node	1210971420	59.9207830	10.7744500	Sofienberg mat			supermarket	"Mo-Fr 08:00-22:00, Sa-Su 09:00-22:00"					
node	1214994272	59.9210970	10.7125880				convenience	Mo-Fr 08:30-17:30; Sa 08:30-14:00					
node	1215735883	59.7508931	10.1623269	Kiwi Landfalløya	Kiwi		supermarket	Mo-Sa 07:00-23:00				https://kiwi.no/finn-butikk/kiwi-375-landfalloya	+47 32828385
node	1215968946	59.9124650	10.7619080	Meny Grønland	Meny		supermarket	"Mo-Fr 08:00-22:00, Sa 08:00-20:00"					+47 22052650
node	1218869393	59.7470080	10.1921020	Rema 1000 Vinjesgate	Rema 1000		supermarket	Mo-Sa 07:00-23:00					+47 32837840
node	1219078145	59.9190470	10.7591904	Joker Schous plass	Joker		supermarket	"Mo-Sa 08:00-24:00, Su 09:00-24:00"					+47 45976105
node	1222917772	63.9655610	10.2157880	Extra Åfjord	Extra		supermarket	"Mo-Fr 07:00-23:00, Sa 08:00-21:00"				https://www.coop.no/butikker/extra/extra-afjord-2530	+47 97 57 56 44
node	1224567872	67.2984971	14.4045852	Joker Rønvik	Joker		supermarket	Mo-Su 10:00-22:00					+47 75509240
node	1224681119	59.5296005	10.0882775	Kiwi Hof	Kiwi		supermarket	Mo-Sa 07:00-23:00					+47 33095090
node	1225126861	59.7930330	10.4851400	Coop Prix Bjerkås Vestviken	Coop Prix		supermarket	"Mo-Fr 07:00-22:00, Sa 08:00-21:00"				https://www.coop.no/butikker/coop-prix/coop-prix-bjerkas-nbda-4056	+47 66 90 34 54
node	1225147950	59.7857690	10.4893010	Rema 1000 Slemmestad	Rema 1000		supermarket	Mo-Sa 07:00-23:00					+47 31280016
node	1228038843	59.1039427	10.2428065	Mix Handleriet Asnes	Mix	MIX	convenience	Mo-Su 09:00-21:00					
node	1228115657	58.4592670	8.7658780	7-Eleven Kirkebasaren	7-Eleven		convenience	"Mo-Th 07:00-24:00, Fr 07:00-04:00, Sa 08:00-04:00, Su 08:00-23:00"				https://www.7-eleven.no/	+47 37027802
node	1228115740	58.4592500	8.7663710	Kiwi Arendal sentrum	Kiwi		supermarket	Mo-Sa 07:00-23:00					+47 37022455
node	1228973766	59.5696267	7.9872370	Spar Vinje	Spar		supermarket	"Mo-Fr 08:00-21:00, Sa 08:00-20:00"					+47 35071260
node	1229466434	63.0587080	9.1958220	Bunnpris Rindal	Bunnpris		supermarket	"Mo-Fr 08:00-22:00, Sa 09:00-20:00"					+47 96014859
node	1229587118	59.7921110	10.4475600	Extra Heggedal	Extra		supermarket	Mo-Sa 07:00-23:00				https://www.coop.no/butikker/extra/extra-heggedal-4723	+47 66 79 75 11
node	1231258961	59.7941784	5.1719306				supermarket						
node	1234252102	59.4101610	9.0676780	Rema 1000 Bø	Rema 1000		supermarket	Mo-Sa 07:00-23:00				https://www.rema.no/butikker/vestfold-og-telemark/bo/rema-1000-bo/	+47 35950501
node	1234971955	62.5925845	9.6846670	Kiwi Oppdal	Kiwi		supermarket	"Mo-Sa 07:00-23:00, Su 09:00-22:00"					+47 72424040
node	1236115275	61.2261850	7.1004030	Rema 1000 Sogndal	Rema 1000		supermarket	Mo-Sa 07:00-23:00					+47 57673127
node	1237659093	60.3096230	5.3458290	Rema 1000 Skjold	Rema 1000		supermarket	"Mo-Sa 07:00-23:00, Su 09:00-21:00"					+47 55105433
node	1245991017	59.8341960	11.1386390	Extra Flateby	Extra		supermarket	"Mo-Fr 07:00-23:00, Sa 08:00-21:00"					
node	1246009145	59.8298030	11.1524930	Spar Flateby	Spar		supermarket	"Mo-Fr 08:00-22:00, Sa 08:00-20:00"					+47 64923560
node	1246157308	58.9055380	6.0980290	Joker Lysefjorden	Joker		supermarket	"Mo-Fr 07:00-20:00, Sa 09:00-18:00"					+47 51703900
node	1246262194	58.2489710	8.3760390	Kiwi Ole Olsen	Kiwi		supermarket	"Mo-Sa 07:00-23:00, Su 09:00-21:00"					+47 37270059
node	1249066180	68.4449430	17.4516960	Rema 1000 Rombaksveien	Rema 1000		supermarket	Mo-Sa 07:00-23:00					+47 47677062
node	1255223390	61.4924115	6.1123502	Coop Marked Vassenden	Coop Marked		supermarket	"Mo-Fr 08:00-20:00, Sa 08:00-18:00"				https://www.coop.no/butikker/coop-marked-matkroken/coop-marked-vassenden-1378	+47 57 72 72 00
node	1255223398	61.4879676	6.0824675	Spar Jølstraholmen	Spar		supermarket	"Mo-Fr 07:00-22:00, Sa 08:00-22:00, Su 09:00-22:00"					+47 57727135
node	1256044763	63.0241040	8.5878750	Matkroken Bæverfjord	Matkroken		supermarket	"Mo-Fr 09:00-19:00, Sa 09:00-16:00"				https://www.coop.no/butikker/coop-marked-matkroken/matkroken-baeverfjord-4395	+47 71 66 26 21
node	1258380819	59.9089625	10.7870007	Kiwi Vålerenga	Kiwi		supermarket	Mo-Sa 07:00-23:00					+47 22194400
node	1262352965	59.8993360	10.5798910	Meny Høvik	Meny		supermarket	"Mo-Fr 08:00-22:00, Sa 08:00-20:00"					+47 67102400
node	1262634944	59.7433987	10.2035054	7-Eleven Drammen	7-Eleven		convenience	"Mo-Fr 06:00-24:00, Sa-Su 00:00-24:00"					+47 32830699
node	1270690166	59.7493810	10.2472360	Rema 1000 Lierstranda	Rema 1000		supermarket	Mo-Sa 07:00-23:00				https://www.rema.no/butikker/buskerud/lier/rema-1000-lierstranda	+47 32849490
node	1270698446	59.7556920	10.2617710	Kiwi Vitbank	Kiwi		supermarket	"Mo-Sa 07:00-23:00, Su 10:00-21:00"				https://kiwi.no/finn-butikk/kiwi-420-vitbank	+47 32841960
node	1270700464	59.7864580	10.2419950	Kiwi Lierbyen	Kiwi		supermarket	Mo-Sa 07:00-23:00				https://kiwi.no/finn-butikk/kiwi-528-lierbyen	+47 32849631
node	1270700469	59.7869980	10.2444100	Rema 1000 Lierbyen	Rema 1000		supermarket	Mo-Sa 07:00-23:00					+47 32847188
node	1270703282	59.8153018	10.2489551	Kiwi Lyngåskrysset	Kiwi		supermarket	Mo-Sa 07:00-23:00					+47 32851105
node	1273407095	59.7592670	10.4599761	Kiwi Bødalen	Kiwi		supermarket	Mo-Sa 07:00-23:00					+47 31285050
node	1274116364	68.4074100	17.4140720	Rema 1000 Ankenes	Rema 1000		supermarket	Mo-Sa 07:00-23:00					+47 76957212
node	1280352831	58.2000760	8.0329270	Joker Justvik	Joker		supermarket	"Mo-Fr 07:30-22:00, Sa 07:30-21:00"					+47 38198168
node	1281693898	60.0598770	5.6435520	Bunnpris Lundegrend	Bunnpris		supermarket	"Mo-Fr 09:00-20:00, Sa 09:00-18:00, Su 12:00-17:00"					+47 53433102
node	1282221002	59.8454790	10.6706750	Extra Nesoddtangen	Extra		supermarket	Mo-Sa 07:00-23:00				https://www.coop.no/butikker/extra/extra-nesoddtangen-4262	+47 66 91 48 39
node	1282531286	58.1342004	7.9541042	"Slettheia, SPAR"		Posten	convenience						
node	1286847250	60.1976460	5.3581041	Drange Dagligvarer			convenience						
node	1288334853	61.4590620	5.8904400	Rema 1000 Vie	Rema 1000		supermarket	Mo-Sa 07:00-23:00					+47 57821029
node	1291405844	63.6932300	9.6605000	Extra Brekstad	Extra		supermarket	"Mo-Fr 07:00-23:00, Sa 08:00-21:00"				https://www.coop.no/butikker/extra/extra-brekstad-2552	+47 97 57 56 10
node	1291415573	59.9329220	10.7414040	Nærbutikken Fayes gate	Nærbutikken		supermarket	"Mo-Fr 09:00-21:00, Sa 09:00-20:00, Su 10:00-20:00"					+47 22460732
node	1295768960	62.2979800	7.2641900	Spar Valldal	Spar		supermarket	"Mo-Fr 08:00-21:00, Sa 08:00-20:00, Su 10:00-18:00"					+47 48082101
node	1298853011	59.9407210	10.7290690	Kiwi Trikkesløyfa	Kiwi		supermarket	Mo-Sa 07:00-23:00				https://kiwi.no/Stottemeny/Butikker-og-apningstider/Oslo/OSLO/Kiwi-586-Trikkesloyfa/	+47 22693207
node	1299474511	59.6687749	9.6524934	Meny Stortorvet	Meny		supermarket	"Mo-Fr 09:00-20:00, Sa 09:00-19:00"				https://meny.no/Finn-butikk/MENY-Stortorvet/	+47 32865600
node	1300311258	63.0909735	7.8092587	Kiwi Rensvik	Kiwi		supermarket	Mo-Sa 07:00-23:00					+47 71582960
node	1309184678	59.9298960	10.7806456	Rema 1000 Rosenhoff	Rema 1000		supermarket	Mo-Sa 07:00-23:00					+47 22717390
node	1311005118	59.9527553	10.8678278	Meny Kalbakken	Meny		supermarket	"Mo-Fr 08:00-22:00, Sa 08:00-20:00"					+47 22802080
node	1311005120	59.9521300	10.8675930	Rema 1000 Kalbakken	Rema 1000		supermarket	Mo-Sa 07:00-23:00					+47 22167042
node	1312709950	59.9329977	10.7332943	Joker Adamstuen	Joker		supermarket	"Mo-Fr 06:00-23:00, Sa-Su 07:00-24:00"					+47 90472227
node	1312713751	59.9282570	10.7319130	Extra Thereses gate	Extra		supermarket	Mo-Sa 07:00-23:00				https://www.coop.no/butikker/extra/extra-theresesgate-4091	+47 22 93 13 00
node	1313510570	60.7610704	9.4459091	Ellingsæter matbutikk			supermarket					http://ellingsaeter.no/	
node	1324765796	61.1250760	10.4565440	Rema 1000 Helleberg	Rema 1000		supermarket	Mo-Sa 07:00-23:00				https://butikk.rema.no/REMA+1000+Helleberg/215039	+47 61269550
node	1324765801	61.1272250	10.4530220	Coop Mega Lillehammer	Coop Mega		supermarket	"Mo-Fr 08:00-21:00, Sa 09:00-20:00"				https://www.coop.no/butikker/coop-mega/coop-mega-lillehammer-2079	+47 61 24 71 20
node	1325141146	60.5055810	5.4306810	Extra Valestrand	Extra		supermarket	Mo-Sa 07:00-23:00				https://www.coop.no/butikker/extra/extra-valestrand-1471	+47 56 39 43 09
node	1329411550	59.9211435	10.7591569	7-Eleven Schous plass	7-Eleven		convenience	24/7					+47 22805408
node	1331429759	59.9416260	10.7720390	Joker Sandaker	Joker		supermarket	"Mo-Fr 07:00-24:00, Sa-Su 09:00-24:00"					+47 47456169
node	1340035843	62.6103200	6.2051030	Joker Lepsøy	Joker		supermarket	Mo-Sa 05:00-24:00					+47 70218000
node	1341690980	69.9639950	23.2709200	Rema 1000 Alta	Rema 1000		supermarket	Mo-Sa 07:00-23:00					+47 78437550
node	1345299376	59.9556141	10.7854196	7-Eleven Grefsen	7-Eleven		convenience	"Mo-Fr 07:00-24:00; Sa,Su 08:00-24:00"					+47 22222772
node	1348086821	58.3357642	8.6143527	Handleriet			convenience						
node	1349742678	59.9508980	10.8674220	Snarkjøp Kalbakken	Snarkjøp		supermarket						
node	1349742681	59.9511395	10.8670405	Neithal			convenience						
node	1349754419	59.9516541	10.8754212	Asia Town			supermarket						
node	1350437066	63.4368783	10.4315306	Bunnpris			supermarket	Mo-Fr 08:00-22:00; Sa 09:00-21:00; Su 10:00-22:00					
node	1352361830	63.5085680	10.0192310	Coop Prix Stadsbygd	Coop Prix		supermarket	"Mo-Fr 08:00-21:00, Sa 08:00-20:00"				https://www.coop.no/butikker/coop-prix/coop-prix-stadsbygd-1833	+47 97 57 56 54
node	1352361852	63.5110720	10.0148550	Spar Stadsbygd	Spar		supermarket	"Mo-Sa 08:00-22:00, Su 10:00-22:00"					+47 73854450
node	1361473272	58.2320910	6.5387650	Matkroken Kirkehamn	Matkroken		supermarket	"Mo-Fr 09:00-18:00, Sa 10:00-16:00, Su 12:00-15:00"				https://www.coop.no/butikker/coop-marked-matkroken/matkroken-kirkehamn-4958	+47 38 37 21 53
node	1362056926	68.6883220	14.4738060	Coop Prix Straume	Coop Prix		supermarket	Mo-Sa 08:00-22:00				https://www.coop.no/butikker/coop-prix/coop-prix-straume-1902	+47 76 13 82 65
node	1363867000	59.9192997	10.7646613	Kiwi Schous plass	Kiwi		supermarket	Mo-Sa 07:00-23:00					+47 22681010
node	1364910760	71.0386952	27.8519634	Mix Johannes Nilsen Handleri	Mix		convenience	Mo-Sa 11:00-20:00; Su 17:00-20:00					
node	1366364656	61.6443009	10.0917659				convenience						
node	1367067359	63.2066730	8.0425960	Coop Prix Tustna	Coop Prix		supermarket	"Mo-Fr 08:00-21:00, Sa 08:00-20:00"				https://www.coop.no/butikker/coop-prix/coop-prix-tustna-1488	+47 97 99 48 75
node	1369426708	65.8229220	12.4282820	Joker Tjøtta	Joker		supermarket	Mo-Sa 06:00-24:00					+47 75046345
node	1371276860	62.7769216	8.0657073	Extra Eidsvåg	Extra		supermarket	Mo-Sa 07:00-23:00				https://www.coop.no/butikker/extra/extra-eidsvag-1511	+47 97 99 49 65
node	1371624894	59.9378562	10.8118961	Tenza Norge AS			convenience	Mo-Fr 10:00-19:00; Sa 10:00-18:00					
node	1371758091	58.8951400	9.2858480	Extra Haugtun	Extra		supermarket	"Mo-Sa 07:00-23:00, Su 09:00-21:00"				https://www.coop.no/butikker/extra/extra-haugtun-4364	+47 35 98 69 40
node	1372003214	60.3308558	11.2141327	Extra Hammerås	Extra		supermarket	Mo-Sa 07:00-23:00				https://www.coop.no/butikker/extra/extra-hammeras-1222	+47 63 96 04 69
node	1372829119	62.6639766	6.2720642				convenience						
node	1373172628	69.4954900	20.8316910	Coop Prix Birtavarre	Coop Prix		supermarket	"Mo-Fr 08:00-22:00, Sa 09:00-20:00"				https://www.coop.no/butikker/coop-prix/coop-prix-birtavarre-1936	+47 90 53 47 44
node	1373859711	63.3535030	10.3553010	Spar Heimdal	Spar		supermarket	"Mo-Fr 08:00-22:00, Sa 09:00-21:00"					+47 72597220
node	1373859712	63.3534120	10.3568780	Bunnpris Heimdal	Bunnpris		supermarket	"Mo-Fr 08:00-22:00, Sa 09:00-21:00, Su 11:00-22:00"					+47 72846466
node	1373921226	63.3516630	10.3541070	Rema 1000 Heimdal	Rema 1000		supermarket	Mo-Sa 07:00-23:00					+47 72846680
node	1374533790	69.3631000	17.0539750	Matkroken Gryllefjord	Matkroken		supermarket	"Mo-Fr 09:00-20:00, Sa 09:00-16:00"				https://www.coop.no/butikker/coop-marked-matkroken/matkroken-gryllefjord-4410	+47 91 56 59 83
node	1376615636	59.9429340	10.7028990	Rema 1000 Vinderen	Rema 1000		supermarket	Mo-Sa 07:00-23:00				https://www.rema.no/butikker/oslo/oslo/rema-1000-vinderen/	+47 23223744
node	1376727142	59.9433200	10.7037900	Coop Mega Vinderen	Coop Mega		supermarket	"Mo-Fr 08:00-22:00, Sa 08:00-20:00"				https://www.coop.no/butikker/coop-mega/coop-mega-vinderen-4316	+47 23 22 29 30
node	1376727148	59.9434605	10.7039472				supermarket						
node	1381677677	63.3539230	10.3798410	Rema 1000 Rognbudalen	Rema 1000		supermarket	Mo-Sa 07:00-23:00					+47 72555500
node	1384216355	60.3567120	5.3592360	Meny Sletten	Meny		supermarket	"Mo-Fr 08:00-21:00, Sa 09:00-20:00"				https://www.meny.no/	+47 55598900
node	1385404176	61.0065040	6.4139630	Nærbutikken Fjorden	Nærbutikken		supermarket	Mo-Su 07:00-23:00					+47 57696142
node	1385405270	61.0854359	6.5818078	Spar Vik	Spar		supermarket	"Mo-Fr 07:00-22:00, Sa 08:00-20:00"					+47 57695144
node	1388494334	60.3893980	5.3233300	7-Eleven Christies gate	7-Eleven		convenience	24/7					+47 55330147
node	1395427612	67.2894693	14.5678025	Extra Mørkved	Extra		supermarket	Mo-Sa 07:00-23:00				https://www.coop.no/butikker/extra/extra-morkved-1877	+47 75 51 44 60
node	1401049510	59.9269596	10.8650308	Mix Trosterud	Mix		convenience	Mo-Fr 09:00-22:00; Sa-Su 10:00-22:00					
node	1402309884	60.8845265	10.9430792	Eurospar Brumunddal	Spar		supermarket	"Mo-Fr 07:00-22:00, Sa 08:00-20:00"					+47 62331640
node	1402309889	60.8850431	10.9453037	Kiwi Brumunddal	Kiwi		supermarket	Mo-Sa 07:00-23:00					+47 62343230
node	1410854897	59.9211480	10.9557200	Bunnpris Skårer	Bunnpris		supermarket	"Mo-Fr 07:00-22:00, Sa-Su 09:00-22:00"					+47 67920160
node	1410854916	59.9270400	10.9544310	Kiwi Solheim	Kiwi		supermarket	Mo-Sa 07:00-23:00				https://kiwi.no/Finn-butikk/Kiwi-Solheim/	+47 67912770
node	1411569987	59.9153510	10.7431260	Coop Prix Vg-Huset	Coop Prix		supermarket	"Mo-Fr 06:00-21:00, Sa 09:00-20:00"				https://www.coop.no/butikker/coop-prix/coop-prix-vg-huset-4216	+47 22 33 91 10
node	1411957648	65.6761560	11.9595670	Coop Prix Vega	Coop Prix		supermarket	"Mo-Fr 08:00-22:00, Sa 09:00-20:00, Su 11:00-18:00"				https://www.coop.no/butikker/coop-prix/coop-prix-vega-1737	+47 75 03 50 01
node	1411957895	65.6763630	11.9636710	Spar Vega	Spar		supermarket	"Mo-Fr 07:30-22:00, Sa 09:00-20:00"					+47 75035266
node	1415047605	59.9313400	10.7337340	Joker Thereses gate	Joker		supermarket	"Mo-Sa 07:00-23:00, Su 08:00-23:00"					+47 90174356
node	1416401542	62.5579140	7.6838120	Bunnpris Åndalsnes	Bunnpris		supermarket	"Mo-Fr 07:00-22:00, Sa 08:00-21:00, Su 10:00-18:00"				https://www.bunnpris.no/butikker/bunnpris-andalsnes	+47 40192414
node	1416736875	59.9295860	10.7333110	Bunnpris Theresesgt	Bunnpris		supermarket	"Mo-Fr 07:00-00:00, Sa-Su 08:00-00:00"					+47 22565850
node	1417294594	63.1088140	7.7835210	Kiwi Løkkemyra	Kiwi		supermarket	"Mo-Sa 07:00-23:00, Su 10:00-23:00"					+47 71525877
node	1417294607	63.1088230	7.7863610	Rema 1000 Løkkemyra	Rema 1000		supermarket	Mo-Sa 07:00-23:00					+47 71583904
node	1417343315	69.9718770	23.2767090	Extra Midtbakken	Extra		supermarket	Mo-Sa 07:00-23:00				https://www.coop.no/butikker/extra/extra-midtbakken-2000	+47 97 70 87 83
node	1418920490	61.4888465	8.8434755	Camp Maurvangen			convenience						
node	1421446990	69.0041630	23.0422350	Rema 1000 Kautokeino	Rema 1000		supermarket	Mo-Sa 07:00-23:00					+47 78487840
node	1422714473	58.9001122	9.3172707				supermarket						
node	1422960127	59.9432398	10.7705432	Kiwi Sandakerveien	Kiwi		supermarket	Mo-Sa 07:00-23:00					+47 22227106
node	1423103734	62.6525700	7.3389140	Nærbutikken Sekken	Nærbutikken		supermarket	"Mo-Th 09:00-17:30, Fr 09:00-19:00, Sa 10:00-14:00"					+47 71200410
node	1424421870	59.5608341	9.2481349	Spar Notodden	Spar		supermarket	"Mo-Fr 07:00-21:00, Sa 08:00-20:00"				https://spar.no/finn-butikk/spar-notodden	+47 35011030
node	1424647231	60.3051770	5.2826680	Rema 1000 Fanatorget	Rema 1000		supermarket	Mo-Sa 07:00-23:00				https://www.rema.no/butikker/Bergen/REMA-1000-Fanatorget/323397	+47 55991480
node	1425066830	60.9331300	5.1347882	Matkroken Dalsøyra	Matkroken		supermarket	"Mo-Th 09:00-19:00, Fr 09:00-20:00, Sa 09:00-18:00"				https://www.coop.no/butikker/coop-marked-matkroken/matkroken-dalsoyra-4398	+47 57 78 32 34
node	1427194518	63.4230450	10.3897840	Coop Prix Øya	Coop Prix		supermarket	"Mo-Fr 07:00-23:00, Sa 08:00-23:00"				https://www.coop.no/butikker/coop-prix/coop-prix-oya-1802	+47 40 00 12 25
node	1428088636	60.3011180	6.1693620	Tørvikbygd landhandel	Snarkjøp		supermarket						
node	1432260551	61.3115747	12.2679736	Kiwi Trysil	Kiwi		supermarket	"Mo-Fr 07:00-23:00, Sa 07:00-21:00, Su 10:00-21:00"					+47 62450757
node	1433533635	63.3665270	10.3487650	Extra Kolstad	Extra		supermarket	Mo-Sa 07:00-23:00				https://www.coop.no/butikker/extra/extra-kolstad-1822	+47 40 00 12 45
node	1437805528	61.8908220	11.0774870	Coop Marked Øvre Rendal	Coop Marked		supermarket	"Mo-Th 09:00-18:00, Fr 09:00-20:00, Sa 09:00-18:00"				https://www.coop.no/butikker/coop-marked-matkroken/coop-marked-ovre-rendal-2016	+47 90 70 36 72
node	1439756031	59.9375050	10.7548200	Joker Sagene	Joker		supermarket	24/7					+47 22353120
node	1439756033	59.9382490	10.7572060	Extra Bjølsen	Extra		supermarket	Mo-Sa 07:00-23:00				https://www.coop.no/butikker/extra/extra-bjolsen-4280	+47 94 17 66 99
node	1439756034	59.9397800	10.7595650	Joker Maridalsveien	Joker		supermarket	"Mo-Sa 07:00-24:00, Su 09:00-24:00"					+47 95860558
node	1449217575	59.9508770	10.8896400	Nærbutikken Grorud	Nærbutikken		supermarket	"Mo-Sa 09:00-21:00, Su 10:00-20:00"					+47 22253030
node	1450595232	58.9882930	9.8728480	Meny Helgeroa	Meny		supermarket	"Mo-Fr 07:00-22:00, Sa 07:00-20:00, Su 10:00-18:00"				http://www.sondersrodtunet.no	+47 33118060
node	1453634835	58.0974245	7.8145249	Coop Mega Søgne	Coop Mega		supermarket	"Mo-Fr 08:00-22:00, Sa 08:00-20:00"				https://www.coop.no/butikker/coop-mega/coop-mega-sogne-4753	+47 38 05 18 30
node	1457323054	69.6911717	18.8641847	Eurospar Kvaløysletta	Spar		supermarket	Mo-Sa 07:00-23:00				https://spar.no/Finn-butikk/EUROSPAR-Kvaloysletta	+47 77650800
node	1457874446	58.0228270	7.0006400	Nærbutikken Korshamn	Nærbutikken		supermarket	Mo-Su 07:00-23:00					+47 38347190
node	1459542250	69.9657630	23.2760830	Kiwi Alta sentrum	Kiwi		supermarket	"Mo-Sa 07:00-23:00, Su 10:00-21:00"					+47 78442540
node	1460565415	58.9777950	5.7049080	Kiwi Tasta	Kiwi		supermarket	Mo-Sa 07:00-23:00					+47 51532677
node	1467547679	59.9197380	10.6249500	Extra Jar	Extra		supermarket	"Mo-Fr 07:00-23:00, Sa 08:00-21:00"				https://www.coop.no/butikker/extra/extra-jar-4284	+47 67 58 06 95
node	1470887910	60.3276001	11.2598273	Rema 1000 Eidsvoll	Rema 1000		supermarket	Mo-Sa 07:00-23:00					+47 63964995
node	1486026488	59.9115380	10.7785890	Coop Prix Kampen	Coop Prix		supermarket	"Mo-Fr 08:00-23:00, Sa 09:00-22:00"				https://www.coop.no/butikker/coop-prix/coop-prix-kampen-2127	+47 22 19 54 61
node	1487057115	59.8953922	5.0909481	Nærbutikken E. Johnsen & Sønner			convenience						
node	1488586359	60.0613884	10.3093710	Spar Sundvollen	Spar		supermarket	"Mo-Fr 07:00-23:00, Sa 08:00-20:00"					+47 32158710
node	1489410776	61.5304706	10.1411904	Extra Ringebu	Extra		supermarket	"Mo-Fr 07:00-22:00, Sa 08:00-21:00, Su 11:00-19:00"				https://www.coop.no/butikker/extra/extra-ringebu-2040	+47 61 28 18 80
node	1494568031	59.3256670	8.4843170	Joker Vrådal	Joker		supermarket	"Mo-Fr 08:00-20:00, Sa 09:00-18:00, Su 11:00-16:00"					+47 35056112
node	1497194453	59.1210226	11.3795189	Meny Halden	Meny		supermarket	"Mo-Fr 09:00-20:00, Sa 09:00-19:00"					+47 69190650
node	1497699323	60.1406090	11.2113270	Extra Algarheimveien	Extra		supermarket	Mo-Sa 07:00-23:00				https://www.coop.no/butikker/extra/extra-algarheimveien-4255	+47 63 93 67 20
node	1498369396	59.1195370	11.3867600	Joker Torvet Halden	Joker		supermarket	"Mo-Fr 07:00-23:00, Sa-Su 09:00-23:00"					+47 47979241
node	1505524176	59.9284000	11.4445000	Extra Aurskog	Extra		supermarket	Mo-Sa 07:00-23:00				https://www.coop.no/butikker/extra/extra-aurskog-1048	+47 63 85 44 90
node	1506608498	59.9355520	10.7756510	Joker Torshov	Joker		supermarket	"Mo-Fr 07:00-24:00, Sa 08:00-24:00, Su 09:00-24:00"					+47 47973262
node	1516416261	59.7985990	10.6155460	Joker Fjellstrand	Joker		supermarket	"Mo-Fr 07:00-21:00, Sa 08:00-21:00"				https://joker.no/finn-butikk/joker-fjellstrand	+47 66962600
node	1520492077	59.9179629	10.7408759	Kiwi St. Olavs plass	Kiwi		supermarket	"Mo-Fr 07:00-23:00, Sa 09:00-23:00"					+47 22112214
node	1520882085	59.6649350	10.7966400	Rema 1000 Ås	Rema 1000		supermarket	Mo-Sa 07:00-23:00					+47 64943038
node	1523679562	59.9230962	10.7714934	Kiwi Trondheimsveien	Kiwi		supermarket	Mo-Sa 07:00-23:00					+47 22385525
node	1523679577	59.9250924	10.7590273	Extra Birkelunden	Extra		supermarket	Mo-Sa 07:00-23:00				https://www.coop.no/butikker/extra/extra-birkelunden-4363	+47 22 70 49 50
node	1523679588	59.9272985	10.7671970	Kiwi Københavngata	Kiwi		supermarket	Mo-Sa 07:00-23:00					+47 22441010
node	1536789136	63.1223970	7.7137340	Bunnpris Brunsvika	Bunnpris		supermarket	"Mo-Fr 07:00-23:00, Sa 08:00-23:00"					+47 71679811
node	1536796117	63.1207940	7.7400840	Bunnpris Stortua	Bunnpris		supermarket	"Mo-Fr 07:00-22:00, Sa 08:00-22:00"					+47 71670977
node	1536803691	63.1037400	7.7288820	Bunnpris Innlandet	Bunnpris		supermarket	"Mo-Fr 08:00-22:00, Sa 08:00-21:00"					+47 71671212
node	1536841357	63.0516170	7.6318120	Extra Bruhagen	Extra		supermarket	Mo-Sa 07:00-23:00				https://www.coop.no/butikker/extra/extra-bruhagen-1536	+47 97 99 49 85
node	1541248980	59.8934800	10.8048530	Kiwi Ryen	Kiwi		supermarket	Mo-Sa 07:00-23:00				https://kiwi.no/butikker/	+47 22199474
node	1550727267	58.9459258	5.7291463	Spar Haugåsstubben	Spar		supermarket	"Mo-Fr 07:00-22:00, Sa 08:00-21:00"					+47 51880500
node	1556198893	61.2428698	8.9209488	Kiwi Beitostølen	Kiwi		supermarket	"Mo-Sa 08:00-23:00, Su 09:00-21:00"				https://kiwi.no/Finn-butikk/Kiwi-Beitostolen/	+47 61341963
node	1572725505	59.4773666	9.0018078	Fjellbutikk			convenience						
node	1579350192	59.5580100	9.2578090	Rema 1000 Notodden	Rema 1000		supermarket	Mo-Sa 07:00-23:00				https://www.rema.no/butikker/vestfold-og-telemark/notodden/rema-1000-notodden/	+47 35013660
node	1579350193	59.5568355	9.2550754	Extra Notodden	Extra		supermarket	Mo-Sa 07:00-23:00				https://www.coop.no/butikker/extra/extra-notodden-4047	+47 35 02 54 20
node	1579350202	59.5648626	9.2669655	Spar Ramberghjørnet	Spar		supermarket	Mo-Sa 06:30-22:00				https://spar.no/finn-butikk/spar-ramberghjornet	+47 35012010
node	1579838939	58.1527514	8.0247592	Kiwi Lund	Kiwi		supermarket	Mo-Sa 07:00-23:00					+47 38097895
node	1581074559	68.5508650	17.5573820	Rema 1000 Bjerkvik	Rema 1000		supermarket	Mo-Sa 07:00-23:00					+47 76952010
node	1585522373	59.8057660	10.6887810	Kiwi Kirkekrysset	Kiwi		supermarket	"Mo-Fr 07:00-23:00, Sa 07:00-16:00"					+47 66911128
node	1599894290	60.0708140	11.0349750	Extra Gjerdrum	Extra		supermarket	"Mo-Fr 06:00-23:00, Sa 07:00-23:00"				https://www.coop.no/butikker/extra/extra-gjerdrum-2468	+47 63 93 81 90
node	1600974348	58.0837710	7.3040560	Rema 1000 Vigeland	Rema 1000		supermarket	Mo-Sa 07:00-23:00					+47 38259350
node	1600974577	58.0829260	7.3036490	Extra Lindesnes	Extra		supermarket	Mo-Sa 07:00-23:00				https://www.coop.no/butikker/extra/extra-lindesnes-2800	+47 90 29 25 48
node	1604140558	59.6653464	10.7963122	Petten's Storkiosk			convenience					http://www.pettens.no/	
node	1606371412	59.0229840	6.0415340	Kiwi Jørpeland	Kiwi		supermarket	Mo-Sa 07:00-23:00					+47 51747111
node	1606681852	59.0216160	6.0415080	Extra Jørpeland	Extra		supermarket	Mo-Sa 07:00-23:00				https://www.coop.no/butikker/extra/extra-jorpeland-1294	+47 51 74 71 01
node	1606683522	59.0201670	6.0400560	Extra Rådhusgaten	Extra		supermarket	Mo-Sa 07:00-23:00				https://www.coop.no/butikker/extra/extra-radhusgaten-4687	+47 51 74 77 18
node	1607823816	59.5666110	9.2197690	Rema 1000 Tuven	Rema 1000		supermarket	Mo-Sa 07:00-23:00					+47 35019404
node	1616627490	59.8979540	10.8033720	Rema 1000 Ryen	Rema 1000		supermarket	Mo-Sa 07:00-23:00					+47 22681966
node	1620186251	59.9146666	10.7540560	Nor Dagligvarer			convenience						
node	1622024466	59.2822158	11.1154105	Extra St. Marie gate	Extra		supermarket	Mo-Sa 07:00-23:00				https://www.coop.no/butikker/extra/extra-st-marie-gate-4658	+47 69 15 41 55
node	1634438282	59.8319210	10.7966320	Rema 1000 Holmlia	Rema 1000		supermarket	Mo-Sa 07:00-23:00					+47 22623775
node	1634438662	59.8306800	10.7869400	Bunnpris Holmlia	Bunnpris		supermarket	"Mo-Fr 07:00-23:00, Sa-Su 08:00-21:00"					+47 91677955
node	1635296235	59.0301330	9.7045750	Kiwi Grasmyr	Kiwi		supermarket	Mo-Sa 07:00-23:00				https://kiwi.no/Stottemeny/Butikker-og-apningstider/Telemark/BAMBLE/Kiwi-566-Grasmyr/	+47 35972031
node	1643391393	69.9727709	23.3722328	Kiwi Østre Elvebakken	Kiwi		supermarket	Mo-Sa 07:00-23:00					+47 78440010
node	1649242838	65.5371370	13.3872550	Coop Prix Trofors	Coop Prix		supermarket	"Mo-Fr 08:00-21:00, Sa 09:00-19:00"				https://www.coop.no/butikker/coop-prix/coop-prix-trofors-1589	+47 75 18 22 10
node	1652092723	59.9866101	11.0273615	Kiwi Holt Vestvollen	Kiwi		supermarket	Mo-Sa 07:00-23:00					+47 63878800
node	1652092748	59.9860220	11.0279720	Rema 1000 Holt Vestvollen	Rema 1000		supermarket	"Mo-Fr 06:00-23:00, Sa 07:00-23:00"					+47 63871072
node	1652908193	60.3891120	5.3308920	Global Food			convenience	Mo-Fr 10:00-20:00; Sa 10:00-19:00				https://www.globalfood.no/	+47 55 55 86 00
node	1652908424	59.1389800	10.2424230	Meny Haslesenteret	Meny		supermarket	"Mo-Fr 08:00-22:00, Sa 08:00-20:00"					+47 33449300
node	1654579595	65.8324390	13.2047130	Extra Mosjøen	Extra		supermarket	"Mo-Sa 07:00-23:00, Su 10:00-22:00"				https://www.coop.no/butikker/extra/extra-mosjoen-2472	+47 90 54 65 58
node	1655107199	59.1279060	10.2744590	Joker Gjekstad	Joker		supermarket	"Mo-Fr 08:00-21:00, Sa 08:00-18:00, Su 09:00-20:00"					+47 90858459
node	1655767719	59.9361090	10.8883940	Kiwi Jerikoveien	Kiwi		supermarket	Mo-Sa 07:00-23:00					+47 22327800
node	1657477788	68.0712180	13.5387290	Joker Ballstad	Joker		supermarket	"Mo-Fr 08:00-21:00, Sa 09:00-20:00, Su 10:00-17:00"					+47 76088117
node	1657480110	68.1302700	13.8502053	Joker Stamsund	Joker		supermarket	"Mo-Sa 08:00-22:00, Su 10:00-22:00"					+47 76089150
node	1657481403	68.5650680	14.9110650	Rema 1000 Stokmarknes	Rema 1000		supermarket	Mo-Sa 07:00-23:00					+47 76117650
node	1657483123	68.9747450	15.6442080	Joker Risøyhamn	Joker		supermarket	"Mo-Fr 08:00-20:00, Sa 10:00-18:00"				https://joker.no/finn-butikk/joker-risoyhamn	+47 48054415
node	1657483832	61.6311189	7.2636004	Joker Jostedal	Joker		supermarket	"Mo-Th 09:00-18:00, Fr 09:00-20:00, Sa 09:00-18:00"					+47 57683117
node	1660469411	67.2777330	14.4233380	Obs Bodø	Obs		supermarket	"Mo-Fr 09:00-22:00, Sa 09:00-20:00"				https://www.coop.no/butikker/obs/obs-bodo-2480	+47 75 59 10 00
node	1660695063	67.2776300	14.4628260	Bunnpris Grønnåsen	Bunnpris		supermarket	"Mo-Fr 08:00-22:00, Sa 09:00-22:00, Su 10:00-22:00"					+47 75558040
node	1660695071	67.2756260	14.4591640	Rema 1000 Alstad	Rema 1000		supermarket	Mo-Sa 07:00-23:00					+47 75566050
node	1660718988	67.2821270	14.4135080	Rema 1000 Stormyra	Rema 1000		supermarket	"Mo-Sa 06:00-23:00, Su 10:00-22:00"					+47 75509800
node	1660842914	69.4961120	17.4861670	Matkroken Senjahopen	Matkroken		supermarket	"Mo-Fr 10:00-20:00, Sa 10:00-15:00"				https://www.coop.no/butikker/coop-marked-matkroken/matkroken-senjahopen-4470	+47 77 85 87 08
node	1660842920	69.5088520	17.9019540	Joker Botnhamn	Joker		supermarket	"Mo-Fr 09:00-20:00, Sa 09:00-16:00"				https://joker.no/finn-butikk/joker-botnhamn	+47 77848500
node	1660842924	69.5439040	17.6643830	Joker Husøy	Joker		supermarket	"Mo-Fr 09:00-20:00, Sa 09:00-16:00"					+47 77851300
node	1660844138	69.6796436	18.9325263	Kiwi Håpet	Kiwi		supermarket	Mo-Sa 07:00-23:00				https://kiwi.no/Finn-butikk/Kiwi-Hapet	+47 77633106
node	1660844139	69.6723830	18.9232362	Rema 1000 Tromsø-K1	Rema 1000		supermarket	Mo-Sa 07:00-23:00					+47 77683484
node	1660848482	69.6519000	18.9570590	Rema 1000 Veita	Rema 1000		supermarket	Mo-Sa 07:00-23:00					+47 77641810
node	1660851635	69.2282320	17.9940680	Rema 1000 Finnsnes	Rema 1000		supermarket	Mo-Sa 07:00-23:00					+47 77842499
node	1660857388	68.4108000	15.9919000	Coop Prix Lødingen	Coop Prix		supermarket	Mo-Sa 07:00-22:00				https://www.coop.no/butikker/coop-prix/coop-prix-lodingen-1901	+47 76 93 12 33
node	1660857389	68.9254730	17.1217910	Snarkjøp Engenes dagligvarer	Snarkjøp	Engenes Dagligvarer AS	convenience						+47 907 32 608
node	1664529666	61.2312009	7.1047389	Asiatisk mat			convenience						+47 52672010
node	1666929775	63.4193960	10.3953610	Bunnpris & Gourmet Elgeseter	Bunnpris		supermarket	"Mo-Fr 07:00-23:00, Sa 09:00-23:00"					+47 73533265
node	1667001917	59.3559440	10.8472520	Kiwi Råde	Kiwi		supermarket	Mo-Sa 07:00-23:00				https://kiwi.no/Finn-butikk/kiwi-592-rade	+47 69282365
node	1668624452	67.2842380	14.3794650	Eurospar Koch Bodø	Spar		supermarket	"Mo-Fr 08:00-20:00, Sa 08:00-18:00"					+47 75549860
node	1669933465	59.9215030	10.7702340	Rema 1000 Sofienberg	Rema 1000		supermarket	Mo-Sa 07:00-23:00				http://rema1000.no/	+47 22083230
node	1670679549	58.4690290	8.7878290	Extra Havstad	Extra		supermarket	Mo-Sa 07:00-23:00				https://www.coop.no/butikker/extra/extra-havstad-4733	+47 37 01 52 88
node	1675803401	69.6493080	18.9537570	Extra Grønnegata	Extra		supermarket	Mo-Sa 07:00-23:00				https://www.coop.no/butikker/extra/extra-gronnegata-2648	+47 91 61 43 36
node	1675819775	67.2915810	14.4479700	Joker Langåsen	Joker		supermarket	"Mo-Fr 08:00-23:00, Sa-Su 10:00-23:00"					+47 75580880
node	1675826592	69.6397810	18.9707330	Rema 1000 Tromsdalen	Rema 1000		supermarket	"Mo-Fr 08:00-23:00, Sa 08:00-22:00"					+47 77602670
node	1675837156	69.6436838	18.9437138	Kiwi Balsfjordgata	Kiwi		supermarket	Mo-Sa 07:00-23:00				https://kiwi.no/Finn-butikk/Kiwi-Balsfjordgata	+47 77680075
node	1675849846	68.1482011	13.6169986	Bunnpris & Gourmet Leknes	Bunnpris		supermarket	"Mo-Sa 07:00-23:00, Su 10:00-23:00"					+47 76086366
node	1675849847	68.0890560	13.2279820	Bunnpris Ramberg	Bunnpris		supermarket	Mo-Fr 09:00-22:00; Su 12:00-18:00; Sa 09:00-21:00				https://www.bunnpris.no/butikker/bunnpris-ramberg	+47 41594050
node	1675849848	68.6938540	15.4162210	Bunnpris & Gourmet Sortland	Bunnpris		supermarket	"Mo-Fr 08:00-22:00, Sa 09:00-20:00, Su 09:00-23:00"					+47 76122300
node	1675849849	67.2765910	14.4183817	Eurospar Bodø	Spar		supermarket	"Mo-Fr 08:00-22:00, Sa 08:00-20:00"					+47 75507840
node	1675849854	68.2336237	14.5569339	Spar Svolvær	Spar		supermarket	"Mo-Fr 08:00-20:00, Sa 09:00-18:00"					+47 76070003
node	1683123611	69.0942722	18.5903684	Kiwi Andslimoen	Kiwi		supermarket	Mo-Sa 07:00-23:00					+47 77834555
node	1683127738	68.8128500	16.5145610	Rema 1000 Bergseng	Rema 1000		supermarket	Mo-Sa 07:00-23:00					+47 77077910
node	1683129064	69.1452860	18.1560320	Rema 1000 Sørreisa	Rema 1000		supermarket	Mo-Sa 07:00-23:00					+47 77864650
node	1683237640	68.7793070	16.5657440	Rema 1000 Kanebogen	Rema 1000		supermarket	Mo-Sa 07:00-21:00					+47 77070600
node	1683237644	68.4917110	16.5176330	Bunnpris Ramsund	Bunnpris		supermarket	Mo-Sa 08:00-21:00					+47 45461443
node	1683240860	69.0915086	17.6946376	Coop Prix Brøstadbotn	Coop Prix		supermarket	"Mo-Fr 08:00-22:00, Sa 08:00-21:00"				https://www.coop.no/butikker/coop-prix/coop-prix-brostadbotn-1916	+47 90 24 15 22
node	1683250735	68.6933860	17.4271880	Joker Gratangen	Joker		supermarket	"Mo-Fr 09:00-20:00, Sa 10:00-18:00"					+47 90475995
node	1683250738	68.7783660	17.1734110	Joker Hamnvik	Joker		supermarket	"Mo-Fr 08:00-20:00, Sa 10:00-18:00"					+47 91903704
node	1683250741	69.3928582	18.1809410	Joker Kårvikhamn	Joker		supermarket						
node	1683250752	68.6846736	16.5345472	Joker Sørvik			supermarket						
node	1683254616	68.8115040	16.5074720	Joker Bergseng	Joker		supermarket	Mo-Su 10:00-23:00					+47 77069300
node	1683258410	68.7295060	14.6001130	Joker Bø	Joker		supermarket	"Mo-Fr 08:00-20:00, Sa 08:00-18:00"					+47 90826555
node	1683258415	68.7149030	15.1500560	Joker Eidsfjord	Joker		supermarket	"Mo-Fr 09:00-19:00, Sa 09:00-17:00, Su 10:00-16:00"					+47 95413261
node	1684464711	68.7458630	16.5577550	Bunnpris Breivika	Bunnpris		supermarket	"Mo-Sa 07:00-23:00, Su 10:00-22:00"					+47 77079380
node	1684464718	69.2367550	17.9763530	Eurospar Finnsnes	Spar		supermarket	Mo-Sa 07:00-23:00					+47 77840100
node	1684464732	69.2428773	19.2297487	Bunnpris Storsteinnes			supermarket						
node	1685614073	67.2848571	14.3865354	Coop Prix Storgata	Coop Prix		supermarket	"Mo-Fr 07:00-23:00, Sa 08:00-22:00"				https://www.coop.no/butikker/coop-prix/coop-prix-storgata-1866	+47 75 54 27 93
node	1685642949	67.2283510	14.6025870	Coop Prix Saltstraumen	Coop Prix		supermarket	"Mo-Fr 07:00-23:00, Sa 08:00-22:00, Su 10:00-22:00"				https://www.coop.no/butikker/coop-prix/coop-prix-saltstraumen-1879	+47 75 58 71 20
node	1685642958	67.3132044	14.4501193	Extra Løpsmarka	Extra		supermarket	Mo-Sa 07:00-23:00				https://www.coop.no/butikker/extra/extra-lopsmarka-1876	+47 75 51 01 28
node	1685981529	68.2330802	14.5586468	Extra Svolvær	Extra		supermarket	Mo-Sa 07:00-23:00				https://www.coop.no/butikker/extra/extra-svolvaer-1892	+47 48 15 73 22
node	1685989603	68.6962749	15.4180544	Coop Elektro Sortland			supermarket						
node	1685989611	68.6958820	15.4185810	Coop Mega Sortland	Coop Mega		supermarket	"Mo-Fr 08:00-22:00, Sa 09:00-18:00"				https://www.coop.no/butikker/coop-mega/coop-mega-sortland-1898	+47 76 12 12 44
node	1685989620	68.4991569	14.7992128	Extra Melbu	Extra		supermarket	Mo-Sa 07:00-23:00				https://www.coop.no/butikker/extra/extra-melbu-1909	+47 76 15 73 16
node	1685998962	69.6731940	18.9765850	Extra Breivika	Extra		supermarket	Mo-Sa 07:00-23:00				https://www.coop.no/butikker/extra/extra-breivika-2492	+47 97 06 05 15
node	1686002718	69.3640000	18.3107000	Matkroken Rossfjord	Matkroken		supermarket	24/7				https://www.coop.no/butikker/coop-marked-matkroken/matkroken-rossfjord-4058	+47 91 60 92 30
node	1686004450	69.1435371	18.1569317	Extra Sørreisa	Extra		supermarket	Mo-Sa 07:00-23:00					
node	1686009261	68.7984411	16.5445317	Extra Fjordgata	Extra		supermarket	Mo-Sa 07:00-23:00				https://www.coop.no/butikker/extra/extra-fjordgata-2481	+47 48 17 78 49
node	1686009263	68.8769408	17.8298406	Extra Sjøvegan	Extra		supermarket	Mo-Sa 07:00-23:00					
node	1688807299	60.3785230	5.3537990	Bunnpris Møllendalsbakken	Bunnpris		supermarket	Mo-Su 08:00-22:00					+47 55200340
node	1693367528	62.0450000	5.3451000		Extra		supermarket						
node	1697472933	70.6775640	23.6718770	Rema 1000 Hammerfest	Rema 1000		supermarket	Mo-Sa 07:00-23:00					+47 78412985
node	1697483304	59.4641590	10.6893900	Extra Kambo Forum	Extra		supermarket	Mo-Sa 07:00-23:00				https://www.coop.no/butikker/extra/extra-kambo-forum-4701	+47 69 25 97 77
node	1699920273	58.4742780	8.8161800	Rema 1000 Krøgenes	Rema 1000		supermarket	Mo-Sa 07:00-23:00					+47 37033733
node	1706528898	60.3591581	5.3001169	Spar Sikthaugen	Spar		supermarket	"Mo-Fr 08:00-22:00, Sa 08:00-20:00"					+47 55163375
node	1708614597	59.3553360	5.2787910	Extra Avaldsnes	Extra		supermarket	Mo-Sa 07:00-23:00				https://www.coop.no/butikker/extra/extra-avaldsnes-1236	+47 90 19 87 95
node	1708618179	59.3538280	5.2777460	Rema 1000 Avaldsnes	Rema 1000		supermarket	Mo-Sa 07:00-23:00					+47 52828007
node	1709220501	59.9201520	11.1826040	Joker Løkenåsen	Joker		supermarket	"Mo-Sa 08:00-22:00, Su 09:00-21:00"					+47 47977912
node	1715933279	60.3874711	5.3280872	Kiwi Strømgaten	Kiwi		supermarket	Mo-Sa 07:00-23:00				https://kiwi.no/Finn-butikk/Kiwi-Stromgaten/	+47 55900673
node	1722253322	65.4251235	13.6615688	Snarkjøp Fiplingdal	Snarkjøp	Fiplingdal Landhandel SA	convenience						
node	1726378728	58.9659453	5.7584304	Rema 1000 Storhaug	Rema 1000		supermarket	"Mo-Sa 07:00-23:00, Su 09:00-21:00"					+47 51531525
node	1727168836	59.4832154	10.0101164	Spar Hvittingfoss	Spar		supermarket	"Mo-Fr 07:00-21:00, Sa 08:00-20:00"					+47 32772480
node	1727566202	60.3606200	5.3647890	Kiwi Birkeveien	Kiwi		supermarket	Mo-Sa 07:00-23:00				https://kiwi.no/Stottemeny/Butikker-og-apningstider/Hordaland/BERGEN/Kiwi-858-Birkeveien/	+47 55280465
node	1727574664	60.3579350	5.3686620	Rema 1000 Landås	Rema 1000		supermarket	Mo-Sa 07:00-23:00					+47 55281700
node	1729000678	60.1782710	10.2039450	Extra Heradsbygda	Extra		supermarket	Mo-Sa 07:00-23:00				https://www.coop.no/butikker/extra/extra-heradsbygda-1020	+47 32 11 02 20
node	1729148563	60.8372380	10.0696160	Rema 1000 Dokka	Rema 1000		supermarket	Mo-Sa 07:00-23:00					+47 61113350
node	1730271678	60.3614098	5.3679748	Zeugma minimarket			convenience						
node	1733878231	59.8200190	10.3825440	Extra Vardåsen	Extra		supermarket	Mo-Sa 07:00-23:00				https://www.coop.no/butikker/extra/extra-vardasen-4334	+47 66 76 00 04
node	1735174685	58.3376288	8.5931231	Spar Odden	Spar		supermarket	"Mo-Fr 08:00-21:00, Sa 08:00-20:00"				https://spar.no/Finn-butikk/spar-odden/	+47 48087048
node	1735872166	58.9223000	5.7242100	Extra Hinna	Extra		supermarket	Mo-Sa 07:00-23:00					
node	1736049159	60.2392977	10.3843753	Kiwi Jevnaker	Kiwi		supermarket	Mo-Sa 07:00-23:00					+47 61310550
node	1740622324	60.0001120	11.0424870	Rema 1000 Skedsmokorset	Rema 1000		supermarket	Mo-Sa 07:00-23:00					+47 64835620
node	1741165953	60.3926941	5.3264643	Kinsarvik Naturkost Xhibition	Kinsarvik Naturkost		convenience	Mo-Fr 09:00-20:00; Sa 09:00-18:00				https://www.kinsarvik.no/pages/kinsarvik-naturkost-xhibition	+47 56 91 36 07
node	1741165956	60.3947787	5.3210906	Reindyrka			convenience	Mo-Fr 09:00-19:00; Sa 09:00-18:00; Su 13:00-18:00				https://www.reindyrka.no/	
node	1741220715	59.9440880	10.8478040	Kiwi Veitvet	Kiwi		supermarket	Mo-Sa 07:00-23:00					+47 22164200
node	1744756912	59.1950090	9.5381100	Coop Prix Åfoss	Coop Prix		supermarket	"Mo-Fr 08:00-22:00, Sa 08:00-21:00"				https://www.coop.no/butikker/coop-prix/coop-prix-afoss-1213	+47 35 50 94 70
node	1747408189	59.2683570	11.1667130	Extra Iseveien	Extra		supermarket	Mo-Sa 07:00-23:00				https://www.coop.no/butikker/extra/extra-iseveien-1081	+47 69 10 27 00
node	1748016186	59.2162000	9.5681000	Extra Gulset	Extra		supermarket	Mo-Sa 07:00-23:00				https://www.coop.no/butikker/extra/extra-gulset-1191	+47 35 50 66 50
node	1748016333	59.2166713	9.5662098	Kiwi Gulset	Kiwi		supermarket	Mo-Sa 07:00-23:00					+47 35599060
node	1749588163	59.9273219	10.7589786	Innom Birkelunden	Innom		supermarket	Mo-Sa 07:00-23:00					+47 22381958
node	1754662671	59.9499479	10.7362703	Coop Mega Ullevål	Coop Mega		supermarket	"Mo-Fr 07:00-22:00, Sa 07:00-20:00"				https://www.coop.no/butikker/coop-mega/coop-mega-ulleval-4292	+47 22 58 16 60
node	1757165872	59.4153685	10.2800153	Spar Brekkeåsen	Spar		supermarket	"Mo-Fr 07:00-21:00, Sa 08:00-20:00"					+47 33060400
node	1760025317	61.5646860	4.7904160	Nærbutikken Rognaldsvåg	Nærbutikken		supermarket	"Mo-Fr 10:00-16:30, Sa 11:00-15:00"					+47 47703774
node	1764583200	68.7480280	17.8080350	Coop Prix Tennevoll	Coop Prix		supermarket	Mo-Sa 08:00-21:00				https://www.coop.no/butikker/coop-prix/coop-prix-tennevoll-2595	+47 45 87 26 78
node	1768092001	63.4330355	10.3928576	Asia matvarer			convenience	Mo-Sa 10:00-17:00				https://www.facebook.com/pages/Asia-Matvarer-Trondheim/181700391852466	
node	1768629726	63.0546300	9.2124300	Extra Rindal	Extra		supermarket	Mo-Sa 07:00-23:00				https://www.coop.no/butikker/extra/extra-rindal-1657	+47 97 99 48 51
node	1769606913	59.9196650	10.7394770	Extra Pilestredet park	Extra		supermarket	Mo-Sa 07:00-23:00				https://www.coop.no/butikker/extra/extra-pilestredet-park-2458	+47 22 99 35 80
node	1773697665	60.4048640	5.0009250	Bunnpris Ågotnes	Bunnpris		supermarket	"Mo-Fr 07:00-23:00, Sa 08:00-21:00, Su 10:00-21:00"					+47 56136345
node	1773901334	59.8495100	10.6587570	Kiwi Flaskebekk	Kiwi		supermarket	Mo-Sa 07:00-23:00					+47 66911602
node	1775566348	59.8353890	10.6426450	Rema 1000 Nesodden	Rema 1000		supermarket	Mo-Sa 07:00-23:00					+47 66963510
node	1784413473	59.2249730	10.9307330	Extra Christianslund	Extra		supermarket	Mo-Sa 07:00-23:00				https://www.coop.no/butikker/extra/extra-christianslund-4260	+47 69 31 68 88
node	1785440924	59.9310380	10.7533310	Joker Ila	Joker		supermarket	"Mo-Fr 08:00-23:00, Sa-Su 09:00-23:00"					+47 94712700
node	1786507188	58.0976663	6.6888851	Kiwi Vanse	Kiwi		supermarket	"Mo-Sa 07:00-23:00, Su 10:00-18:00"				https://kiwi.no/Stottemeny/Butikker-og-apningstider/Vest-Agder/FARSUND/Kiwi-711-Vanse/	+47 38393153
node	1790236526	59.9872740	11.2454140	Rema 1000 Sørumsand	Rema 1000		supermarket	"Mo-Fr 06:00-23:00, Sa 07:00-23:00"					+47 63820405
node	1792049371	59.4717000	11.1639510	Rema 1000 Skiptvet	Rema 1000		supermarket	Mo-Sa 07:00-23:00					+47 69809136
node	1795349372	59.9491210	10.7660600	Coop Mega Nydalen	Coop Mega		supermarket	"Mo-Fr 07:00-23:00, Sa 07:00-21:00"				https://www.coop.no/butikker/coop-mega/coop-mega-nydalen-4941	+47 23 26 06 30
node	1795593707	59.9406070	10.7594780	Joker Bjølsen	Joker		supermarket	Mo-Su 07:00-24:00					+47 40887799
node	1795799207	58.9937000	5.7311060	Meny	Meny		supermarket	"Mo-Fr 07:00-22:00, Sa 08:00-20:00"					+47 51594900
node	1800889670	69.4444530	17.2979160	Joker Skaland	Joker		supermarket	24/7				https://www.facebook.com/Jokerskaland/	+47 77858400
node	1805493558	61.1324650	11.3736894	Extra Rena	Extra		supermarket	Mo-Sa 07:00-23:00				https://www.coop.no/butikker/extra/extra-rena-2019	+47 62 44 07 00
node	1805493566	61.1314220	11.3684040	Rema 1000 Rena	Rema 1000		supermarket	Mo-Sa 07:00-23:00					+47 62440860
node	1809365395	65.4031480	12.5487730	Coop Prix Velfjord	Coop Prix		supermarket	"Mo-Fr 08:00-21:00, Sa 09:00-18:00"				https://www.coop.no/butikker/coop-prix/coop-prix-velfjord-1578	+47 75 02 41 05
node	1810728109	60.6291000	6.4243680	Extra Voss	Extra		supermarket	Mo-Sa 07:00-23:00				https://www.coop.no/butikker/extra/extra-voss-1419	+47 56 52 38 00
node	1810728111	60.6280971	6.4195426	Kiwi Vangen	Kiwi		supermarket	Mo-Sa 07:00-23:00					+47 56512735
node	1810728114	60.6291957	6.4267436	Coop Prix Voss	Coop Prix		supermarket	"Mo-Fr 07:00-22:00, Sa 09:00-20:00"				https://www.coop.no/butikker/coop-prix/coop-prix-voss-4793	+47 56 51 34 40
node	1810728115	60.6285075	6.4211235	Spar Voss	Spar		supermarket	"Mo-Fr 07:00-22:00, Sa 08:00-21:00"					+47 56523422
node	1813488094	58.0957354	6.7951031	Kiwi Farsund	Kiwi		supermarket	"Mo-Sa 07:00-23:00, Su 10:00-21:00"				http://m.kiwi.no/butikker_profile.php?id=276748	+47 38391477
node	1816089099	62.9716420	8.7216280	Bunnpris Skei	Bunnpris		supermarket	"Mo-Fr 07:00-22:00, Sa 09:00-21:00"					+47 71662040
node	1816089101	62.9693850	8.7107330	Rema 1000 Surnadal	Rema 1000		supermarket	Mo-Sa 07:00-23:00					+47 71663155
node	1817495110	59.9182307	10.5866135	Coop Prix Bekkestua	Coop Prix		supermarket	24/7				https://www.coop.no/butikker/coop-prix/coop-prix-bekkestua-2697	+47 67 81 89 20
node	1821382976	58.0995430	6.5840880	Joker Borhaug	Joker		supermarket	Mo-Sa 08:00-21:00				https://joker.no/finn-butikk/joker-borhaug	+47 45399788
node	1824762923	70.2001561	19.6105240	Joker Vannareid	Joker		supermarket	"Mo-Fr 09:00-20:00, Sa 10:00-18:00"					+47 94982781
node	1824762983	70.1934132	19.6151407	Matkroken Vannareid	Matkroken		supermarket	"Mo-Fr 09:00-20:00, Sa 10:00-16:00, Su 13:00-16:00"				https://www.coop.no/butikker/coop-marked-matkroken/matkroken-vannareid-4497	+47 77 74 96 30
node	1825053879	59.1155670	10.3920480	Spar Tjøme	Spar		supermarket	"Mo-Sa 07:00-22:00, Su 09:00-21:00"					+47 33303200
node	1832957708	58.3420410	6.2913050	Extra Sokndal	Extra		supermarket	"Mo-Fr 07:00-23:00, Sa 08:00-21:00"				https://www.coop.no/butikker/extra/extra-sokndal-1280	+47 51 47 44 00
node	1833950281	66.1997978	13.0229230	Coop Prix Nesna	Coop Prix		supermarket	"Mo-Fr 08:00-22:00, Sa 09:00-19:00"				https://www.coop.no/butikker/coop-prix/coop-prix-nesna-1639	+47 75 05 74 00
node	1833999652	64.4702000	11.5204000	Coop Prix Namsos	Coop Prix		supermarket	"Mo-Fr 07:00-22:00, Sa 09:00-20:00"				https://www.coop.no/butikker/coop-prix/coop-prix-namsos-1679	+47 94 17 85 30
node	1834014099	69.3200880	16.1238580	Bunnpris Storgata	Bunnpris		supermarket	"Mo-Fr 08:00-22:00, Sa 09:00-22:00"					+47 45839511
node	1834141941	61.4414730	7.4569790	Joker Luster	Joker		supermarket	Mo-Sa 06:00-23:00					+47 57685482
node	1834148089	61.4906086	7.6004248	Coop Prix Skjolden	Coop Prix		supermarket	24/7					
node	1834315808	61.3145070	10.3000180	Coop Prix Tretten	Coop Prix		supermarket	"Mo-Fr 07:00-21:00, Sa 09:00-20:00"				https://www.coop.no/butikker/coop-prix/coop-prix-tretten-2046	+47 61 27 60 20
node	1834315811	61.3183960	10.3004350	Joker Tretten	Joker		supermarket	"Mo-Fr 07:00-21:00, Sa 09:00-21:00"					+47 90692213
node	1834319932	61.5937363	9.7286086	Kiwi Vinstra	Kiwi		supermarket	Mo-Sa 07:00-23:00					+47 61291522
node	1834330624	63.0479850	10.2832110	Extra Støren	Extra		supermarket	Mo-Sa 07:00-23:00				https://www.coop.no/butikker/extra/extra-storen-1725	+47 72 43 30 31
node	1834384071	64.4572360	11.5321390	Extra Namsos	Extra		supermarket	Mo-Sa 07:00-23:00				https://www.coop.no/butikker/extra/extra-namsos-2463	+47 91 17 34 50
node	1834390282	64.4674650	11.5048020	Rema 1000 Namsos	Rema 1000		supermarket	Mo-Sa 07:00-23:00					+47 74273720
node	1834400426	64.9838250	11.7588520	Coop Marked Naustbukta	Coop Marked		supermarket	"Mo-Fr 10:00-19:00, Sa 10:00-16:00"				https://www.coop.no/butikker/coop-marked-matkroken/coop-marked-naustbukta-1610	+47 90 57 10 52
node	1835515864	60.4001551	5.3253796	Bunnpris Støletorget	Bunnpris		supermarket	"Mo-Sa 07:00-00:00, Su 09:00-00:00"					
node	1835811355	58.1493650	7.9715920	Meny Grim	Meny		supermarket	Mo-Fr 08:00-22:00; Sa 08:00-20:00					+47 38179650
node	1835844951	62.2126053	6.5658965	Urke landhandel			convenience						
node	1836904082	61.2439889	10.4384771	Kiwi Øyer	Kiwi		supermarket	"Mo-Sa 07:00-23:00, Su 09:00-21:00"					+47 61277133
node	1841209350	59.9414264	10.6417520	Joker Vækerøveien	Joker		supermarket	Mo-Su 08:00-22:00					+47 21377077
node	1841211150	59.9472350	10.6425270	Rema 1000 Røakrysset	Rema 1000		supermarket	Mo-Sa 07:00-23:00					+47 22525500
node	1841211153	59.9480110	10.6439650	Meny Røa	Meny		supermarket	"Mo-Fr 08:00-22:00, Sa 08:00-20:00"					+47 23296900
node	1843114877	59.7873310	5.4970850	Kiwi Kunnskapshuset	Kiwi		supermarket	Mo-Sa 07:00-23:00					+47 53411224
node	1846006158	58.1483970	7.9244030	Extra Vestheiene	Extra		supermarket	Mo-Sa 07:00-23:00				https://www.coop.no/butikker/extra/extra-vestheiene-4054	+47 38 03 16 40
node	1847099875	58.1249698	7.9541774	Kiwi Vågsbygd senter	Kiwi		supermarket	Mo-Sa 07:00-23:00					+47 38012867
node	1850218275	63.4327813	10.3970237	7-Eleven Thomas Angells gate	7-Eleven		convenience	"Mo-Th 06:00-01:00, Fr,Sa 08:00-04:00, Su 08:00-24:00"					+47 48126585
node	1853564214	58.7212290	5.6548610	Rema 1000 Håland	Rema 1000		supermarket	Mo-Sa 07:00-23:00					+47 51487902
node	1854305986	62.0365110	5.5296600	Joker Åheim	Joker		supermarket	Mo-Sa 08:00-20:00					+47 70024066
node	1856154637	58.1483369	8.0044037	Kiwi Elvegata	Kiwi		supermarket	Mo-Sa 07:00-23:00					+47 38044577
node	1859317811	58.1447560	7.9943920	7-Eleven Markensgate	7-Eleven		convenience	"Mo-We 06:00-03:00, Th 06:00-24:00"					+47 38070540
node	1859844724	60.4989230	8.0421750	Joker Ustaoset	Joker		supermarket	"Mo-Fr 10:00-20:00, Sa 09:00-18:00, Su 11:00-18:00"					+47 32093150
node	1863602429	58.1521660	7.9569020	Joker Krossen	Joker		supermarket	"Mo-Fr 08:00-21:00, Sa-Su 10:00-21:00"					+47 38030207
node	1863740035	59.1758990	6.0678980	Joker Fister	Joker		supermarket	"Mo-Th 09:00-19:00, Fr 09:00-20:00, Sa 09:00-18:00"					+47 41230450
node	1863740038	59.1511370	6.1806630	Coop Prix Årdal	Coop Prix		supermarket	"Mo-Fr 08:00-21:00, Sa 08:00-20:00"				https://www.coop.no/butikker/coop-prix/coop-prix-ardal-1315	+47 51 75 10 00
node	1868812371	58.1537370	8.0139540	Coop Prix St. Olavs vei	Coop Prix		supermarket	Mo-Sa 07:00-23:00				https://www.coop.no/butikker/coop-prix/coop-prix-st-olavsvei-1342	+47 90 59 13 61
node	1869433048	61.2086900	5.8240630	Joker Vadheim	Joker		supermarket	"Mo-Fr 09:00-20:00, Sa 09:00-18:00"					+47 57714807
node	1872454150	64.2026510	12.2579526	Coop Marked Brede	Coop Marked		supermarket	"Mo-Fr 09:00-19:00, Sa 09:00-18:00"				https://www.coop.no/butikker/coop-marked-matkroken/coop-marked-brede-1693	+47 99 29 33 32
node	1877857583	68.1485888	13.6143361	Asia mat			convenience						
node	1877857585	68.1470446	13.6105846	Asia produkt			convenience						
node	1877857613	68.0346360	13.3496990	Nusfjord Landhandel			convenience						
node	1879776765	59.2507175	5.8555181	Aubøsund Landhandel			convenience						
node	1883585896	59.9211070	10.7296740	Joker Parkveien Oslo	Joker		supermarket	24/7					+47 90294717
node	1886471289	59.9121223	10.7550785	Joker Plaza	Joker		supermarket	24/7				https://joker.no/	+47 45 46 24 62
node	1887116200	58.7659530	8.4832000	Coop Prix Åmli	Coop Prix		supermarket	"Mo-Fr 08:00-22:00, Sa 08:00-20:00"				https://www.coop.no/butikker/coop-prix/coop-prix-amli-2129	+47 48 13 62 39
node	1892729984	59.2757900	10.4515580	Rema 1000 Olsrød park	Rema 1000		supermarket	Mo-Sa 07:00-23:00					+47 33326000
node	1893432407	67.9263060	15.0116710	Joker Våg	Joker		supermarket	"Mo-Fr 09:00-20:00, Sa 10:00-18:00"					+47 75777841
node	1893576427	67.2687160	15.3964160	Extra Fauske	Extra		supermarket	Mo-Sa 07:00-23:00				https://www.coop.no/butikker/extra/extra-fauske-2485	+47 94 84 22 93
node	1893803736	60.1122750	10.8615250	Kiwi Tøyenhaugen	Kiwi		supermarket	Mo-Sa 07:00-22:00				https://kiwi.no/	+47 67075103
node	1895117397	60.3603868	5.3602040	Sletten Eksotisk Mat			convenience						
node	1896814062	58.9932840	5.7294540	Rema 1000 Hundvåg	Rema 1000		supermarket	Mo-Sa 07:00-23:00					+47 51547125
node	1900715300	58.7347040	5.6384370	Rema 1000 Bryne	Rema 1000		supermarket	Mo-Sa 07:00-23:00					+47 51485022
node	1902078340	59.3717420	10.2643060	Meny Revetal	Meny		supermarket	"Mo-Fr 07:00-21:00, Sa 07:00-20:00"					+47 33061110
node	1904034134	63.6878656	9.6657440		Rema 1000		supermarket						
node	1904881867	70.3082700	25.0617890	Coop Marked Billefjord	Coop Marked		supermarket	"Mo-Fr 09:00-20:00, Sa 10:00-18:00"				https://www.coop.no/butikker/coop-marked-matkroken/coop-marked-billefjord-1930	+47 97 73 41 33
node	1905068241	59.9145120	10.9682520	Extra Finstadjordet	Extra		supermarket	Mo-Sa 07:00-23:00				https://www.coop.no/butikker/extra/extra-finstadjordet-nbda-4069	+47 67 90 70 00
node	1908063652	59.9557890	10.4806780	Rema 1000 Lommedalen	Rema 1000		supermarket	Mo-Sa 07:00-23:00					+47 67560708
node	1910600678	61.0871170	6.5798970	Extra Vik	Extra		supermarket	"Mo-Fr 07:00-23:00, Sa 07:00-21:00"				https://www.coop.no/butikker/extra/extra-vik-1406	+47 57 69 89 13
node	1913789216	59.2891880	10.4176660	Rema 1000 Eik	Rema 1000		supermarket	Mo-Sa 07:00-23:00					+47 33334105
node	1925271890	60.4627180	5.3193780	Rema 1000 Ulset	Rema 1000		supermarket	Mo-Sa 07:00-23:00				https://www.rema.no/butikker/Bergen/rema-1000-ulset/427682	+47 55245040
node	1927796163	60.6657420	5.1145340	Nærbutikken Feste	Nærbutikken		supermarket	Mo-Su 06:00-24:00					+47 56355150
node	1930555743	59.9317940	10.7224170	Joker Kirkeveien	Joker		supermarket	"Mo-Sa 07:00-23:30, Su 09:00-23:30"					+47 47976302
node	1935686212	60.4686650	11.6216930	Joker Bakketun	Joker		supermarket	"Mo-Fr 09:00-20:00, Sa 09:00-18:00"					+47 62976620
node	1937387859	59.9188680	10.9519890	Extra Triaden	Extra		supermarket	Mo-Sa 07:00-23:00				https://www.coop.no/butikker/extra/extra-triaden-4964	+47 67 98 94 40
node	1937388033	59.9218490	10.9531590	Rema 1000 Skårer	Rema 1000		supermarket	Mo-Sa 07:00-23:00					+47 67901100
node	1937884546	59.9987650	5.4964150	Joker Uggdal	Joker		supermarket	"Mo-Fr 08:00-18:00, Sa 09:00-16:00"					+47 53432066
node	1945036030	60.2664083	8.5993337	Joker Uvdal	Joker		supermarket	24/7					+47 46863405
node	1945099505	60.4614326	8.7591809	Joker Tunhovd	Joker		supermarket	24/7					+47 94785487
node	1945157531	60.0406670	9.1559760	Extra Veggli	Extra		supermarket	"Mo-Fr 07:00-23:00, Sa 07:00-21:00, Su 09:00-21:00"				https://www.coop.no/butikker/extra/extra-veggli-4059	+47 32 74 61 08
node	1945348497	59.9524698	10.8675650	Hawaii Storkiosk og Spill			convenience						
node	1945780947	60.6293869	8.5629223	Kiwi Ål	Kiwi		supermarket	"Mo-Sa 07:00-23:00, Su 09:00-21:00"					+47 32082810
node	1945781063	60.6283605	8.5603694	Spar Ål	Spar		supermarket	"Mo-Fr 08:00-22:00, Sa 09:00-21:00, Su 12:00-18:00"					+47 32085500
node	1947169713	59.4999190	10.2575710	Extra Gullhaug	Extra		supermarket	Mo-Sa 07:00-23:00				https://www.coop.no/butikker/extra/extra-gullhaug-4699	+47 33 05 55 99
node	1952599619	59.4823630	10.6955290	Kiwi Kambo	Kiwi		supermarket	Mo-Sa 07:00-23:00				https://kiwi.no/Finn-butikk/kiwi-377-kambo	+47 69258138
node	1958813029	59.6843700	10.6610780	Kiwi Heer	Kiwi		supermarket	Mo-Sa 07:00-23:00				https://kiwi.no/	+47 64938988
node	1963751067	59.9342290	10.9945710	Kiwi Nordbyhagen	Kiwi		supermarket	Mo-Sa 07:00-23:00				https://kiwi.no/Stottemeny/Butikker-og-apningstider/Akershus/LORENSKOG/Kiwi-503-Nordbyhagen/	+47 67904270
node	1964284141	59.9471560	10.7319960	Kiwi Sognsveien	Kiwi		supermarket	Mo-Sa 07:00-23:00				https://kiwi.no/Stottemeny/Butikker-og-apningstider/Oslo/OSLO/Kiwi-370-Sognsveien/	+47 22232284
node	1966701742	61.7570120	11.9602250	Coop Prix Engerdal	Coop Prix		supermarket	"Mo-Th 08:00-20:00, Fr 08:00-21:00, Sa 09:00-18:00, Su 11:00-16:00"				https://www.coop.no/butikker/coop-prix/coop-prix-engerdal-2062	+47 62 45 80 15
node	1973442760	59.2645667	11.1576593	Kiwi Borgenhaugen	Kiwi		supermarket	Mo-Sa 07:00-23:00				https://kiwi.no/Finn-butikk/kiwi-442-borgenhaugen	+47 69163134
node	1974502152	69.5413080	20.5473890	Coop Prix Manndalen	Coop Prix		supermarket	"Mo-Fr 08:00-22:00, Sa 08:00-21:00"				https://www.coop.no/butikker/coop-prix/coop-prix-manndalen-1968	+47 91 15 82 70
node	1974935433	61.4516360	5.8510250	Spar Førde	Spar		supermarket	"Mo-Fr 06:00-22:00, Sa 08:00-20:00"				https://spar.no/Finn-butikk/SPAR-Handelshuset-Forde/	+47 57721730
node	1975651376	60.3999400	5.3236800	Kiwi Birkebeinersenteret	Kiwi		supermarket	Mo-Sa 07:00-23:00				https://kiwi.no/	+47 55312104
node	1976219115	59.9195520	10.7183800	Joker Briskeby	Joker		supermarket	"Mo-Fr 08:00-23:00, Sa-Su 09:00-23:00"					+47 94133971
node	1976400569	60.3891800	5.3172650	Kolonialen			convenience	Mo-Fr 09:00-17:30; Sa 10:00-15:00; Su 12:00-16:00					
node	1977065695	59.9156260	10.7171490	7-Eleven Market Frognerveien	7-Eleven		convenience	Mo-Th 07:00-23:00; Fr 07:00-23:59; Sa-Su 00:00-23:59					+47 22552917
node	1980921706	58.9843348	5.6914807	Helgø Meny Tasta	Meny		supermarket	"Mo-Fr 07:00-21:00, Sa 09:00-20:00"					+47 51853900
node	1982627399	60.2514865	9.6520152	Veikåker landhandleri og antikk			convenience						
node	1982629826	62.5744190	11.3969270	Rema 1000 Røros	Rema 1000		supermarket	"Mo-Sa 07:00-23:00, Su 10:00-23:00"					+47 72412680
node	1982659425	58.4162520	6.6609050	Coop Prix Sira	Coop Prix		supermarket	"Mo-Fr 08:00-22:00, Sa 08:00-21:00"				https://www.coop.no/butikker/coop-prix/coop-prix-sira-1262	+47 91 77 72 98
node	1982661633	63.0463850	9.7088000	Coop Prix Meldal	Coop Prix		supermarket	"Mo-Fr 08:00-21:00, Sa 09:00-20:00"				https://www.coop.no/butikker/coop-prix/coop-prix-meldal-1631	+47 72 49 73 50
node	1982661646	62.9848930	9.7423190	Coop Prix Å	Coop Prix		supermarket	"Mo-Fr 08:00-21:00, Sa 08:00-20:00"				https://www.coop.no/butikker/coop-prix/coop-prix-a-1757	+47 99 11 92 29
node	1983640611	59.8829393	10.8453582	Coop Mega Bøler	Coop Mega		supermarket	"Mo-Fr 08:00-22:00, Sa 08:00-20:00"				https://www.coop.no/butikker/coop-mega/coop-mega-boler-1097	+47 22 26 01 90
node	1984044027	58.0439240	7.1439720	Kiwi Spangereid	Kiwi		supermarket	"Mo-Sa 07:00-21:00, Su 12:00-18:00"					+47 38259401
node	1986911755	59.9303780	10.7198719	Bunnpris Kirkeveien	Bunnpris		supermarket	"Mo-Fr 08:00-23:00, Sa-Su 09:00-22:00"					+47 22463120
node	1988695258	59.9165180	10.7146800	7-Eleven Niels Juels gate	7-Eleven		convenience	24/7				http://www.7-eleven.no	+47 22560050
node	1997900769	60.6357732	6.4666007	Rema 1000 Palmafossen	Rema 1000		supermarket	Mo-Sa 07:00-23:00					+47 56510768
node	2005349718	59.9504390	10.6935840	Extra Slemdal	Extra		supermarket	Mo-Sa 07:00-23:00				https://www.coop.no/butikker/extra/extra-slemdal-4611	+47 22 14 14 14
node	2011515793	59.8558134	10.6613289	Røtter		Nesodden Naturprodukter	convenience	Mo-Fr 10:00-20:00; Sa 09:00-18:00				https://roetter.no/	+47 66914843
node	2038273854	59.7614800	5.4569780	Kiwi Heiane	Kiwi		supermarket	Mo-Sa 07:00-23:00					+47 53416451
node	2040054525	69.6900060	18.8602880	Rema 1000 Kvaløya	Rema 1000		supermarket	Mo-Sa 07:00-23:00					+47 91247619
node	2070683122	62.1730420	6.0438580	Extra Volda	Extra		supermarket	Mo-Sa 07:00-23:00				https://www.coop.no/butikker/extra/extra-volda-2499	+47 97 99 47 80
node	2073487492	59.9365900	10.8269420	Meny Vollebekk	Meny		supermarket	"Mo-Fr 08:00-22:00, Sa 09:00-20:00"					+47 23249100
node	2076928815	59.9163930	10.7123570	Kiwi Bygdøy allé	Kiwi		supermarket	Mo-Sa 07:00-23:00					+47 22551017
node	2082798907	59.4915347	6.5154125	Coop Prix Suldal	Coop Prix		supermarket	Mo-Sa 00:01-24:00				https://www.coop.no/butikker/coop-prix/coop-prix-suldal-2797	+47 52 79 93 12
node	2082798908	59.4912930	6.5141600	Joker Suldalsosen	Joker		supermarket	Mo-Sa 08:00-20:00					+47 52799310
node	2087906987	59.9322960	11.0672950	Kiwi Rælingen	Kiwi		supermarket	Mo-Sa 07:00-23:00					+47 63830510
node	2090986184	62.8927860	7.6806350	Bunnpris Batnfjord	Bunnpris		supermarket	"Mo-Fr 08:00-21:00, Sa 09:00-20:00"					+47 71290119
node	2102527852	58.8655320	5.7355040	Rema 1000 Varatun	Rema 1000		supermarket	Mo-Sa 07:00-23:00					+47 51667055
node	2104090957	59.9432100	10.7621810	Meny Bjølsen	Meny		supermarket	"Mo-Fr 08:00-22:00, Sa 09:00-20:00"				https://meny.no/Info/Finn-din-butikk/Meny-Bjolsen/	+47 23008250
node	2110844530	62.1191800	5.3184640	Bunnpris Stad	Bunnpris		supermarket	Mo-Sa 09:00-20:00					+47 57857455
node	2111428284	62.4672423	6.3508665	AMFI MOA NORD			supermarket						
node	2112026737	63.4215020	10.4940730	Extra Charlottenlund	Extra		supermarket	Mo-Sa 07:00-23:00				https://www.coop.no/butikker/extra/extra-charlottenlund-2855	+47 40 00 12 32
node	2112968283	59.9366800	10.7658640	Kiwi Vogts gate	Kiwi		supermarket	Mo-Sa 07:00-23:00					+47 22150157
node	2112985822	59.9439897	10.7711855	Rema 1000 Storo	Rema 1000		supermarket	Mo-Sa 07:00-23:00					+47 22222462
node	2113097352	62.4991070	6.1300520	Bunnpris Valderøy	Bunnpris		supermarket	"Mo-Sa 08:00-22:00, Su 10:00-22:00"					+47 70181304
node	2113101612	62.5068840	6.1025480	Kiwi Valderøy	Kiwi		supermarket	Mo-Sa 07:00-23:00					+47 70182530
node	2116817353	59.4061250	5.2877590	Bunnpris Karmsundgata	Bunnpris		supermarket	"Mo-Fr 07:00-22:00, Sa 08:00-22:00"					+47 52727444
node	2160774617	67.2833972	14.3781781	7-Eleven	7-Eleven		convenience						
node	2166712161	60.1920147	11.9946827	Kiwi Kongssenteret	Kiwi		supermarket	Mo-Sa 07:00-23:00					+47 62815806
node	2177366159	58.4376550	6.0005360	Joker Egersund	Joker		supermarket	"Mo-Fr 07:30-21:00, Sa 09:00-19:00"				https://joker.no/finn-butikk/joker-egersund	+47 51490802
node	2179116481	59.9106820	10.6409040	Spar Lysaker brygge	Spar		supermarket	"Mo-Fr 07:00-21:00, Sa 08:00-20:00"					+47 67803800
node	2180171999	58.9653180	5.7615910	Kiwi Lervig brygge	Kiwi		supermarket	Mo-Sa 07:00-23:00					+47 51524935
node	2185251147	58.4981166	8.6441402	Kiwi Blakstadheia	Kiwi		supermarket	Mo-Sa 07:00-23:00					+47 37038112
node	2185888665	69.9652530	23.2720600	Bunnpris & Gourmet Alta	Bunnpris		supermarket	"Mo-Fr 09:00-21:00, Sa 09:00-18:00"					+47 78437711
node	2202447756	59.7310340	10.2213490	Rema 1000 Tollbugaten	Rema 1000		supermarket	"Mo-Fr 06:00-24:00, Sa 07:00-24:00"				https://www.rema.no/butikker/buskerud/drammen/rema-1000-tollbugaten/	+47 32812525
node	2225531496	61.7474223	9.7231655				convenience						
node	2242403114	59.8493370	10.8307310	Kiwi Mortensrud	Kiwi		supermarket	Mo-Sa 07:00-23:00					+47 22625325
node	2260247230	59.9189640	10.5853240	Rema 1000 Signaturgården	Rema 1000		supermarket	Mo-Sa 07:00-23:00					+47 67105830
node	2260251097	59.9170820	10.5884380	Extra Bekkestua	Extra		supermarket	Mo-Sa 07:00-23:00				https://www.coop.no/butikker/extra/extra-bekkestua-4066	+47 67 12 40 30
node	2260252240	59.9161811	10.5882980	Meny Bekkestua	Meny		supermarket	"Mo-Fr 09:00-21:00, Sa 09:00-19:00"				https://meny.no/Finn-butikk/MENY-Bekkestua/	+47 67118720
node	2260269729	59.9363386	10.5839422	Kiwi Hosle	Kiwi		supermarket	Mo-Sa 08:00-22:00					+47 67156618
node	2260281370	59.9437100	10.6074230	Meny Østerås	Meny		supermarket	"Mo-Fr 08:00-21:00, Sa 08:00-19:00"					+47 67166020
node	2260289865	59.9263914	10.6208499	Meny Jarhuset	Meny		supermarket	"Mo-Fr 08:00-22:00, Sa 08:00-20:00"					+47 67103400
node	2261568893	59.8901097	10.5203630	Meny Sandvika storsenter	Meny		supermarket	"Mo-Fr 09:00-21:00, Sa 09:00-19:00"					+47 67521500
node	2271519136	58.8542730	5.7517990	Extra Hana Sanz	Extra		supermarket	"Mo-Sa 07:00-23:00, Su 09:00-20:00"				https://www.coop.no/butikker/extra/extra-hana-sanz-2851	+47 90 95 64 00
node	2272979127	59.9419950	10.8080890	Kiwi Bjerke	Kiwi		supermarket	Mo-Sa 07:00-23:00					+47 22645606
node	2275990844	63.4304160	10.4199960	Rema 1000 Rosenborg	Rema 1000		supermarket	Mo-Sa 07:00-23:00					+47 73524886
node	2276603072	59.9146110	10.7666090	Nærbutikken Heimdalsgata	Nærbutikken		supermarket	Mo-Su 09:00-24:00					+47 96808433
node	2278070272	59.8806120	8.6376060	Kiwi Rjukan	Kiwi		supermarket	"Mo-Fr 07:00-23:00, Sa 08:00-21:00, Su 10:00-18:00"					+47 35091587
node	2278258606	59.9390380	10.7533620	Rema 1000 Mogata	Rema 1000		supermarket	"Mo-Fr 07:00-23:00, Sa 08:00-22:00"					+47 23264490
node	2278325448	64.3926820	11.3939660	Coop Marked Bangsund			convenience						
node	2285449944	59.4938590	10.6907470	Rema 1000 Son	Rema 1000		supermarket	Mo-Sa 07:00-23:00					+47 64956990
node	2296148215	58.4174840	8.7007540	Rema 1000 Nedenes	Rema 1000		supermarket	Mo-Sa 06:00-23:00					+47 37094676
node	2296319193	58.3419880	6.2844110	Kiwi Sokndal	Kiwi		supermarket	"Mo-Fr 07:00-23:00, Sa 08:00-21:00"					+47 51477050
node	2296967701	63.2934390	9.0841290	Extra Kyrksæterøra	Extra		supermarket	Mo-Sa 07:00-23:00				https://www.coop.no/butikker/extra/extra-kyrksaeterora-1778	+47 97 99 48 15
node	2296978798	63.2909350	9.0868580	Rema 1000 Kyrksæterøra	Rema 1000		supermarket	Mo-Sa 07:00-23:00				https://www.rema.no/	+47 72454500
node	2296987710	63.2922110	9.0872520	Kiwi Kyrksæterøra	Kiwi		supermarket	Mo-Sa 07:00-23:00				https://kiwi.no/	+47 72452425
node	2298256855	60.4782010	5.2126300	Spar Ask	Spar		supermarket	"Mo-Fr 07:00-21:00, Sa 09:00-20:00"					+47 91624144
node	2299438035	60.8015100	10.6725950	Coop Prix Tranberg	Coop Prix		supermarket	"Mo-Fr 07:00-22:00, Sa 08:00-21:00"				https://www.coop.no/butikker/coop-prix/coop-prix-tranberg-4952	+47 61 17 03 20
node	2300565411	60.3900910	5.3216340	Extra Håkonsgaten	Extra		supermarket	Mo-Sa 07:00-24:00				https://www.coop.no/butikker/extra/extra-hakonsgaten-4572	+47 55 32 52 60
node	2300620352	59.9055150	10.5502660	Snarkjøp Løkeberg	Snarkjøp		supermarket						
node	2312759338	61.1315340	11.3705110	Kiwi Rena	Kiwi		supermarket	Mo-Sa 07:00-23:00					+47 62440117
node	2328000381	60.3494210	5.2770530	Kiwi Spelhaugen	Kiwi		supermarket	Mo-Sa 07:00-23:00				https://kiwi.no/	+47 55162541
node	2328009314	60.4637531	5.3040870	Kiwi Ulset	Kiwi		supermarket	Mo-Sa 07:00-23:00					+47 55182650
node	2328065316	60.4073270	5.4759710	Kiwi Arnatveit	Kiwi		supermarket	Mo-Sa 07:00-23:00				https://kiwi.no/	+47 55240751
node	2328072244	60.4246360	5.4706610	Kiwi Indre Arna	Kiwi		supermarket	Mo-Sa 07:00-23:00				https://kiwi.no/	+47 55191155
node	2328097817	60.3865200	5.2997350	Extra Damsgård	Extra		supermarket	Mo-Sa 07:00-23:00				https://www.coop.no/butikker/extra/extra-damsgard-4582	+47 55 34 73 50
node	2328104155	60.3951820	5.3188070	Extra Gågaten	Extra		supermarket	Mo-Sa 07:00-23:00				https://www.coop.no/butikker/extra/extra-gagaten-4231	+47 55 23 16 30
node	2328110524	60.3861330	5.3488360	Extra Kalfarveien	Extra		supermarket	Mo-Sa 07:00-23:00				https://www.coop.no/butikker/extra/extra-kalfarveien-4665	+47 55 31 79 99
node	2330272550	59.9575040	11.0171270	Joker Strømmen	Joker		supermarket	"Mo-Fr 08:00-22:00, Sa-Su 09:00-21:00"					+47 67799044
node	2335633355	59.8675000	10.7926130	Matkroken Bråten	Matkroken		supermarket	"Mo-Fr 07:00-22:00, Sa 08:00-21:00"				https://www.coop.no/butikker/coop-marked-matkroken/matkroken-braten-4521	+47 22 28 27 75
node	2340408486	63.3739272	10.3455217	Europris Flatåsen	Europris		supermarket	"Mo-Fr 09:00-20:00, Sa 09:00-18:00"					+47 95361658
node	2345333004	60.3919380	5.3295760	Oliven Mat		Abdulla Jihad Miqdad	supermarket	Mo-Su 09:00-21:00					+47 922 58 812;+47 973 20 085
node	2345967377	59.9520640	11.0452650	Rema 1000 Kanalveien	Rema 1000		supermarket	"Mo-Fr 06:00-23:00, Sa 07:00-23:00"				https://butikk.rema.no/REMA+1000+Kanalveien/1553828	+47 63892880
node	2347993076	59.7631694	9.9242469	Joker Hokksund	Joker		supermarket	"Mo-Fr 08:00-19:00, Sa 09:00-18:00"					+47 32751723
node	2348305923	61.1262370	8.5782680	Coop Prix Fjellvang	Coop Prix		supermarket	"Mo-Fr 08:00-22:00, Sa 09:00-21:00"				https://www.coop.no/butikker/coop-prix/coop-prix-fjellvang-2101	+47 61 36 75 30
node	2351840801	69.7280372	30.0402686	Duangs Asias Mat			convenience						
node	2351909330	69.7267010	30.0458360	Joker Kirkenes	Joker		supermarket	"Mo-Fr 09:00-21:00, Sa 09:00-18:00"					+47 78991266
node	2351909337	69.6880665	29.9929533				convenience						
node	2352570836	59.7265060	10.2272470	Spar Kristensen	Spar		supermarket	"Mo-Fr 07:00-22:00, Sa 08:00-20:00"					+47 32819703
node	2355864265	59.9277290	10.7317180	Bislet Helsekost			convenience						+47 22960022
node	2360953907	61.9042400	6.7194940	Bunnpris Stryn	Bunnpris		supermarket	"Mo-Fr 08:00-22:00, Sa 08:00-20:00, Su 12:00-19:00"					+47 57871013
node	2360953908	61.9036720	6.7186250	Rema 1000 Stryn	Rema 1000		supermarket	"Mo-Sa 07:00-23:00, Su 09:00-21:00"					+47 57872024
node	2361432405	59.9291030	10.7673080	Marmaris Dagligvare			convenience	Mo-Su 09:00-23:00					
node	2364176930	59.9283532	10.7608199	Chili dagligvarer			supermarket						
node	2374341820	59.9625390	10.9224170	Kiwi Stovner	Kiwi		supermarket	Mo-Sa 07:00-23:00					+47 22216144
node	2375294644	66.8676769	13.7053340	Mix Ørnes	Mix		convenience	Mo-Fr 10:00-20:00; Sa 11:00-18:00; Su 13:00-20:00					
node	2375529445	66.8737384	13.7071139	Rema 1000 Ørnes	Rema 1000		supermarket	Mo-Sa 07:00-23:00					+47 75754346
node	2376025057	61.7586870	9.2854020	Kiwi Heidal	Kiwi		supermarket	"Mo-Fr 08:00-21:00, Sa 09:00-21:00"					+47 61234114
node	2377643494	59.3892180	5.2734990	Kiwi Torvastad	Kiwi		supermarket	Mo-Sa 07:00-23:00					+47 52839707
node	2378730114	63.2857830	10.2757850	Extra Melhus	Extra		supermarket	Mo-Sa 07:00-23:00				https://www.coop.no/butikker/extra/extra-melhus-1824	+47 40 00 12 53
node	2392018750	59.8894560	10.7115355	Lindorca handel			convenience					https://www.facebook.com/lindorcahandel/	
node	2397385555	61.8769480	9.0958370	Extra Vågå	Extra		supermarket	"Mo-Fr 07:00-23:00, Sa 08:00-21:00, Su 10:00-18:00"				https://www.coop.no/butikker/extra/extra-vaga-2780	+47 99 21 16 85
node	2398376129	58.4543181	6.0018847	Kiwi Egersund sentrum	Kiwi		supermarket	Mo-Sa 07:00-23:00					+47 51493030
node	2398499235	62.5587350	7.6816980	Kiwi Øran	Kiwi		supermarket	"Mo-Sa 07:00-23:00, Su 10:00-21:00"				https://kiwi.no/finn-butikk/kiwi-894-oran	+47 71226444
node	2398720542	62.4413660	6.3728340	Eurospar Blindheim	Spar		supermarket	"Mo-Fr 07:00-23:00, Sa 08:00-21:00"					+47 70140374
node	2401862905	69.2716870	15.9567790	Joker Bleik	Joker		supermarket	"Mo-Fr 09:00-20:00, Sa 10:00-18:00, Su 12:00-18:00"					+47 76142200
node	2404131371	59.6817814	10.5260900	Kiwi Sætre	Kiwi		supermarket	Mo-Sa 07:00-23:00					+47 32791116
node	2405596704	67.1022630	15.3970490	Rema 1000 Rognan	Rema 1000		supermarket	Mo-Sa 07:00-23:00					+47 75680000
node	2406811794	58.8255210	5.7134460	Rema 1000 Ganddal	Rema 1000		supermarket	Mo-Sa 07:00-23:00					+47 51673103
node	2406837476	60.3747916	5.7550421	Snarkjøp Tysse landhandel	Snarkjøp	Tysse Landhandel	convenience						+47 918 10 156
node	2411042592	63.6636130	9.0772050	Joker Knarrlagsund	Joker		supermarket	Mo-Su 05:00-24:00					+47 72442720
node	2411841291	66.5011700	12.1014320	Joker Træna	Joker		supermarket	"Mo 10:00-16:30, Tu 10:00-17:00, We 10:00-19:30, Th 10:00-17:00, Fr 10:00-16:30, Sa 10:00-15:00"					+47 90584436
node	2413561338	63.4280179	10.4026963	7-Eleven Øvre Bakkland	7-Eleven		convenience	"Mo-Th 07:00-24:00, Fr 07:00-03:00, Sa 08:00-03:00, Su 08:00-24:00"					+47 73531860
node	2413920669	60.4032344	11.2425899	Kiwi Minnesund	Kiwi		supermarket	Mo-Sa 07:00-23:00					+47 63955505
node	2416892627	58.4187490	8.0597290	Joker Vatnestrøm	Joker		supermarket	"Mo-Fr 10:00-20:00, Sa 10:00-18:00, Su 12:00-16:00"					+47 37961725
node	2420975706	60.8635170	8.5486830	Extra Hemsedal	Extra		supermarket	"Mo-Fr 07:00-23:00, Sa 08:00-23:00, Su 09:00-21:00"				https://www.coop.no/butikker/extra/extra-hemsedal-4651	+47 32 06 02 37
node	2429147842	60.3933304	5.3278927	Kiwi Allehelgens gate	Kiwi		supermarket	Mo-Sa 07:00-23:00					+47 55313818
node	2429650233	61.4216750	11.0733450	Nærbutikken Arnesen	Nærbutikken		supermarket	"Mo-Fr 09:00-17:00, Sa 09:00-14:00"					+47 62463075
node	2436891003	61.1152250	10.4659460	Kiwi Storgata	Kiwi		supermarket	Mo-Sa 07:00-23:00					+47 61256884
node	2440115468	62.1441750	6.0713350	Rema 1000 Volda	Rema 1000		supermarket	Mo-Sa 07:00-23:00					+47 70079622
node	2441575337	60.5245757	6.7206342	Coop Prix Granvin	Coop Prix		supermarket	Mo-Sa 07:00-21:00				https://www.coop.no/butikker/coop-prix/coop-prix-granvin-2801	+47 56 52 51 09
node	2458637039	69.1065593	15.9644914	Coop Marked Dverberg	Coop Marked		supermarket	Mo-Sa 09:00-20:00				https://www.coop.no/butikker/coop-marked-matkroken/coop-marked-dverberg-1904	+47 76 14 61 50
node	2462641578	62.2788678	10.7755721	Rema 1000 Tynset	Rema 1000		supermarket	Mo-Sa 07:00-23:00					+47 62481955
node	2475102758	63.7029900	11.1932340	Bunnpris Skogn	Bunnpris		supermarket	"Mo-Fr 07:00-22:00, Sa 09:00-21:00"					+47 74095360
node	2475102759	63.7054650	11.1910160	Extra Skogn	Extra		supermarket	Mo-Sa 07:00-23:00				https://www.coop.no/butikker/extra/extra-skogn-1754	+47 47 66 37 30
node	2476542841	59.9388166	10.7768840	Kiwi Torshov	Kiwi		supermarket	Mo-Sa 07:00-23:00					+47 22713167
node	2476542845	59.9382030	10.7807050	Rema 1000 Torshovdalen	Rema 1000		supermarket	Mo-Sa 07:00-23:00					+47 22150510
node	2486788890	69.9633310	23.3908280	Extra Kronstad	Extra		supermarket	Mo-Sa 07:00-23:00				https://www.coop.no/butikker/extra/extra-kronstad-2536	+47 48 05 33 59
node	2488665146	60.3833572	5.3235585	Joker Spilde	Joker		supermarket	"Mo-Fr 07:30-21:00, Sa-Su 09:00-20:00"					+47 97300400
node	2498375798	63.4340440	10.5035940	Extra Grilstad	Extra		supermarket	"Mo-Sa 07:00-23:00, Su 10:00-22:00"				https://www.coop.no/butikker/extra/extra-grilstad-2502	+47 40 00 12 78
node	2500390763	59.8680580	10.8395680	Rema 1000 Skullerud	Rema 1000		supermarket	Mo-Sa 07:00-23:00					+47 22623780
node	2503087139	58.1562200	7.1004500	Kiwi Alleen senter	Kiwi		supermarket	Mo-Sa 07:00-23:00					+47 38343777
node	2510425140	59.6638967	9.6442420	Kiwi Hasbergsveien	Kiwi		supermarket	Mo-Sa 07:00-23:00					+47 32733446
node	2514475763	62.4422100	6.1902820	Spar Langevåg	Spar		supermarket	"Mo-Fr 07:00-22:00, Sa 08:00-21:00"					+47 90916030
node	2532696977	62.5909705	9.6833060	Spar Oppdal	Spar		supermarket	"Mo-Fr 08:00-20:00, Sa 09:00-18:00"					+47 72421270
node	2536753206	62.5832030	9.3435110	Nærbutikken Lønset	Nærbutikken		supermarket	"Mo-Th 10:00-17:00, Fr 10:00-19:00, Sa 10:00-17:00"					+47 72424329
node	2551070655	60.3924419	11.5369691	Kiwi Sand	Kiwi		supermarket	Mo-Sa 07:00-23:00					+47 62970200
node	2585239941	59.9356010	10.7524530	Extra Sagene	Extra		supermarket	"Mo-Fr 07:00-23:00, Sa 08:00-23:00"				https://www.coop.no/butikker/extra/extra-sagene-4226	+47 22 38 93 70
node	2601255354	70.6629180	23.6857080	Coop Prix Strandgata Hammerfest	Coop Prix		supermarket	"Mo-Fr 08:00-22:00, Sa 09:00-21:00"				https://www.coop.no/butikker/coop-prix/coop-prix-strandgata-hammerfest-1920	+47 90 53 94 65
node	2603291029	70.6633592	23.6984865	Narvensen			convenience						
node	2604752473	70.6733000	23.6669000	Coop Prix Fuglenes	Coop Prix		supermarket	"Mo-Fr 08:00-23:00, Sa 09:00-21:00"				https://www.coop.no/butikker/coop-prix/coop-prix-fuglenes-1918	+47 90 53 95 13
node	2611112708	65.8329660	13.2142530	Kiwi Nyrud	Kiwi		supermarket	Mo-Sa 07:00-23:00				https://kiwi.no/Finn-butikk/KIWI-Nyrud/	+47 75189010
node	2617758178	59.9236831	10.7407577	Haugen Torg			supermarket	Mo-Su 08:00-22:00					+47 98 01 87 97
node	2620804477	67.5200530	14.7617880	Coop Prix Kjerringøy	Coop Prix		supermarket	Mo-Su 06:00-24:00					
node	2622716030	59.9123400	10.7639250	Easy Lavpris Grønland			convenience	24/7					
node	2626058552	58.9347080	5.7392410	Helgø Meny Mariero	Meny		supermarket	"Mo-Fr 07:00-22:00, Sa 08:00-21:00"				http://www.helgoemat.no/	+47 51827700
node	2627315000	58.9793880	5.7152230	Rema 1000 Stemmen	Rema 1000		supermarket	Mo-Sa 07:00-23:00					+47 51528070
node	2664803003	62.7000190	7.6952430	Snarkjøp S Dahles Eftf	Snarkjøp	S Dahles Eftf AS	convenience						+47 400 74 030
node	2671914147	63.4299290	10.3684500	Bunnpris Ila	Bunnpris		supermarket	"Mo-Fr 08:00-22:00, Sa 09:00-22:00, Su 10:00-22:00"					+47 47760302
node	2698855834	63.3595630	10.3755110	Rema 1000 Tiller	Rema 1000		supermarket	Mo-Sa 07:00-23:00					+47 72880892
node	2701152048	61.7759070	6.2150400	Extra Sandane	Extra		supermarket	Mo-Sa 07:00-23:00				https://www.coop.no/butikker/extra/extra-sandane-1386	+47 97 99 13 80
node	2701222294	61.7757057	6.2134761	REMA 1000		REMA 1000	supermarket						
node	2710524843	60.4028260	5.0002290	Rema 1000 Ågotnes	Rema 1000		supermarket	"Mo-Fr 06:00-23:00, Sa 07:00-23:00"				https://www.rema.no/butikker/Fjell/rema-1000-agotnes/1552847	+47 56320586
node	2714018520	59.9118000	10.7704360	Extra Borggata	Extra		supermarket	"Mo-Fr 07:00-23:00, Sa 08:00-23:00"				https://www.coop.no/butikker/extra/extra-borggata-4692	+47 22 67 24 73
node	2718912487	62.1000153	5.5566242	Spar Fiskåbygd	Spar		supermarket	"Mo-Fr 09:00-20:00, Sa 09:00-19:00"					+47 70021352
node	2718925549	62.0892480	5.7388770	Coop Prix Syvde	Coop Prix		supermarket	"Mo-Fr 08:00-22:00, Sa 08:00-21:00"				https://www.coop.no/butikker/coop-prix/coop-prix-syvde-2759	+47 70 02 32 40
node	2728294842	59.8943536	10.6295888	Kiwi IT Fornebu	Kiwi		supermarket	Mo-Sa 07:00-23:00					+47 67110304
node	2740178582	59.9551852	10.7852672	Papaya Frukt & Grønt AS			supermarket	Mo-Su 10:00-20:00					
node	2748254515	63.8735310	11.2976970	Rema 1000 Inderøy	Rema 1000		supermarket	Mo-Sa 07:00-23:00					+47 95868960
node	2752578477	60.3998640	5.3257030	Meny Støletorget	Meny		supermarket	"Mo-Fr 07:00-21:00, Sa 07:00-20:00"				https://meny.no/Info/Finn-din-butikk/MENY-Stoletorget/	+47 55544880
node	2768660507	58.2824330	7.9756490	Joker Vennesla	Joker		supermarket	"Mo-Fr 08:00-21:00, Sa-Su 09:00-21:00"					+47 38154210
node	2768660508	58.2716690	7.9692410	Meny Vennesla	Meny		supermarket	"Mo-Fr 07:00-22:00, Sa 08:00-20:00"					+47 38150300
node	2771926127	60.3870500	6.2004060	Extra Øystese	Extra		supermarket	"Mo-Fr 07:00-23:00, Sa 08:00-21:00"					
node	2771926129	60.3867647	6.1994943	Kiwi Øystese	Kiwi		supermarket	"Mo-Fr 07:00-23:00, Sa 07:00-21:00"					+47 56555477
node	2775664896	64.4999987	10.8941724	Spar Flatanger	Spar		supermarket	"Mo-Fr 08:00-20:00, Sa 08:00-18:00, Su 14:00-17:00"					+47 74288120
node	2780587778	59.9645990	10.8779280	Ammerud dagligvare			supermarket						
node	2785257443	61.8918395	9.4686371	Nærbutikken Høvringen	Nærbutikken		supermarket	Mo-Sa 10:00-18:00				https://m.facebook.com/hovringenhandleri41/	+47 92093944
node	2785463920	59.9110000	10.7641400	Butikkene.no			supermarket	24/7				https://www.butikkene.no	
node	2785551301	59.9137361	10.7471306	Rema 1000 Torggata	Rema 1000		supermarket	Mo-Sa 07:00-23:00				https://www.rema.no	+47 22411390
node	2785551671	59.9148310	10.7646230	Joker Urtegata	Joker		supermarket	"Mo-Fr 07:00-23:00, Sa-Su 09:00-23:00"					+47 48917445
node	2795580782	59.8886310	10.8141950	Joker Abildsø	Joker		supermarket	"Mo-Fr 07:00-24:00, Sa-Su 08:00-24:00"					+47 45973971
node	2795582466	59.8927200	10.8050890	Rema 1000 Ryensvingen	Rema 1000		supermarket	Mo-Sa 07:00-23:00					+47 22370980
node	2795633445	58.4384070	6.0087440	Rema 1000 Årstaddalen	Rema 1000		supermarket	Mo-Sa 07:00-23:00					+47 51492980
node	2795679019	58.9918590	5.6438230	Rema 1000 Randaberg	Rema 1000		supermarket	Mo-Sa 07:00-23:00					+47 51734140
node	2795690411	58.5706740	5.6908120	Extra Vigrestad	Extra		supermarket	Mo-Sa 07:00-23:00				https://www.coop.no/butikker/extra/extra-vigrestad-1288	+47 48 20 72 87
node	2796247283	59.2135666	10.9363079	7-Eleven Fokus	7-Eleven		convenience	"Mo-Th 07:00-24:00, Fr-Sa 07:00-03:00, Su 07:00-24:00"					+47 69312203
node	2796325156	59.2130880	10.9272986	Rema 1000 Stadion	Rema 1000		supermarket	"Mo-Fr 07:00-23:00, Sa 08:00-22:00"					+47 69347220
node	2805504445	60.4117328	7.2843240				convenience	Mo-Sa 09:00-19:00					
node	2810293349	59.8344360	10.8086160	Extra Prinsdal	Extra		supermarket	Mo-Sa 07:00-23:00				https://www.coop.no/butikker/extra/extra-prinsdal-4067	+47 22 76 66 60
node	2810293401	59.8330850	10.8069090	Kiwi Prinsdal	Kiwi		supermarket	Mo-Sa 07:00-23:00					+47 22617999
node	2813795390	59.8929120	10.5237720	Hoang Asia Mat			supermarket	Mo-Sa 09:00-18:00				https://hoangasia.no/	+47 46519999
node	2816773851	58.8546490	5.7705306	Rema 1000 Hana	Rema 1000		supermarket	Mo-Sa 07:00-23:00					+47 47518505
node	2817041839	59.4160190	5.2693490	Kiwi Kirkegata Haugesund	Kiwi		supermarket	Mo-Sa 07:00-23:00					+47 52724991
node	2826142003	59.8077070	5.8181231	Sandvoll Handel AS			convenience						
node	2834522853	59.7189732	10.8393966	EkoMarket Ski			supermarket					https://www.ekomarket.no/	
node	2836197338	58.9703141	5.7532358	IMS Internasjonal Mat Stavanger			supermarket	Mo-Fr 09:00-20:00; Sa 09:00-19:00					
node	2836727815	58.9535830	5.7414490	Kiwi Lagårdsveien	Kiwi		supermarket	Mo-Sa 07:00-23:00					+47 51919252
node	2837074411	58.9495872	5.6969767	Bunnpris			convenience						
node	2840313672	60.3934285	5.3240106	7-Eleven Hui	7-Eleven		convenience						
node	2850592268	69.9326208	23.4296839	Joker Tverrelvdalen	Joker		supermarket	"Mo-Fr 08:00-20:00, Sa 08:00-18:00, Su 10:00-16:00"					+47 78433801
node	2861926381	61.2321670	7.1036620	Rema 1000 Sogningen	Rema 1000		supermarket	Mo-Sa 07:00-23:00					+47 57675720
node	2879951487	61.2269610	10.2231060	Kiwi Gausdal	Kiwi		supermarket	Mo-Sa 07:00-23:00				https://kiwi.no/	+47 61248760
node	2879952358	61.2263790	10.2222180	Rema 1000 Gausdal	Rema 1000		supermarket	Mo-Sa 07:00-23:00				https://www.rema.no/	+47 61225500
node	2880389858	58.7351135	5.6523888	Spar Bryne	Spar		supermarket	"Mo-Fr 07:00-23:00, Sa 08:00-20:00"					+47 51483790
node	2881860772	61.2161870	10.2851450	Kiwi Follebu	Kiwi		supermarket	Mo-Sa 07:00-23:00				https://kiwi.no/	+47 61227037
node	2885156779	61.7730210	6.2150930	Bunnpris Sandane	Bunnpris		supermarket	"Mo-Fr 08:00-22:00, Sa 09:00-20:00"					+47 57865057;+47 90197265
node	2891258285	62.7526360	7.2351780	Kiwi Nordbyen	Kiwi		supermarket	Mo-Sa 07:00-23:00					+47 71212320
node	2892101398	62.7447791	7.2144529	Kiwi Bergmo	Kiwi		supermarket	Mo-Sa 07:00-23:00					+47 71212443
node	2902882997	60.9290880	10.7019110	Rema 1000 Moelv	Rema 1000		supermarket	Mo-Sa 07:00-23:00				https://www.rema.no/	+47 62369770
node	2902888229	60.9230819	10.7012292	Spar Mjøsbrua	Spar		supermarket	"Mo-Fr 07:00-22:00, Sa 09:00-21:00"					+47 62354575
node	2905986801	63.4154130	10.3990310	Rema 1000 Elgeseter	Rema 1000		supermarket	Mo-Sa 07:00-23:00					+47 97082690
node	2905989691	59.5815015	11.1685014	Meny Askim	Meny		supermarket	"Mo-Fr 08:00-22:00, Sa 09:00-20:00"					+47 69816950
node	2906221267	61.9230879	5.1505134	Kiwi Deknepollen	Kiwi		supermarket	Mo-Sa 07:00-23:00					+47 57852055
node	2906221268	61.9331674	5.1128280	Kiwi Måløy	Kiwi		supermarket	Mo-Sa 07:00-23:00					+47 57848150
node	2906221269	61.9251020	5.1486110	Rema 1000 Deknepollen	Rema 1000		supermarket	Mo-Sa 07:00-23:00					+47 57852400
node	2906236300	61.9087420	5.9850560	Bunnpris Eid	Bunnpris		supermarket	"Mo-Sa 08:00-23:00, Su 11:00-21:00"					+47 57860033
node	2917276340	62.4710780	6.1538320	Kiwi Kremmergaarden	Kiwi		supermarket	"Mo-Fr 07:00-21:00, Sa 08:00-19:00"					+47 70127040
node	2917276344	62.4721419	6.1594971	Eurospar Ålesund storsenter	Spar		supermarket	"Mo-Fr 07:00-21:00, Sa 08:00-19:00"					+47 70122102
node	2919088550	62.4705420	6.1506970	Bunnpris Torghallen	Bunnpris		supermarket	"Mo-Fr 07:00-23:00, Sa 09:00-23:00, Su 10:00-23:00"					+47 70100522
node	2919088553	62.4741403	6.1572823				supermarket						
node	2926457208	59.2249820	10.9539120	Meny Wilbergjordet	Meny		supermarket	"Mo-Fr 08:00-21:00, Sa 08:00-19:00"					+47 69366050
node	2926463177	59.9166420	10.5012151	Meny Kolsås	Meny		supermarket	"Mo-Fr 08:00-22:00, Sa 08:00-20:00"					+47 67151020
node	2927526405	70.3182450	25.5657310	Coop Marked Børselv	Coop Marked		supermarket	"Mo-Fr 09:00-20:00, Sa 10:00-18:00"				https://www.coop.no/butikker/coop-marked-matkroken/coop-marked-borselv-1931	+47 41 64 98 07
node	2940341393	70.3740787	31.1000428	Knut Bye Kolonial			supermarket	Mo-Fr 07:00-23:00; Sa 07:00-20:00; Su off;PH off					+4778987114
node	2945410935	67.8915990	13.0263350	Joker Sørvågen	Joker		supermarket	Mo-Su 09:00-21:00					+47 76091116
node	2949121597	58.1468707	7.9886906	Rema 1000 Tordenskjolds gate	Rema 1000		supermarket	"Mo-Fr 07:00-23:00, Sa 08:00-21:00"					+47 90415795
node	2949129449	58.1472430	7.9959600	Extra Parken Kristiansand Sørvest	Extra		supermarket	"Mo-Fr 06:00-24:00, Sa 08:00-24:00"				https://www.coop.no/butikker/extra/extra-parken-kristiansand-nbda-4085	+47 38 02 95 16
node	2949740862	58.1461230	7.9892620	Extra Kristiansand	Extra		supermarket	"Mo-Fr 07:00-23:00, Sa 08:00-21:00"				https://www.coop.no/butikker/extra/extra-kristiansand-1360	+47 94 87 32 38
node	2950758879	58.2803240	6.8976530	Berntsen			convenience						
node	2951352462	61.0990740	7.4811470	Kiwi Lærdal	Kiwi		supermarket	"Mo-Sa 07:00-23:00, Su 10:00-17:00"					+47 57666208
node	2952107852	58.1883513	8.1512013				supermarket						
node	2952881630	64.4669580	11.4918970	Extra Verftsgata	Extra		supermarket	"Mo-Fr 08:00-22:00, Sa 08:00-21:00"				https://www.coop.no/butikker/extra/extra-verftsgata-1681	+47 91 24 66 11
node	2952883037	64.4694890	11.4892640	Rema 1000 Rock City	Rema 1000		supermarket	Mo-Sa 07:00-23:00					+47 74215030
node	2952883038	64.4679320	11.5077880	Extra Abc	Extra		supermarket	"Mo-Sa 07:00-23:00, Su 10:00-22:00"				https://www.coop.no/butikker/extra/extra-abc-4775	+47 74 27 41 00
node	2952966112	64.5168010	11.2904390	Coop Marked Otterøy	Coop Marked		supermarket	"Mo-Fr 10:00-19:00, Sa 09:00-17:00"				https://www.coop.no/butikker/coop-marked-matkroken/coop-marked-otteroy-1682	+47 46 91 81 19
node	2953802874	59.7633304	11.1451382	Joker Enebakk	Joker		supermarket	"Mo-Fr 07:00-21:00, Sa 09:00-21:00"					+47 64927370
node	2953806533	59.7239720	11.0498440	Rema 1000 Enebakk	Rema 1000		supermarket	"Mo-Fr 08:00-22:00, Sa 08:00-20:00"					+47 64924014
node	2958966231	58.1386070	7.0711760	Extra Lyngdal	Extra		supermarket	Mo-Sa 07:00-23:00				https://www.coop.no/butikker/extra/extra-lyngdal-1362	+47 47 70 97 49
node	2958971066	58.2694980	6.8175110	Coop Prix Feda	Coop Prix		supermarket	"Mo-Fr 08:00-21:00, Sa 08:00-20:00"				https://www.coop.no/butikker/coop-prix/coop-prix-feda-1353	+47 47 50 85 87
node	2958986044	58.1341680	7.0698170	Kiwi Lyngdal	Kiwi		supermarket	"Mo-Sa 07:00-23:00, Su 09:00-22:00"					+47 38345977
node	2958986045	59.9180143	5.3154209	Spar Fitjar	Spar		supermarket	"Mo-Fr 06:00-22:00, Sa 07:00-20:00"					+47 53457510
node	2958986046	59.9197640	5.3268940	Rema 1000 Fitjar	Rema 1000		supermarket	"Mo-Fr 07:00-23:00, Sa 07:00-21:00"					+47 53497050
node	2961899424	61.0292116	10.5527122	Joker Brøttum	Joker		supermarket	"Mo-Fr 07:00-21:00, Sa 09:00-18:00"					+47 62360120
node	2963371575	62.1331500	9.9934650	Coop Prix Folldal	Coop Prix		supermarket	"Mo-Fr 07:00-23:00, Sa 08:00-21:00"				https://www.coop.no/butikker/coop-prix/coop-prix-folldal-1645	+47 40 44 73 67
node	2967822035	63.6949010	11.0450890	Joker Ekne	Joker		supermarket	"Mo-Fr 09:00-18:00, Sa 09:00-16:00"					+47 48047940
node	2968030050	63.4342260	10.4150510	Rema 1000 Møllenberg	Rema 1000		supermarket	Mo-Sa 07:00-23:00					+47 73531212
node	2968030051	63.4403520	10.4041930	Rema 1000 Pirsenteret	Rema 1000		supermarket	"Mo-Fr 06:00-22:00, Sa 09:00-18:00"					+47 73514510
node	2968205392	62.2586095	8.2057524	YX Bjorli			convenience	"Mo-Fr 08:00-22:00; Sa, Su, PH 09:00-22:00"					
node	2982562778	69.0639870	18.5047940	Rema 1000 Bardufoss	Rema 1000		supermarket	Mo-Sa 07:00-23:00					+47 77832202
node	2982758445	61.7708030	9.5384470	Rema 1000 Otta	Rema 1000		supermarket	Mo-Sa 07:00-23:00					+47 61235200
node	2983165268	60.3887832	5.3302213	Taco Mat			convenience	"Mo-Sa 09:00-21:00; PH,Su 10:00-21:00"					
node	2984522892	59.2678620	10.4162560	Extra St. Olavs gate	Extra		supermarket	Mo-Sa 07:00-23:00				https://www.coop.no/butikker/extra/extra-st-olavsgate-4639	+47 33 31 33 50
node	2990529184	62.8544090	7.1656400	Rema 1000 Elnesvågen	Rema 1000		supermarket	Mo-Sa 07:00-23:00					+47 71267111
node	2990529185	62.8548250	7.1728220	Extra Elnesvågen	Extra		supermarket	Mo-Sa 07:00-23:00				https://www.coop.no/butikker/extra/extra-elnesvagen-2465	+47 97 99 50 85
node	2990529186	62.8548120	7.1745850	Bunnpris Elnesvågen	Bunnpris		supermarket	"Mo-Fr 07:00-22:00, Sa 08:00-21:00, Su 11:00-20:00"					+47 71266060
node	2991182391	61.1034143	5.5112846	Bunnpris Lavik	Bunnpris		supermarket	"Mo-Fr 08:00-21:00, Sa 09:00-18:00"					+47 57711709
node	2994124427	69.6038390	20.5328730	Coop Marked Olderdalen	Coop Marked		supermarket	24/7				https://www.coop.no/butikker/coop-marked-matkroken/coop-marked-olderdalen-1929	+47 77 71 81 19
node	2997365799	62.0983207	5.5579313	Coop Marked Fiskå	Coop Marked		supermarket	"Mo-Fr 09:00-20:00, Sa 09:00-19:00"				https://www.coop.no/butikker/coop-marked-matkroken/coop-marked-fiska-1561	+47 97 99 14 90
node	3000103440	64.2962655	10.5125394	Coop Prix Osen	Coop Prix		supermarket	"Mo-Fr 09:00-21:00, Sa 09:00-20:00"				https://www.coop.no/butikker/coop-prix/coop-prix-osen-2767	+47 91 13 08 95
node	3004633896	63.4097120	10.4181010	Kiwi Nardobakken	Kiwi		supermarket	Mo-Sa 07:00-23:00					+47 73938031
node	3005028361	68.2351444	14.5627079	Kiwi Svolvær sentrum	Kiwi		supermarket	Mo-Sa 07:00-23:00					+47 76070300
node	3010287638	59.9231060	10.7395240	Kiwi WM.Thranes gate	Kiwi		supermarket	Mo-Sa 07:00-23:00					+47 22607463
node	3012148386	59.9189530	10.7030350	Joker Bygdøy allé	Joker		supermarket	"Mo-Fr 07:00-23:00, Sa-Su 09:00-23:00"					+47 47979240
node	3012186017	62.9062620	6.9167640	Coop Prix Bud	Coop Prix		supermarket	"Mo-Fr 08:00-22:00, Sa 08:00-20:00, Su 11:00-18:00"					
node	3012187170	62.9066070	6.9146710	Bunnpris Bud	Bunnpris		supermarket	"Mo-Fr 08:00-22:00, Sa 08:00-20:00, Su 11:00-18:00"					+47 71261519
node	3012190619	59.9046440	10.7868540	Kiwi Kværnerbyen	Kiwi		supermarket	Mo-Sa 07:00-23:00				https://kiwi.no/Finn-butikk/Kiwi-Kvarnerbyen/	+47 22678701
node	3013019481	59.9340730	10.7614150	Rema 1000 Torshov	Rema 1000		supermarket	Mo-Sa 07:30-23:00				https://butikk.rema.no/REMA+1000+Torshov/1462277	+47 22719189
node	3013363333	60.7850775	10.6956330	Kiwi Kirkeby	Kiwi		supermarket	Mo-Sa 07:00-23:00					+47 61177005
node	3013718035	60.7962333	10.6890906	Smakfullt fisk og delikatesser			supermarket	Mo-Fr 10:00-17:00; Sa 10:00-15:00; Su off					
node	3013732055	59.9387970	10.7622960	Rema 1000 Treschows gate	Rema 1000		supermarket	Mo-Sa 07:00-23:00					+47 22182525
node	3014610662	60.3778612	5.2658175	Stores			convenience						
node	3024836809	59.8033150	6.2134470	Åkrafjordtunet			convenience					https://www.akrafjordtunet.no/	
node	3025599722	59.3873510	9.1687820	Kiwi Gvarv	Kiwi		supermarket	Mo-Sa 07:00-23:00					+47 35955705
node	3030522652	60.2552062	11.6803149	Eurospar Skarnes	Spar		supermarket	"Mo-Fr 08:00-22:00, Sa 08:00-20:00"					+47 62961560
node	3031996531	59.5976279	5.7432220	Kiwi Ølensvåg	Kiwi		supermarket	"Mo-Fr 07:00-23:00, Sa 08:00-22:00"					+47 53769085
node	3033084365	60.3604680	5.3609460	Sletten Butikk			convenience	"Su-Fr 09:00-22:00, Sa 10:00-22:00"					
node	3033326749	63.0446000	11.6578000	Coop Prix Tydal	Coop Prix		supermarket	"Mo-Fr 08:00-21:00, Sa 09:00-20:00"				https://www.coop.no/butikker/coop-prix/coop-prix-tydal-1733	+47 95 08 22 72
node	3033326751	62.9133910	11.8889180	Joker Stugudal	Joker		supermarket	Mo-Su 06:00-23:00					+47 94475620
node	3033433530	63.2606155	8.3829421	Coop Marked Foldfjorden	Coop Marked		supermarket	"Mo-Fr 09:00-19:00, Sa 09:00-17:00"				https://www.coop.no/butikker/coop-marked-matkroken/coop-marked-foldfjorden-1790	+47 97 99 48 80
node	3033464339	59.9589133	10.8713888	Rema 1000 Ammerud	Rema 1000		supermarket	"Mo-Fr 06:30-23:00, Sa 07:00-23:00"					+47 22802960
node	3033575606	63.5181160	7.9553790	Coop Marked Veidholmen	Coop Marked		supermarket	"Mo-Fr 09:00-21:00, Sa 09:00-20:00, Su 12:00-16:00"				https://www.coop.no/butikker/coop-marked-matkroken/coop-marked-veidholmen-1519	+47 71 54 21 08
node	3033575608	63.3301809	8.0514791	Joker Smøla	Joker		supermarket	"Mo-Fr 08:00-20:00, Sa 09:00-18:00, Su 12:00-16:00"					+47 71541182
node	3034226465	59.1208875	11.3775232	Rema 1000 Høvleriet	Rema 1000		supermarket	Mo-Sa 07:00-23:00					+47 69175230
node	3034307532	59.1227020	11.3922040	Extra Halden	Extra		supermarket	Mo-Sa 07:00-23:00				https://www.coop.no/butikker/extra/extra-halden-2448	+47 69 21 26 70
node	3034321839	59.1375690	11.3765890	Extra Braveien	Extra		supermarket	Mo-Sa 07:00-23:00				https://www.coop.no/butikker/extra/extra-braveien-4656	+47 69 17 84 40
node	3048737098	58.3160350	6.9620370	Nico Mat	Meny		supermarket	"Mo-Fr 08:00-21:00, Sa 08:00-20:00"					+47 38350120
node	3054455556	61.8551320	10.2237470	Joker Atnbrua	Joker		supermarket	"Mo-Th 09:00-18:00, Fr 09:00-20:00, Sa 09:00-17:00, Su 12:00-17:00"					+47 62463747
node	3054455557	62.1738870	9.8174550	Joker Dalholen	Joker		supermarket	Mo-Sa 06:00-24:00					+47 91900215
node	3054455558	62.1343400	9.9935910	Joker Folldal	Joker		supermarket	"Mo-Fr 07:00-20:00, Sa 08:00-20:00"					+47 62490174
node	3054455560	62.1181378	8.8611015	Joker Lesja	Joker		supermarket	"Mo-Fr 09:00-18:00, Sa 09:00-17:00"					+47 61243248
node	3060592944	58.5221530	6.9338080	Coop Prix Kvinlog	Coop Prix		supermarket	"Mo-Sa 08:00-21:00, Su 11:00-18:00"				https://www.coop.no/butikker/coop-prix/coop-prix-kvinlog-2826	+47 47 50 83 80
node	3064600246	59.9207194	10.7591785	Bunnpris Thorvald Meyers gate	Bunnpris		supermarket	Mo-Su 00:00-23:59					+47 90710614
node	3066654831	63.4478350	10.9103500	Rema 1000 Hell	Rema 1000		supermarket	Mo-Sa 07:00-23:00					+47 74821420
node	3069335557	58.3176740	6.9587300	Extra Kvinesdal	Extra		supermarket	Mo-Sa 07:00-23:00				https://www.coop.no/butikker/extra/extra-kvinesdal-1365	+47 47 50 84 79
node	3069335568	58.3210160	6.9635720	Rema 1000 Kvinesdal	Rema 1000		supermarket	Mo-Sa 07:00-23:00					+47 38359080
node	3072411413	59.8911334	10.5272648	Kiwi Sandvika	Kiwi		supermarket	Mo-Sa 07:00-23:00				https://kiwi.no/Finn-butikk/Kiwi-Sandvika/	+47 67566390
node	3080062716	64.5257990	13.6954050	Matkroken Kvelibua	Matkroken		supermarket	"Mo-Fr 10:00-17:00, Sa 10:00-15:00"				https://www.coop.no/butikker/coop-marked-matkroken/matkroken-kvelibua-4434	+47 74 33 95 30
node	3087941684	61.4554700	10.1939517	Bunnpris			convenience						
node	3094718195	59.9505450	11.0106230	Extra Strømmen	Extra		supermarket	Mo-Sa 07:00-23:00				https://www.coop.no/butikker/extra/extra-strommen-2456	+47 64 84 68 80
node	3094718196	59.9484320	11.0083870	Rema 1000 Strømmen storsenter	Rema 1000		supermarket	"Mo-Fr 09:00-22:00, Sa 09:00-20:00"				http://butikk.rema.no/REMA+1000+Strømmen+Storsenter/1556291	+47 63801075
node	3095490460	60.1161210	6.5598060	Nærbutikken Tyssedal	Nærbutikken		supermarket	"Mo-Fr 09:00-18:00, Sa 10:00-17:00"					+47 48297684
node	3095827407	59.4249426	11.0102566	Joker Svinndal	Joker		supermarket	"Mo-Sa 07:00-22:00, Su 09:00-22:00"					+47 45638770
node	3095913943	66.0173617	12.6323051	Kiwi Sandnessjøen	Kiwi		supermarket	Mo-Sa 07:00-23:00					+47 75042010
node	3095918930	65.9607489	12.2735692	Spar Herøy	Spar		supermarket	Mo-Sa 05:00-24:00					+47 75058102
node	3095921159	65.9834721	12.2897528	Mix Albrigtsen	Mix		convenience	Mo-Sa 10:00-22:00; Su 14:00-22:00					
node	3095931945	62.4960071	11.2239742	Spar Os	Spar		supermarket	"Mo-Fr 08:00-21:00, Sa 09:00-19:00, Su 12:00-17:00"					+47 62497222
node	3097492388	63.4419920	10.4585370	Rema 1000 Lade Arena	Rema 1000		supermarket	Mo-Sa 07:00-23:00				https://butikk.rema.no/REMA+1000+Lade+Arena/1555725	+47 73521120
node	3097708056	58.1458575	7.9963660	Kiwi Torvet	Kiwi		supermarket	"Mo-Fr 07:00-23:00, Sa 08:00-23:00"					+47 38026352
node	3097740243	58.1755780	8.1204570	T O Slettebøe AS			supermarket	Mo-Fr 07:00-17:00; Th 07:00-19:00; Sa 07:00-19:00					
node	3098739984	59.9275920	10.9626760	Rema 1000 Metro senter	Rema 1000		supermarket	"Mo-Fr 07:00-22:00, Sa 09:00-19:00"					+47 67908920
node	3110905566	69.6656476	18.9688463	Rema 1000 Kræmer brygge	Rema 1000		supermarket	Mo-Sa 07:00-23:00					+47 91008877
node	3110909033	69.6670760	18.9709890	Eurospar Kræmer	Spar		supermarket	Mo-Sa 07:00-23:00				https://spar.no/Finn-butikk/EUROSPAR-Kramer	+47 77663490
node	3111237020	59.8933180	10.5244780	Extra Sandvika	Extra		supermarket	"Mo-Fr 06:00-23:00, Sa 07:00-23:00"				https://www.coop.no/butikker/extra/extra-sandvika-4303	+47 67 54 21 54
node	3111431401	59.9146800	10.7530840	Kiwi Storgata 33	Kiwi		supermarket	Mo-Sa 07:00-23:00					+47 22208021
node	3111431403	59.9163250	10.7561140	Extra Hausmanns gate	Extra		supermarket	"Mo-Fr 07:00-24:00, Sa 09:00-24:00"				https://www.coop.no/butikker/extra/extra-hausmannsgate-4264	+47 22 11 56 33
node	3112380074	68.1221000	13.8456200	Coop Prix Stamsund	Coop Prix		supermarket	"Mo-Fr 08:00-22:00, Sa 08:00-21:00"				https://www.coop.no/butikker/coop-prix/coop-prix-stamsund-2571	+47 90 59 09 01
node	3112380192	68.1200660	13.5474430	Bunnpris Gravdal	Bunnpris		supermarket	"Mo-Fr 08:00-23:00, Sa 09:00-22:00"					+47 76081520
node	3112528114	68.4990290	14.7968600				supermarket						
node	3112752582	63.2983510	9.8484860	Kiwi Orkanger	Kiwi		supermarket	Mo-Sa 07:00-23:00					+47 72485787
node	3116816225	60.8043049	10.8392884	Kiwi Stavsjø	Kiwi		supermarket	"Mo-Fr 07:00-23:00, Sa 09:00-21:00"					+47 62352225
node	3118645344	60.9797680	5.0779430	Spar Eivindvik	Spar		supermarket	Mo-Sa 09:00-18:00					+47 57784132
node	3118668484	61.9358310	5.1153100	Rema 1000 Måløy brygge	Rema 1000		supermarket	Mo-Sa 07:00-23:00					+47 57849300
node	3118727987	62.4629970	6.3630480	Bunnpris Spjelkavik	Bunnpris		supermarket	"Mo-Fr 07:00-23:00, Sa 08:00-23:00, Su 09:00-23:00"					+47 70151690
node	3118728575	62.4637170	6.3644050	Kiwi Spjelkavik	Kiwi		supermarket	"Mo-Sa 07:00-23:00, Su 09:00-23:00"					+47 70140565
node	3118773253	62.4718630	6.3633520	Kiwi Breivika	Kiwi		supermarket	Mo-Sa 07:00-23:00					+47 70155300
node	3118807386	62.3685360	6.0322970	Bunnpris Hareid	Bunnpris		supermarket	"Mo-Fr 07:00-23:00, Sa 09:00-23:00"					+47 70092144
node	3118823241	62.2013260	6.1228554	Daniel Asiabutikk			convenience	Mo-Fr 10:00-19:00; Sa 10:00-18:00					
node	3118860563	62.4275140	6.3158780	Spar Eidsnes	Spar		supermarket	"Mo-Fr 07:00-23:00, Sa 08:00-21:00"					+47 70191210
node	3118878181	62.5449190	6.5934830	Bunnpris Vatne	Bunnpris		supermarket	"Mo-Sa 08:00-22:00, Su 11:00-22:00"					+47 70213240
node	3119008734	60.0615910	5.9204980	Turkiosken			convenience	24/7					
node	3119422821	65.0876043	11.7127543	"Joker Husby, Leka"	Joker		supermarket	"Mo-Fr 09:00-20:00, Sa 09:00-18:00"					+47 74399770
node	3119474973	65.0941270	11.7015770	Coop Marked Leka	Coop Marked		supermarket	"Mo-Fr 09:00-20:00, Sa 10:00-16:00"				https://www.coop.no/butikker/coop-marked-matkroken/coop-marked-leka-1619	+47 74 39 96 40
node	3119932153	59.4907810	10.2937140	Rema 1000			supermarket						
node	3119952310	59.3685245	10.2643339	Rema 1000 Revetal	Rema 1000		supermarket	Mo-Sa 07:00-23:00					+47 33064946
node	3119990289	64.8654947	11.6052279	Rema 1000 Kolvereid	Rema 1000		supermarket	Mo-Sa 07:00-23:00					+47 74390090
node	3119992566	65.4630826	12.2040675	Coop Prix Farmen	Coop Prix		supermarket	"Mo-Fr 08:00-23:00, Sa 08:00-22:00"				https://www.coop.no/butikker/coop-prix/coop-prix-farmen-2130	+47 75 02 04 77
node	3120071937	61.5041480	9.7887400	Joker Gålå	Joker		supermarket	Mo-Su 07:00-23:00					+47 61298128
node	3120125543	60.9706520	9.2919080	Rema 1000 Leira	Rema 1000		supermarket	"Mo-Sa 07:00-23:00, Su 10:00-21:00"					+47 61365690
node	3120130181	60.8226280	9.5502190	Coop Prix Bagn	Coop Prix		supermarket	"Mo-Fr 08:00-22:00, Sa 08:00-21:00"				https://www.coop.no/butikker/coop-prix/coop-prix-bagn-2440	+47 61 34 87 80
node	3120224840	59.9651806	9.9943521	Kiwi Vikersund	Kiwi		supermarket	Mo-Sa 07:00-23:00					+47 32788860
node	3120265974	59.3126960	9.8828700	Steinsholt Marked			convenience	Mo-Fr 08:00-18:00; Sa 09:00-14:00; Su 12:00-17:00					
node	3122630971	59.2952350	11.0667450	Rema 1000 Grålum	Rema 1000		supermarket	Mo-Sa 07:00-23:00					+47 69139920
node	3122718951	59.0791030	10.9397990	Bunnpris Hvaler	Bunnpris		supermarket	"Mo-Fr 08:00-22:00, Sa 08:00-20:00, Su 10:00-18:00"					+47 69375880
node	3122741005	59.5812670	11.1677630	Fresh Deli			convenience						
node	3122753563	59.5823247	11.1665372	Rema 1000 Askim	Rema 1000		supermarket	Mo-Sa 07:00-23:00					+47 69884770
node	3122780703	59.5522390	11.3405700	Rema 1000 Mysen	Rema 1000		supermarket	Mo-Sa 07:00-23:00					+47 69892600
node	3122986020	59.9309050	11.0353350	Kiwi Blystadlia	Kiwi		supermarket	Mo-Sa 07:00-23:00					+47 22255800
node	3123084243	60.3278711	11.2601448	Kiwi Eidsvoll	Kiwi		supermarket	Mo-Sa 07:00-23:00					+47 63958800
node	3123255336	59.8840560	11.5681964	Extra Bjørkelangen	Extra		supermarket	Mo-Sa 07:00-23:00				https://www.coop.no/butikker/extra/extra-bjorkelangen-2484	+47 63 86 31 20
node	3123633347	60.1191680	11.4647380	Kiwi Årnes	Kiwi		supermarket	Mo-Sa 07:00-23:00					+47 63909388
node	3123859597	67.2872990	14.5920550	Rema 1000 Bertnes	Rema 1000		supermarket	Mo-Sa 07:00-23:00					+47 90809223
node	3124188106	63.4339541	10.3958367	Orient - Asiatiske dagligvarer			convenience						
node	3124663084	59.9205890	10.9491020	Joker Vestparken	Joker		supermarket	"Mo-Fr 08:00-22:00, Sa-Su 09:00-22:00"					+47 91660096
node	3125238887	62.3397174	5.8551176	Bunnpris Ulsteinvik	Bunnpris		supermarket	"Mo-Fr 09:00-22:00, Sa 09:00-21:00"					+47 70010051
node	3125248076	62.1467135	6.0889177	Kiwi Volda	Kiwi		supermarket	Mo-Sa 07:00-23:00					+47 70078600
node	3125277346	64.1353940	11.2939700	Joker Sprova	Joker		supermarket	"Mo-Sa 08:00-20:00, Su 10:00-20:00"					+47 74149128
node	3125281513	64.0166990	11.5100050	Rema 1000 Guldbergaunet	Rema 1000		supermarket	Mo-Sa 07:00-23:00					+47 74143139
node	3125663412	61.3842840	12.6847090	Coop Marked Ljørdalen	Coop Marked		supermarket	Mo-Sa 09:00-18:00				https://www.coop.no/butikker/coop-marked-matkroken/coop-marked-ljordalen-2071	+47 62 45 55 00
node	3125949057	60.4023410	5.3282630	Joker Sandviken	Joker		supermarket	"Mo-Fr 08:00-22:00, Sa 09:00-20:00"					+47 55315104
node	3125994010	60.3596200	5.3503700	Trimco Asiatisk mat			convenience						+47 55 28 77 53
node	3126065080	60.4047690	5.3282480	Bunnpris Mulen	Bunnpris		supermarket	"Mo-Sa 08:00-22:00, Su 10:00-22:00"				https://www.bunnpris.no/butikker/bunnpris-mulen	+47 93210819;+47 47147131
node	3128635918	59.2121060	9.5888470	Kiwi Falkum	Kiwi		supermarket	Mo-Sa 07:00-23:00					+47 35523080
node	3129993326	59.7383020	10.1927800	Joker Konnerudgata	Joker		supermarket	24/7					+47 46610834
node	3130067324	59.7555130	10.1603600	Silsand			supermarket	24/7					
node	3130117910	60.1251970	10.3687250	NORDRE PJAAKA GÅRD			supermarket					https://www.facebook.com/alvegg.no	
node	3130265677	59.1796420	10.2084020	Coop OBS!			supermarket	Mo-Sa 08:00-22:00					
node	3131464094	59.7793840	10.2431240	Extra Heggtoppen	Extra		supermarket	Mo-Sa 07:00-23:00				https://www.coop.no/butikker/extra/extra-heggtoppen-4967	+47 32 84 61 60
node	3131466130	58.7151500	9.1766860	Rema 1000 Risør	Rema 1000		supermarket	"Mo-Sa 07:00-23:00, Su 10:00-20:00"					+47 37150700
node	3149210029	59.0750697	9.6839315	Kiwi Heistad	Kiwi		supermarket	Mo-Sa 07:00-23:00					+47 35559397
node	3184785223	65.4731671	12.2088428	Extra Havnesenteret	Extra		supermarket	Mo-Sa 07:00-23:00				https://www.coop.no/butikker/extra/extra-havnesenteret-2832	+47 75 00 96 20
node	3184786639	64.8611050	11.2387180	Extra Rørvik	Extra		supermarket	Mo-Sa 07:00-23:00				https://www.coop.no/butikker/extra/extra-rorvik-2794	+47 99 07 79 00
node	3189718949	59.9127757	10.7531112	Meny Oslo City	Meny		supermarket	"Mo-Fr 09:00-22:00, Sa 09:00-20:00"				https://meny.no/Finn-butikk/MENY-Oslo-City/	+47 23159300
node	3189733778	59.9139935	10.7567122	Rema 1000 Christian Krohgs gate	Rema 1000		supermarket	"Mo-Fr 07:00-23:00, Sa 08:00-22:00"				https://www.rema.no/	+47 22216233
node	3196269863	58.6821381	5.7728067	Coop Prix Undheim handelslag	Coop Prix		supermarket	"Mo-Fr 08:00-21:00, Sa 09:00-19:00"				https://www.coop.no/butikker/coop-prix/coop-prix-undheim-handelslag-1285	+47 51 77 96 60
node	3210871277	59.9316530	10.7897860	Rema 1000 Lørenveien	Rema 1000		supermarket	"Mo-Fr 07:00-22:00, Sa 08:00-21:00"					+47 48111219
node	3210876161	59.9307170	10.7937070	Meny Løren	Meny		supermarket	"Mo-Fr 08:00-22:00, Sa 08:00-20:00"					+47 23058600
node	3239028233	59.7153520	10.8397170	Extra Ski	Extra		supermarket	Mo-Sa 07:00-23:00					
node	3244857477	58.2422357	8.3637798	Kiwi Borkedalen	Kiwi		supermarket	Mo-Sa 07:00-23:00					+47 37274902
node	3250282102	63.4321192	10.3915320	Melon Midtbyen			supermarket	"Mo-Sa 10:00-20:30, Su 11:00-19:00"				https://www.facebook.com/melon.midtbyen/	
node	3251830662	60.4309453	9.4589012	Kiwi Flå	Kiwi		supermarket	"Mo-Fr 07:00-23:00, Sa-Su 09:00-21:00"					+47 32051055
node	3261794160	58.1479469	8.0058935	Rema 1000 Tangen	Rema 1000		supermarket	Mo-Sa 07:00-23:00					+47 38070380
node	3261810762	58.1505550	7.9967570	Joker Kronprinsens gate	Joker	Kjøpmannshuset Norge AS	supermarket	"Mo-Fr 08:00-21:00, Sa 09:00-18:00, Su 09:00-20:00"					+47 38023799
node	3268570534	63.4309110	10.3917230	Bunnpris Prinsen	Bunnpris		supermarket	"Mo-Fr 07:00-23:00, Sa 09:00-21:00"				https://bunnpris.no/butikker/bunnpris-prinsen	+47 48211045
node	3275191372	59.8933100	10.6196990	Meny Fornebu	Meny		supermarket	"Mo-Fr 08:00-21:00, Sa 08:00-19:00"					+47 67129800
node	3280306070	59.7209730	10.8363590	Ski Dagligvare			convenience					https://www.facebook.com/pages/Ski-Dagligvare/696819703676083	
node	3281778657	59.2157111	10.9328699	Brogaten Dagligvare			convenience						
node	3281895790	59.7204786	10.8167388	Meny Nordbyveien	Meny		supermarket	"Mo-Fr 08:00-21:00, Sa 09:00-20:00"				https://meny.no/Finn-butikk/Meny-Nordbyveien/	+47 64854300
node	3293572553	60.8035900	6.6501910	Joker Haugsvik	Joker		supermarket	"Mo-Th 09:00-18:00, Fr 09:00-20:00, Sa 09:00-18:00, Su 12:00-18:00"					+47 56520191
node	3298918704	58.9655675	9.8566787	Oddanesand Mat			convenience						
node	3301599364	59.2153488	10.9320859	United Mega Store UMS			supermarket						
node	3302448520	61.8718620	6.8482740	Joker Loen	Joker		supermarket	"Mo-Fr 08:00-21:00, Sa 08:00-20:00, Su 11:00-20:00"				https://joker.no/finn-butikk/joker-loen	+47 57877663
node	3303987311	60.4776140	5.7431120	Coop Prix Vaksdal	Coop Prix		supermarket	"Mo-Fr 07:00-22:00, Sa 08:00-21:00"				https://www.coop.no/butikker/coop-prix/coop-prix-vaksdal-1410	+47 56 59 46 63
node	3303987312	60.5898170	5.8192830	Extra Dalekvam	Extra		supermarket	"Mo-Sa 07:00-23:00, Su 09:00-21:00"				https://www.coop.no/butikker/extra/extra-dalekvam-1371	+47 56 59 61 01
node	3305815045	60.4310794	6.4316398	Matkroken Ålvik	Matkroken		supermarket	"Mo-Fr 09:00-20:00, Sa 09:00-18:00"				https://www.coop.no/butikker/coop-marked-matkroken/matkroken-alvik-4061	+47 56 55 05 90
node	3309055214	59.6647510	10.7888744	Rema 1000 Rådhusplassen	Rema 1000		supermarket	"Mo-Fr 07:00-23:00, Sa 08:00-21:00"					+47 64977006
node	3323318154	62.1640390	5.9434770	Coop Prix Lauvstad	Coop Prix		supermarket	Mo-Sa 00:00-24:00					
node	3324720967	60.6190203	5.5872819	Nærbutikken Tyssebotnen	Nærbutikken		supermarket	"Mo-Th 09:00-17:00, Fr 09:00-18:00, Sa 09:00-15:00"					+47 56395202
node	3324720969	60.5914340	5.5251050	Joker Fotlandsvåg	Joker		supermarket	"Mo-Fr 08:00-19:00, Sa 09:00-18:00"					+47 56395014
node	3324720970	60.4531336	5.4953025	Kiwi Haus	Kiwi		supermarket	"Mo-Fr 08:00-22:00, Sa 09:00-20:00"					+47 56193350
node	3324720972	60.5270030	5.4934240	Rema 1000 Lonevåg	Rema 1000		supermarket	Mo-Sa 07:00-23:00					+47 56392230
node	3324720973	60.5250940	5.4967800	Extra Lonevåg	Extra		supermarket	Mo-Sa 07:00-23:00				https://www.coop.no/butikker/extra/extra-lonevag-4592	+47 56 39 39 60
node	3326662824	58.9568363	5.7400866	Lille Asia international food supermaket			convenience						
node	3329612187	58.8813590	9.0184620	Coop Prix Gjerstad	Coop Prix		supermarket	"Mo-Fr 08:00-22:00, Sa 08:00-20:00"				https://www.coop.no/butikker/coop-prix/coop-prix-gjerstad-1337	+47 90 29 55 31
node	3337647436	62.5732309	11.3849008	Kiwi Røros	Kiwi		supermarket	"Mo-Sa 07:00-23:00, Su 12:00-20:00"					+47 72410390
node	3343244863	70.5019230	23.9804830	Coop Prix Kvalsund	Coop Prix		supermarket	Mo-Sa 09:00-21:00				https://www.coop.no/butikker/coop-prix/coop-prix-kvalsund-2744	+47 97 72 94 75
node	3373068335	69.0245920	19.2954600	Extra Øverbygd	Extra		supermarket	Mo-Sa 07:00-22:00				https://www.coop.no/butikker/extra/extra-overbygd-2752	+47 90 12 16 89
node	3373623956	59.9141379	10.7515608	Scanasia Asian Supermarket			supermarket	10:00-19:00					
node	3390267841	67.2891209	14.5991495	Extra Støver	Extra		supermarket	Mo-Sa 07:00-23:00				https://www.coop.no/butikker/extra/extra-stover-2518	+47 99 40 80 08
node	3400479097	60.2953642	5.3290262	Europris		Europris	supermarket	Mo-Fr 09:00-21:00; Sa 09:00-18:00				https://lagunen.no/butikker/europris/	+47 904 10 385
node	3412227476	66.1977908	13.0270655	Spar Nesna	Spar		supermarket	"Mo-Fr 08:00-21:00, Sa 09:00-18:00"					+47 75056181
node	3412233471	66.0659219	12.9351038	Coop Prix Leirfjord	Coop Prix		supermarket	"Mo-Fr 08:00-21:00, Sa 09:00-18:00"				https://www.coop.no/butikker/coop-prix/coop-prix-leirfjord-1618	+47 75 05 01 00
node	3417146872	58.7698670	5.8565780	Extra Ålgård	Extra		supermarket	"Mo-Sa 07:00-23:00, Su 10:00-22:00"				https://www.coop.no/butikker/extra/extra-algard-2535	+47 51 61 29 90
node	3428529838	59.9387680	10.9079440	Rema 1000 Ellingsrud	Rema 1000		supermarket	Mo-Sa 07:00-23:00				https://butikk.rema.no/REMA+1000+Ellingsrud/1664258	+47 22328240
node	3429293304	62.9431480	7.8567440	Joker Torvikbukt	Joker		supermarket	"Mo-Fr 09:00-21:00, Sa 09:00-20:00"				https://joker.no/finn-butikk/joker-torvikbukt	+47 71293729
node	3431054447	60.4093890	5.1572711	Spar Follese	Spar		supermarket	"Mo-Fr 07:00-22:00, Sa 09:00-20:00"					+47 56148147
node	3431098742	60.4225110	5.2029010	Extra Askøy	Extra		supermarket	Mo-Sa 07:00-23:00				https://www.coop.no/butikker/extra/extra-askoy-4300	+47 56 14 29 10
node	3431098743	60.4304502	5.1887577	Kiwi Juvik	Kiwi		supermarket	Mo-Sa 07:00-23:00					+47 56142000
node	3431180476	60.4495370	5.0915970	Joker Hanøy	Joker		supermarket	"Mo-Fr 07:00-20:00, Sa 09:00-18:00"					+47 56145214
node	3431180477	60.4202699	5.2393615	Kiwi Florvåg	Kiwi		supermarket	Mo-Sa 07:00-23:00					+47 56150250
node	3431180478	60.4095350	5.2274730	Kiwi Kleppestø	Kiwi		supermarket	Mo-Sa 07:00-23:00					+47 56149950
node	3431180481	60.4113706	5.2264945	Meny Kleppestø	Meny		supermarket	"Mo-Fr 08:00-22:00, Sa 08:00-20:00, Su 09:00-22:00"					+47 91895115
node	3431180482	60.5033816	5.0650274	Spar Kjerrgarden	Spar		supermarket	"Mo-Fr 08:00-21:00, Sa 09:00-20:00"					+47 56152200
node	3431441514	60.5560720	5.2704290	Spar Isdalstø	Spar		supermarket	"Mo-Fr 06:00-22:00, Sa 08:00-20:00"					+47 56351990
node	3431441518	60.5466790	5.2855850	Meny Knarvik	Meny		supermarket	"Mo-Fr 07:00-22:00, Sa 09:00-20:00"					+47 56357400
node	3431837538	60.6117421	5.2780647	Spar Seimstrand	Spar		supermarket	"Mo-Fr 08:00-21:00, Sa 09:00-20:00"					+47 56357904
node	3432689226	60.6405530	5.0420760	Extra Manger	Extra		supermarket	Mo-Sa 07:00-23:00				https://www.coop.no/butikker/extra/extra-manger-1395	+47 56 34 99 30
node	3434306429	60.6986020	4.9280330	Bunnpris Bøvågen	Bunnpris		supermarket	"Mo-Fr 08:00-20:00, Sa 09:00-18:00"					+47 56370090
node	3436981437	60.7835770	4.9303030	Extra Mastrevik	Extra		supermarket	Mo-Sa 07:00-23:00				https://www.coop.no/butikker/extra/extra-mastrevik-4950	+47 56 16 96 10
node	3439458793	60.7396157	5.1604892	Kiwi Lindås senter	Kiwi		supermarket	Mo-Sa 07:00-23:00					+47 56360620
node	3439458795	60.7390554	5.1617411	Rema 1000 Lindås	Rema 1000		supermarket	Mo-Sa 07:00-23:00					+47 56364600
node	3444673045	59.1212262	10.3988878	Extra Tjøme	Extra		supermarket	"Mo-Sa 07:00-23:00, Su 09:00-21:00"				https://www.coop.no/butikker/extra/extra-tjome-4220	+47 33 39 05 65
node	3453161336	61.7576070	11.1751070	Joker Otnes	Joker		supermarket	"Mo-Th 09:00-17:00, Fr 09:00-18:00, Sa 10:00-17:00"					+47 62467134
node	3455331246	70.0161198	27.4050326	Snarkjøp Sirma	Snarkjøp	A E Tapio eft.	convenience	Mo-Fr 10:00-16:30; Sa 10:00-14:30					+47 976 24 785
node	3465157495	59.9322700	10.8223410	Nærbutikken Risløkka	Nærbutikken		supermarket	"Mo-Fr 07:00-20:00, Sa-Su 09:00-20:00"					+47 92439735
node	3469440150	69.9605830	23.2338680	Extra Bossekop	Extra		supermarket	Mo-Sa 07:00-23:00				https://www.coop.no/butikker/extra/extra-bossekop-2003	+47 97 57 74 55
node	3469502968	69.9606160	23.2354262	YX Bossekop			convenience	"Mo-Fr 00:00-01:00,06:00-24:00;Sa-Su 00:00-24:00"					
node	3471700134	59.2408779	10.9690927	Råbekken Storcash		Storcash	supermarket	Mo-We 08:00-17:00; Th 08:00-18:00; Fr 08:00-17:00; Sa 08:00-15:00				https://www.storcash.no/	+4769300850
node	3481299229	69.4435270	23.6674990	Nærbutikken Maze	Nærbutikken		supermarket	"Mo-Fr 10:00-20:00, Sa 10:00-14:00"				https://narbutikken.no/Finn-butikk/Narbutikken-Maze	+47 78487544
node	3481458856	60.1257570	11.3420280	Rema 1000 Neskollen	Rema 1000		supermarket	Mo-Sa 07:00-23:00					+47 63908122
node	3489591844	59.9406350	10.9837820	Kiwi Fjellhamar	Kiwi		supermarket	Mo-Sa 07:00-23:00					+47 67972662
node	3492860731	59.7455191	10.2023338	Spar Torget Vest	Spar		supermarket	"Mo-Fr 09:00-20:00, Sa 09:00-18:00"					+47 32891425
node	3495233059	70.5893880	22.2828630	Joker Breivikbotn	Joker		supermarket	"Mo-Fr 10:00-18:00, Sa 10:00-15:00"					+47 95338112
node	3533310905	60.2977936	5.3456039	Extra Apeltun	Extra		supermarket	Mo-Sa 06:00-24:00				https://www.coop.no/butikker/extra/extra-apeltun-2432	+47 55 92 44 20
node	3552493144	63.6780930	9.8604640	Coop Marked Fevåg	Coop Marked		supermarket	"Mo-Fr 09:00-19:00, Sa 09:30-16:00"				https://www.coop.no/butikker/coop-marked-matkroken/coop-marked-fevag-1583	+47 97 57 56 89
node	3570909542	60.6568363	6.4363963	Voss Trafikksenter AS			convenience	Mo-Su 06:00-24:00					
node	3575013097	60.4703924	5.3227874	Obs Horisont	Obs		supermarket	"Mo-Fr 09:00-22:00, Sa 09:00-20:00"				https://www.coop.no/butikker/obs/obs-horisont-2551	+47 55 98 65 80
node	3602495126	58.0819550	7.8100130	Bunnpris Høllen	Bunnpris		supermarket	"Mo-Fr 08:00-21:00, Sa 08:00-20:00"					+47 38166617
node	3602495130	58.0957530	7.7823810	Extra Lunde	Extra		supermarket	Mo-Sa 07:00-23:00				https://www.coop.no/butikker/extra/extra-lunde-1333	+47 94 85 17 77
node	3611035693	58.8732930	5.7262730	Rema 1000 Lura	Rema 1000		supermarket	"Mo-Sa 07:00-23:00, Su 09:00-21:00"					+47 51674090
node	3635742556	60.7699835	11.1280615	Kiwi Ottestad	Kiwi		supermarket	Mo-Sa 07:00-23:00					+47 62573348
node	3635742557	60.7816640	11.1120910	Bunnpris Ottestad	Bunnpris		supermarket	"Mo-Fr 07:00-23:00, Sa 08:00-21:00"					+47 62578433
node	3637932290	59.2103470	11.1903560	Rema 1000 Skjeberg	Rema 1000		supermarket	Mo-Sa 07:00-23:00					+47 69147400
node	3639432556	59.9140660	10.5008710	Joker Kolsås	Joker		supermarket	"Mo-Fr 07:00-23:00, Sa-Su 09:00-23:00"					+47 91158593
node	3641004994	59.2724130	10.4275140	Kiwi Heimdalsvingen	Kiwi		supermarket	Mo-Sa 07:00-23:00					+47 33333800
node	3646214185	59.0254790	11.0392030	Spar Skjærhalden	Spar		supermarket	"Mo-Fr 07:00-22:00, Sa-Su 07:00-20:00"					+47 69379130
node	3647984995	59.2943420	11.0641610	Extra Grålum	Extra		supermarket	Mo-Sa 07:00-23:00				https://www.coop.no/butikker/extra/extra-gralum-2543	+47 69 13 94 00
node	3647999842	59.2678333	11.0321220	Kiwi Greåker	Kiwi		supermarket	Mo-Sa 07:00-23:00				https://kiwi.no/Finn-butikk/kiwi-534-greaker	+47 69140022
node	3651398810	63.4546169	10.9163914	Travel Value Norway			convenience					https://www.tax-free.no/5153/	
node	3652633185	59.9850781	12.1214255	Extra Skotterud	Extra		supermarket	Mo-Sa 07:00-23:00				https://www.coop.no/butikker/extra/extra-skotterud-1039	+47 62 83 69 10
node	3652633575	59.9851442	12.1227572	Kiwi Skotterud	Kiwi		supermarket	Mo-Sa 07:00-23:00					+47 62835431
node	3658730903	58.8494649	5.7379648	Life			convenience						
node	3660444798	64.5610200	12.4929540	Coop Marked Harran	Coop Marked		supermarket	"Mo-Fr 09:00-20:00, Sa 09:00-18:00"				https://www.coop.no/butikker/coop-marked-matkroken/coop-marked-harran-1597	+47 90 51 28 60
node	3662420184	59.1282710	11.2745880	Rema 1000 Svinesundparken	Rema 1000		supermarket	Mo-Sa 07:00-23:00					+47 69197590
node	3664023634	59.0551216	6.6456182	Ryfylke landhandel			convenience						
node	3671371185	62.5043235	6.3960023				convenience						
node	3673359474	59.2122246	10.9399367	Fredrikstad Frukt & Grønt			convenience						
node	3674029028	63.4380250	10.6255380	Extra Vikhammer	Extra		supermarket	Mo-Sa 07:00-23:00				https://www.coop.no/butikker/extra/extra-vikhammer-1810	+47 40 00 12 33
node	3674029029	63.4364140	10.6260980	Rema 1000 Vikhammer	Rema 1000		supermarket	Mo-Sa 07:00-23:00				https://www.rema.no/butikker/rema-1000-vikhammer/1380161	+47 73971880
node	3676732649	63.4330506	10.7083711				convenience	Mo-Su 14:00-22:00					
node	3677098729	60.6291157	6.4219676	Mix G Kløve	Mix		convenience	Mo-Sa 08:30-20:00; Su 10:00-20:00					
node	3677271425	59.9443900	10.6140230	Joker Eiksmarka	Joker		supermarket	Mo-Su 08:00-22:00					+47 67424260
node	3679324324	59.9232037	10.8450364	Obs Alnabru	Obs		supermarket	"Mo-Fr 07:00-23:00, Sa 08:00-21:00"				https://www.coop.no/butikker/obs/obs-alnabru-2541	+47 22 30 94 00
node	3679328226	59.9473050	11.0091488	Kiwi Strømmen	Kiwi		supermarket	Mo-Sa 07:00-23:00					+47 63890711
node	3681282801	65.0740200	11.9513330	Joker Bogen	Joker		supermarket	Mo-Sa 00:00-24:00					+47 75031632
node	3682119982	70.0307410	20.9708070	Extra Skjervøy	Extra		supermarket	Mo-Sa 07:00-23:00				https://www.coop.no/butikker/extra/extra-skjervoy-1949	+47 95 21 23 57
node	3682206787	69.6019931	20.5345295				convenience	Mo-Fr 09:00-21:00;Sa 10:00-23:00;Su 12:00-21:00					
node	3682978409	59.9624890	10.9225210	Vårt Marked			supermarket	Mo 08:00-21:00; Tu 08:00-21:00; We 08:00-21:00; Th 08:00-21:00; Fr 08:00-21:00; Sa 08:00-21:00; Su 10:00-18:00					
node	3684064171	58.1377062	7.0703244	Mix Allèen	Mix		convenience	Mo-Fr 10:00-20:30; Sa 10:00-18:00; Su 12:00-19:00					
node	3684337230	69.6850451	19.0016384	Isrenna Storkiosk			convenience	Mo-Th 06:50-23:00;Fr 06:50-21:00;Sa 09:00-21:00;Su 10:00-23:00				http://isrennabensinstasjon.no	
node	3684651176	60.3321480	5.3489890	Kiwi Paradis	Kiwi		supermarket	Mo-Sa 07:00-23:00				https://kiwi.no/Finn-butikk/Kiwi-Paradis	+47 55122171
node	3685010133	58.1379057	7.0722436	Lyng Kiosk			convenience	Mo-Fr 08:30-22:00; Sa 08:30-23:00; Su 10:30-23:00					
node	3685010135	58.1376758	7.0722979	OrientMeny			convenience	Mo-Sa 09:00-18:00				http://orientmeny.no/	
node	3689994026	58.7856540	5.8149520	Joker Figgjo	Joker		supermarket	"Mo-Fr 07:00-21:00, Sa 08:00-20:00"					+47 90595623
node	3691245228	58.8551357	8.3358172	Gjøvdal Handel			supermarket	Mo-Tu 10:00-17:00; week 01-25 We 14:00-17:00; week 26-33 We 10:00-17:00; week 34-53 We 14:00-17:00; Th 10:00-17:00; Fr 10:00-18:00; Sa 10:00-14:00; Su off				https://www.gjovdal.no/	+4737083136
node	3692489851	58.7696430	8.4868030	Joker Åmli	Joker		supermarket	"Mo-Fr 09:00-20:00, Sa 09:00-18:00"				https://joker.no/finn-butikk/joker-amli	+47 37081125
node	3692730102	59.0453860	10.0605930	Rema 1000 Øya	Rema 1000		supermarket	"Mo-Fr 06:00-23:00, Sa 07:00-23:00"					+47 33130099
node	3695285271	59.6196600	10.7408800	Home and Garden			supermarket						
node	3695708908	67.6659064	12.6986562	Coop Prix Værøy	Coop Prix		supermarket	Mo-Sa 06:00-24:00				https://www.coop.no/butikker/coop-prix/coop-prix-vaeroy-1874	+47 76 09 55 77
node	3698812914	59.2299798	6.1529329	Spar Hjelmeland	Spar		supermarket	"Mo-Fr 07:00-22:00, Sa 08:00-21:00"					+47 51750411
node	3698812915	59.2335200	6.1667790	Extra Hjelmeland	Extra		supermarket	"Mo-Fr 07:00-23:00, Sa 08:00-21:00"				https://www.coop.no/butikker/extra/extra-hjelmeland-2414	+47 51 75 30 60
node	3701634997	59.9722340	10.9282780	Extra Vestli	Extra		supermarket	Mo-Sa 07:00-23:00				https://www.coop.no/butikker/extra/extra-vestli-1105	+47 22 10 44 40
node	3706377906	59.2138830	10.9396010	Coop Mega Fredrikstad	Coop Mega		supermarket	"Mo-Fr 07:00-21:00, Sa 08:00-20:00"				https://www.coop.no/butikker/coop-mega/coop-mega-fredrikstad-1085	+47 69 30 78 00
node	3708367492	59.7866730	10.2454432	Lierbyen frukt og grønt			supermarket						
node	3713798765	59.2517213	10.9923119	Meny Østfoldhallene	Meny		supermarket	"Mo-Fr 09:00-20:00, Sa 09:00-18:00"					+47 69381500
node	3722981261	69.6517130	18.9603450	Coop Prix Kystens hus	Coop Prix		supermarket	"Mo-Fr 07:00-23:00, Sa 08:00-22:00"				https://www.coop.no/butikker/coop-prix/coop-prix-kystens-hus-2555	+47 901 85 105
node	3725422123	69.6969295	18.9536258	Extra Hamna	Extra		supermarket	Mo-Sa 07:00-23:00				https://www.coop.no/butikker/extra/extra-hamna-2508	+47 95 33 29 93
node	3726142010	59.9137200	10.7751860	Kiwi Tøyen	Kiwi		supermarket	Mo-Sa 07:00-23:00					+47 22571950
node	3728001982	69.6759460	18.9255920	Eurospar Langnes	Spar		supermarket	Mo-Sa 07:00-23:00					+47 77677410
node	3729925431	69.6797935	18.9080989	Travel Value			convenience	Mo-Fr 05:50-21:00; Sa 07:15-16:30; Su 11:45-21:00					
node	3737461421	59.3273690	10.6797220	Joker Larkollen	Joker		supermarket	Mo-Su 07:00-23:00					+47 69263089
node	3737461423	59.3773200	10.7595190	Rema 1000 Halmstad	Rema 1000		supermarket	Mo-Sa 07:00-23:00					+47 69261500
node	3740780052	59.9879630	10.9368840	Bunnpris Holumporten	Bunnpris		supermarket	"Mo-Fr 07:00-22:00, Sa-Su 09:00-22:00"					+47 67061005
node	3747912205	61.8890350	5.5509740	Nærbutikken Davik	Nærbutikken		supermarket	Mo-Sa 06:00-23:30					+47 57794768
node	3748052900	59.9080205	10.8024106	Nærbutikken Etterstadsletta	Nærbutikken		supermarket	Mo-Su 10:00-22:00					+47 45570652
node	3751926394	59.9337290	10.9383820	Joker Visperud	Joker		supermarket	24/7					+47 67906514
node	3760934957	60.5350170	8.2092610	Spar Geilo	Spar		supermarket	"Mo-Th 08:00-20:00, Fr 08:00-21:00, Sa 08:00-18:00, Su 10:30-18:00"				https://spar.no	+47 32090999
node	3785031744	58.4210337	7.4025044	Joker Byremo	Joker		supermarket	"Mo-Fr 09:00-19:00, Sa 09:00-17:00"					+47 38280193
node	3785286013	58.2849440	7.3551530	Spar Konsmo	Spar		supermarket	"Mo-Fr 08:00-20:00, Sa 08:00-19:00"					+47 38281605
node	3787208372	59.7728685	9.9081427	Rema 1000 Hokksund	Rema 1000		supermarket	Mo-Sa 07:00-23:00				https://www.rema.no/butikker/buskerud/ovre-eiker/rema-1000-hokksund/	+47 32753320
node	3787208378	59.7750953	9.9124117	Coop Prix Hokksund	Coop Prix		supermarket	Mo-Su 06:00-24:00				https://www.coop.no/butikker/coop-prix/coop-prix-hokksund-1164	+47 32 75 10 26
node	3792542230	62.6751350	8.5652230	Bunnpris Sunndalsøra	Bunnpris		supermarket	"Mo-Fr 08:00-22:00, Sa 09:00-21:00, Su 11:00-21:00"					+47 71691504
node	3795791373	59.7423465	10.1606073	Kiwi Gulskogen	Kiwi		supermarket	Mo-Sa 07:00-23:00					+47 32838001
node	3801756517	59.8772200	10.8473530	Kiwi Bølerlia	Kiwi		supermarket	Mo-Sa 07:00-23:00					+47 22277300
node	3813305058	59.9221090	10.7362490	Bunnpris Bislett	Bunnpris		supermarket	"Mo-Fr 07:00-23:00, Sa-Su 09:00-23:00"					+47 45522256
node	3815195605	59.8942367	10.2838914	Spar Holsfjorden	Spar		supermarket	"Mo-Fr 07:00-22:00, Sa 08:00-20:00"					+47 32856030
node	3824161186	60.6727944	10.8136029	Kiwi Lena	Kiwi		supermarket	Mo-Sa 07:00-23:00					+47 61160233
node	3824297281	60.6775192	10.8181904	Rema 1000 Lena	Rema 1000		supermarket	Mo-Sa 07:00-23:00					+47 61160286
node	3824297282	60.6732560	10.8120270	Spar Lena	Spar		supermarket	"Mo-Fr 08:00-21:00, Sa 09:00-19:00"					+47 61165250
node	3827722522	60.4285050	5.4695390	Rema 1000 Garnesveien	Rema 1000		supermarket	Mo-Sa 07:00-23:00					+47 55531650
node	3837011473	62.4096440	10.9985670	Coop Prix Tolga	Coop Prix		supermarket	"Mo-Fr 08:00-22:00, Sa 09:00-20:00"				https://www.coop.no/butikker/coop-prix/coop-prix-tolga-1648	+47 62 49 44 35
node	3843533930	60.3579800	5.1268050	Bunnpris Sartor	Bunnpris		supermarket	"Mo-Fr 08:00-22:00, Sa 09:00-20:00"					+47 56332650
node	3843535786	60.3577240	5.1228580	Meny Sartor	Meny		supermarket	"Mo-Fr 07:00-22:00, Sa 08:00-21:00, Su 09:00-22:00"					+47 56326500
node	3845653979	59.9016623	10.7904961	Nærbutikken Konows gate	Nærbutikken		supermarket	Mo-Su 08:00-23:00					+47 46218667
node	3851596095	60.5134000	4.9090650	Spar Rong	Spar		supermarket	"Mo-Fr 07:00-22:00, Sa 08:00-20:00"					+47 56387140
node	3856374473	59.2928698	11.1124240	Extra Kurland	Extra		supermarket	Mo-Sa 07:00-23:00				https://www.coop.no/butikker/extra/extra-kurland-2436	+47 69 12 67 70
node	3868562323	61.2388252	7.7113913	Rema 1000 Årdalstangen	Rema 1000		supermarket	Mo-Sa 07:00-23:00					+47 57661500
node	3870600844	58.9677393	5.7554335	Extra Lervig	Extra		supermarket	Mo-Sa 07:00-23:00				https://www.coop.no/butikker/extra/extra-lervig-2560	+47 90 02 41 97
node	3882525591	60.2548808	11.6828563	Kiwi Skarnes	Kiwi		supermarket	Mo-Sa 07:00-23:00					+47 62962220
node	3882525595	60.2546667	11.6814151	Extra Skarnes	Extra		supermarket	Mo-Sa 07:00-23:00				https://www.coop.no/butikker/extra/extra-skarnes-1040	+47 62 96 11 22
node	3882536916	70.0530660	24.9584730	Rema 1000 Lakselv	Rema 1000		supermarket	Mo-Sa 07:00-23:00				https://www.rema.no/butikker/Porsanger/rema-1000-lakselv/867457	+47 78463500
node	3882536917	70.0527693	24.9610571	Spar Lakselv	Spar		supermarket	"Mo-Fr 08:00-21:00, Sa 09:00-20:00"				https://spar.no/Finn-butikk/SPAR-Lakselv	+47 78462218
node	3882628726	69.9605190	19.6099680	Spar Ringvassøy	Spar		supermarket					https://spar.no/Finn-butikk/SPAR-Ringvassoy	+47 77747300
node	3910677314	59.9599800	10.9187080	Nærbutikken Stovner	Nærbutikken		supermarket	"Mo-Sa 09:00-21:00, Su 11:00-20:00"					+47 22100035
node	3910690425	61.5004560	4.9665120	Nærbutikken Tansøy	Nærbutikken		supermarket	Mo-Su 07:00-23:00					+47 57745112
node	3929119642	60.4139950	5.3201480	Extra Maaseskjæret	Extra		supermarket	Mo-Sa 07:00-23:00				https://www.coop.no/butikker/extra/extra-maaseskjaeret-4223	+47 90 09 53 84
node	3930752683	60.3813850	5.3196540	Bunnpris Damsgård	Bunnpris		supermarket	"Mo-Fr 07:00-23:00, Sa 08:00-22:00"					+47 55342471
node	3930752684	60.3633420	5.3523020	Bunnpris Hope	Bunnpris		supermarket	"Mo-Fr 08:00-22:00, Sa 08:00-20:00"					+47 90368917
node	3930752685	60.3850110	5.3315360	Bunnpris Nygårdsgaten	Bunnpris		supermarket	"Mo-Fr 07:00-23:00, Sa-Su 09:00-22:00"					+47 55328040
node	3930752686	60.3409010	5.2874780	Bunnpris Smiberget	Bunnpris		supermarket	"Mo-Fr 07:00-22:00, Sa 08:00-21:00, Su 09:00-22:00"					+47 55163807
node	3930752687	60.3262989	5.3400377	Matkroken Strønen	Matkroken		supermarket	"Mo-Sa 09:00-22:00, Su 11:00-22:00"				https://www.coop.no/butikker/coop-marked-matkroken/matkroken-stronen-4210	+47 90 04 05 54
node	3932021154	59.2082130	10.9909540	Rema 1000 Begby	Rema 1000		supermarket	Mo-Sa 07:00-23:00					+47 69329000
node	3934152270	60.3944730	5.3231670	Rema 1000 Kløverhuset	Rema 1000		supermarket	Mo-Sa 07:00-23:00				https://www.rema.no/butikker/Bergen/REMA-1000-Kl%C3%B8verhuset/1490020	+47 55908560
node	3946010561	60.3885560	5.3261700	Rema 1000 Nygårdsgaten	Rema 1000		supermarket	Mo-Sa 07:00-23:00					+47 55320405
node	3946010571	60.3873130	5.3287250	Waberi butikk			convenience						
node	3946115820	60.3953700	5.3263220	7-Eleven Torget	7-Eleven		convenience	24/7					
node	3946150091	60.3931950	5.3252150	Lerøy mat			supermarket	"Mo-Fr 07:30-21:00, Sa 09:00-18:00"				https://www.leroymat.no/	+47 55301930
node	3953096374	60.2843399	11.1717207	Spar Råholt	Spar		supermarket	"Mo-Fr 07:00-22:00, Sa 09:00-20:00"					+47 63966280
node	3954056762	58.4530000	6.0047800	Coop Mega Egersund	Coop Mega		supermarket	"Mo-Fr 08:00-21:00, Sa 08:00-20:00, Su 09:00-20:00"				https://www.coop.no/butikker/coop-mega/coop-mega-egersund-1228	+47 90 23 77 77
node	3959784445	60.3954060	5.3274750	Bunnpris Kong Oscar	Bunnpris		supermarket	"Mo-Fr 08:00-23:00, Sa 08:00-00:00, Su 09:00-00:00"					+47 45692812
node	3961731167	63.4315480	10.3570790	Rema 1000 Ilsvika	Rema 1000		supermarket	Mo-Sa 07:00-23:00					+47 73921073
node	3962005255	60.3934424	5.3198708	Bunnpris Markeveien	Bunnpris		supermarket	"Mo-Fr 07:00-23:00, Sa 08:00-23:00, Su 09:00-23:00"					+47 90117980
node	3962005377	60.3908850	5.3317830	Lien Asiatisk Matvare		Dinh Chi Tran	convenience	Mo-Fr 10:00-19:00; Sa 10:00-17:00					+47 97 97 55 85;+47 55 31 60 71
node	3962005399	60.3911700	5.3319980	Rema 1000 Marken	Rema 1000		supermarket	Mo-Sa 07:00-23:00					+47 55315399
node	3964625319	60.3976120	5.3223370	Mix Bryggebuen	Mix		convenience	Mo-Fr 08:00-23:00; Sa-Su 09:00-23:00					+47 55 55 85 42
node	3975976566	60.3892190	5.3324680	Extra Bergen storsenter	Extra		supermarket	Mo-Sa 07:00-23:00				https://www.coop.no/butikker/extra/extra-bergen-storsenter-4219	+47 55 31 75 75
node	3975976571	60.3894100	5.3327080	Meny Bergen storsenter	Meny		supermarket	"Mo-Fr 06:00-23:00, Sa 07:00-21:00"					+47 55301130
node	3982429054	60.3879043	5.3300785	Matmat			convenience						
node	3988992824	63.3565580	10.3740410	Kiwi Tiller	Kiwi		supermarket	Mo-Sa 07:00-23:00				https://kiwi.no/Finn-butikk/Kiwi-Tiller/	+47 72889485
node	3990628503	60.5343540	8.2094960	Kiwi Geilo	Kiwi		supermarket	"Mo-Fr 07:00-23:00, Sa 08:00-21:00, Su 09:00-21:00"					+47 32088412
node	4001543478	59.1231180	10.2361360	Extra Framnes	Extra		supermarket	Mo-Sa 07:00-23:00				https://www.coop.no/butikker/extra/extra-framnes-4804	+47 33 47 89 00
node	4001578390	59.1342020	10.2514730	Rema 1000 Østerøyveien	Rema 1000		supermarket	Mo-Sa 07:00-23:00					+47 33483450
node	4001578391	59.1277545	10.2358486	Kiwi Kilgata	Kiwi		supermarket	Mo-Sa 07:00-23:00					+47 33480600
node	4001578392	59.1276770	10.2413230	Meny Indre Havn	Meny		supermarket	"Mo-Fr 07:00-21:00, Sa 07:00-20:00"					+47 33482750
node	4001578393	59.1290110	10.2404230	Rema 1000 Sandefjord	Rema 1000		supermarket	"Mo-Fr 06:00-23:00, Sa 07:00-23:00"					+47 33463740
node	4001578396	59.1340072	10.2046142	Meny Stadiontunet	Meny		supermarket	"Mo-Fr 08:00-22:00, Sa 08:00-20:00"					+47 33482130
node	4001578399	59.1027790	10.2232490	Rema 1000 Thorøya	Rema 1000		supermarket	Mo-Sa 07:00-23:00					+47 33471260
node	4011269638	64.1399030	11.7405390	Coop Marked Kvam	Coop Marked		supermarket	"Mo-Fr 09:00-19:00, Sa 09:00-18:00"				https://www.coop.no/butikker/coop-marked-matkroken/coop-marked-kvam-1616	+47 94 14 22 60
node	4015909274	64.0185893	11.4888372	Spar Dampsaga	Spar		supermarket	"Mo-Fr 08:00-21:00, Sa 09:00-20:00, Su 10:00-22:00"					+47 74169760
node	4041073479	59.9047440	10.6257895	Kiwi Fornebuporten	Kiwi		supermarket	Mo-Sa 07:00-23:00					+47 67531700
node	4052098190	61.3154520	12.2615560	Coop Mega Trysil	Coop Mega		supermarket	"Mo-Fr 09:00-20:00, Sa 09:00-18:00"				https://www.coop.no/butikker/coop-mega/coop-mega-trysil-2074	+47 90 87 15 96
node	4063122384	64.4657040	13.5882800	Matkroken Lierne	Matkroken		supermarket	"Mo-Th 09:00-17:00, Fr 09:00-19:00, Sa 09:00-15:00"				https://www.coop.no/butikker/coop-marked-matkroken/matkroken-lierne-4438	+47 91 12 34 46
node	4075212709	59.9440530	10.9509180	Rema 1000 Lørenskog stasjonsby	Rema 1000		supermarket	Mo-Sa 07:00-23:00					+47 67900300
node	4087857442	60.3931997	5.3143643	Bunnpris Nøstet	Bunnpris		supermarket	"Mo-Fr 07:00-23:00, Sa 08:00-22:00"					+47 55312262
node	4090297760	59.9274730	10.6763840	Kiwi Hoffsveien	Kiwi		supermarket	Mo-Sa 07:00-23:00					+47 22522706
node	4098238847	63.5039790	9.8276130	Coop Prix Lensvik	Coop Prix		supermarket	"Mo-Fr 08:00-22:00, Sa 08:00-21:00"				https://www.coop.no/butikker/coop-prix/coop-prix-lensvik-1762	+47 97 99 48 30
node	4104373222	58.1947243	8.3469537	Snarkjøp Brekkestø	Snarkjøp	Kjøpmann Vik AS	convenience	Mo-Su 09:00-21:00					+47 404 03 095
node	4108830890	59.8359230	10.7964560	Kiwi Holmlia sentervei	Kiwi		supermarket	Mo-Sa 07:00-23:00					+47 22288200
node	4108840390	59.8412220	10.7933800	Joker Holmlia	Joker		supermarket	Mo-Su 08:00-23:00					+47 47451857
node	4112553691	59.9313800	10.8068700	Kiwi Økernveien	Kiwi		supermarket	Mo-Sa 07:00-23:00					+47 22642600
node	4121613994	60.4021950	5.3167770	Storcash			supermarket	Mo-Fr 07:00-18:00; Sa 07:00-14:00				https://storcash.no/butikker/bergen-storcash/	+47 55 20 05 40
node	4125840986	67.1343430	13.9707590	Nærbutikken Sørarnøy	Nærbutikken		supermarket	Mo-Su 06:00-24:00					+47 75759216
node	4125876845	63.0099820	7.4323710	Kiwi Atlanterhavsveien	Kiwi		supermarket	Mo-Sa 07:00-23:00					+47 71511755
node	4128190443	59.0190000	8.5232000	Coop Prix Treungen	Coop Prix		supermarket	"Mo-Fr 08:00-22:00, Sa 08:00-20:00"				https://www.coop.no/butikker/coop-prix/coop-prix-treungen-1335	+47 94 87 67 18
node	4128190463	59.0200944	8.5206063	Spar Treungen	Spar		supermarket	"Mo-Fr 08:00-21:00, Sa 08:00-20:00"					+47 35048000
node	4129806319	61.3230159	12.1547588	Nærbutikken Fageråsen	Nærbutikken		supermarket	Mo-Su 10:00-17:00					+47 48466710
node	4130910136	61.3103340	7.8079140	Extra Øvre Årdal	Extra		supermarket	Mo-Sa 07:00-23:00				https://www.coop.no/butikker/extra/extra-ovre-ardal-2540	+47 97 99 14 70
node	4130910141	61.3085380	7.8132200	Kiwi Øvre Årdal	Kiwi		supermarket	Mo-Sa 07:00-23:00					+47 57664858
node	4131194783	69.0432700	18.5095010	Spar Heggmo	Spar		supermarket	"Mo-Fr 07:00-22:00, Sa 08:00-20:00"					+47 77833069
node	4131200579	69.0465955	18.5031921	Bisa Stormarked			convenience						
node	4133663528	60.1581670	5.6654656	Joker Strandvik	Joker		supermarket	"Mo-Fr 08:00-20:00, Sa 09:00-18:00"					+47 56584812
node	4134849573	63.4164580	10.8100640	Rema 1000 Hommelvik	Rema 1000		supermarket	Mo-Sa 07:00-23:00					+47 73970007
node	4135659644	59.8268190	10.8369930	Extra Bjørndal	Extra		supermarket	"Mo-Fr 07:00-23:00, Sa 08:00-23:00"				https://www.coop.no/butikker/extra/extra-bjorndal-4217	+47 22 62 51 06
node	4143195279	60.3732170	5.3429710	Spar Kronstadparken	Spar		supermarket	"Mo-Fr 06:30-23:00, Sa 09:00-21:00"				https://spar.no/Finn-butikk/SPAR-Kronstadparken/	+47 55232290
node	4146942889	61.9279430	5.0814720	Bunnpris Oldeide	Bunnpris		supermarket	"Mo-Fr 07:00-21:00, Sa 09:00-20:00, Su 10:00-20:00"					+47 57851588
node	4158303955	60.8155460	11.0623180	Kiwi Volljordet	Kiwi		supermarket	Mo-Sa 07:00-23:00				https://kiwi.no/Finn-butikk/KIWI-Volljordet/	+47 62530400
node	4159421290	59.4785280	10.3161590	Kiwi Kleivbrottet	Kiwi		supermarket	Mo-Sa 07:00-23:00					+47 33051642
node	4159423912	59.4754700	10.3174910	Rema 1000 Holmestrand	Rema 1000		supermarket	Mo-Sa 07:00-23:00					+47 33051812
node	4167164620	59.8385320	10.8005800	Asperud dagligvare			supermarket						
node	4171425193	61.6000200	5.0332030	Spar Florø	Spar		supermarket	"Mo-Fr 08:00-22:00, Sa 09:00-20:00"					+47 57747628
node	4171425695	61.6000962	5.0356998	IntroMarket			convenience						
node	4171466892	61.6008660	5.0368040	Rema 1000 Florø senter	Rema 1000		supermarket	Mo-Sa 07:00-21:00					+47 57742860
node	4185527883	68.0442203	16.0802987	Spar Drag	Spar		supermarket	"Mo-Fr 08:00-21:00, Sa 10:00-18:00"					+47 75773878
node	4197407152	68.7997540	16.5423470	Joker Bysenteret	Joker		supermarket	"Mo-Fr 08:00-22:00, Sa 07:00-23:00"				https://joker.no/finn-butikk/joker-bysenteret	+47 77012555
node	4198734618	59.9020270	10.7550930	Coop Prix Sørenga	Coop Prix		supermarket	Mo-Su 07:00-23:00				https://www.coop.no/butikker/coop-prix/coop-prix-sorenga-2515	+47 23 24 03 50
node	4207236452	64.4608440	10.7578060	Coop Marked Flatanger	Coop Marked		supermarket	"Mo-Th 09:00-19:00, Fr 09:00-20:00, Sa 09:00-18:00, Su 12:00-16:00"				https://www.coop.no/butikker/coop-marked-matkroken/coop-marked-flatanger-1763	+47 91 62 37 50
node	4211919333	61.5886342	5.4610432	Spar Eikefjord	Spar		supermarket	"Mo-Fr 08:00-21:00, Sa 09:00-20:00"					+47 57744716
node	4212043822	60.0240989	11.1029568	Kiwi Frogner Lillestrøm	Kiwi		supermarket	Mo-Sa 07:00-23:00					+47 63820313
node	4213098367	60.8880410	10.9329640	Rema 1000 Fabrikkvegen	Rema 1000		supermarket	Mo-Sa 07:00-23:00					+47 62355670
node	4214077693	62.3402676	5.8553270	Kiwi Ulsteinvik	Kiwi		supermarket	Mo-Sa 07:00-23:00					+47 70011800
node	4214873094	62.4920930	6.6055570	Rema 1000 Digernes	Rema 1000		supermarket	Mo-Sa 07:00-23:00					+47 70275400
node	4214968128	62.6189870	6.8526960	Joker Fiksdal	Joker		supermarket	"Mo-Fr 09:00-20:00, Sa 09:00-18:00"					+47 71182346
node	4220232731	60.3590940	5.1215211	Caesar Mat AS			convenience						
node	4224852096	64.3085170	11.2213260	Coop Marked Sjøåsen	Coop Marked		supermarket	"Mo-Th 09:00-18:00, Fr 09:00-20:00, Sa 09:00-18:00"				https://www.coop.no/butikker/coop-marked-matkroken/coop-marked-sjoasen-1636	+47 46 87 92 12
node	4230275103	64.1726500	10.2304380	Coop Marked Roan	Coop Marked		supermarket	"Mo-Fr 09:00-18:00, Sa 10:00-17:00"				https://www.coop.no/butikker/coop-marked-matkroken/coop-marked-roan-2435	+47 97 57 56 84
node	4230430761	61.2192000	6.0734100	Extra Høyanger	Extra		supermarket	Mo-Sa 07:00-23:00				https://www.coop.no/butikker/extra/extra-hoyanger-1388	+47 46 63 59 03
node	4230430763	61.2193300	6.0730080	Kiwi Høyanger	Kiwi		supermarket	Mo-Sa 07:00-23:00					+47 57712922
node	4230866535	59.3633320	5.3077680	Extra Moksheim	Extra		supermarket	Mo-Sa 07:00-23:00				https://www.coop.no/butikker/extra/extra-moksheim-2493	+47 96 09 69 50
node	4232583446	63.6171906	9.6484542	Coop Marked Mølnbukt	Coop Marked		supermarket	"Mo-Fr 09:00-19:00, Sa 09:00-18:00"				https://www.coop.no/butikker/coop-marked-matkroken/coop-marked-molnbukt-1781	+47 97 99 48 25
node	4232583475	63.6152610	9.7123890	Joker Selva	Joker		supermarket	"Mo-Th 09:00-18:00, Fr 09:00-19:00, Sa 09:00-18:00"					+47 72491350
node	4233726879	70.5717170	27.0062470	Nærbutikken Lebesby	Nærbutikken		supermarket	"Mo-Fr 08:30-16:00, Sa 10:00-13:00"				https://narbutikken.no/Finn-butikk/Narbutikken-Lebesby	+47 78499109
node	4235820770	60.3488510	5.2905770	Meny Oasen Bergen	Meny		supermarket	"Mo-Fr 07:00-22:00, Sa 07:00-20:00"					+47 55173800
node	4235821489	60.3484579	5.2916071	Kinsarvik Naturkost Oasen	Kinsarvik Naturkost		convenience	Mo-Fr 10:00-21:00; Sa 10:00-18:00				https://www.kinsarvik.no/pages/kinsarvik-naturkost-oasen	+47 56 91 36 11
node	4238386891	66.0648419	12.9352134	Bunnpris Leirfjord	Bunnpris		supermarket	"Mo-Fr 08:00-21:00, Sa 09:00-20:00"					+47 75049552
node	4241784694	60.3623660	5.2339310	Joker Vestkanten	Joker		supermarket	"Mo-Fr 06:00-23:00, Sa-Su 09:00-23:00"				https://joker.no/finn-butikk/joker-vestkanten	+47 55267290
node	4241890148	60.1529580	11.1300620	Kiwi Gardermoveien	Kiwi		supermarket	Mo-Sa 07:00-23:00					+47 63972021
node	4246881452	58.2126830	7.5150110	Joker Marnardal	Joker		supermarket	"Mo-Fr 09:00-20:00, Sa 09:00-18:00"					+47 38288423
node	4247306290	66.3986510	13.1360570	Matkroken Aldersund	Matkroken		supermarket	24/7				https://www.coop.no/butikker/coop-marked-matkroken/matkroken-aldersund-4376	+47 90 23 68 16
node	4252860347	68.8796509	16.5691083	Nærbutikken Grytøy	Nærbutikken		supermarket	"Mo-Fr 10:00-18:00, Sa 10:00-15:00"					+47 77077600
node	4258415731	68.5311298	15.2287881	Snarkjøp Hennes	Snarkjøp	Møysalbua AS	convenience						
node	4261092099	61.9407500	5.4555320	Bunnpris Bryggja	Bunnpris		supermarket	"Mo-Sa 08:00-22:00, Su 10:00-21:00"					+47 57854999
node	4261141791	61.7687650	5.2904910	Coop Prix Svelgen	Coop Prix		supermarket	"Mo-Fr 08:00-22:00, Sa 08:00-21:00"				https://www.coop.no/butikker/coop-prix/coop-prix-svelgen-1384	+47 97 99 14 75
node	4262443947	68.6901530	15.4153940	Kiwi Lykkentreff	Kiwi		supermarket	Mo-Sa 07:00-23:00					+47 76121199
node	4273619538	60.3718268	5.1800824	Asiaten Mat			convenience					https://www.asiatenmat.no/	+47 55 93 21 00
node	4278784866	58.8725990	9.4152340	Spar Kirkebukta Kragerø	Spar		supermarket	"Mo-Fr 07:00-22:00, Sa 08:00-21:00, Su 09:00-21:00"					+47 35981530
node	4283457066	63.4341130	10.3949484	Chi Thanh			convenience						
node	4284825409	78.2215942	15.6429802	Longyearbyen Thai Shop			supermarket	Mo-Fr 11:00-17:00; Sa 12:00-16:00					
node	4284825410	78.2188263	15.6395911	SvalbardBua			convenience						
node	4285686489	63.4303100	10.4087820	Nærbutikken Møllenberg	Nærbutikken		supermarket	"Mo-Sa 09:00-22:00, Su 10:00-22:00"				https://joker.no/Finn-butikk/Joker-Mollenberg/	+47 73507001
node	4286269880	63.4543236	10.9213708	Duty Free			convenience						
node	4292822791	69.4674170	25.5081179	Knivsmed Strømeng			convenience						
node	4293132219	61.0721339	4.8408087	Spar Solund	Spar		supermarket	Mo-Su 07:00-23:00					+47 57787117
node	4293332918	61.0190020	4.7416060	Nærbutikken Nåra	Nærbutikken		supermarket	"Mo-Th 09:30-17:00, Fr 09:30-18:30, Sa 09:30-16:00"					+47 57786615
node	4294899648	60.3531030	10.5757380	Rema 1000 Gran	Rema 1000		supermarket	Mo-Sa 07:00-23:00					+47 61330012
node	4294899678	60.3536290	10.5731568	Coop Extra			supermarket						
node	4300676789	68.4416213	17.4365375	Extra Narvik Kongensgate	Extra		supermarket	"Mo-Fr 09:00-20:00, Sa 09:00-18:00"				https://www.coop.no/butikker/extra/extra-narvik-storsenter-4800	+47 76 96 03 66
node	4301064031	67.1110110	14.3048660	Coop Marked Nygårdsjøen	Coop Marked		supermarket	Mo-Sa 09:00-20:00				https://www.coop.no/butikker/coop-marked-matkroken/coop-marked-nygardsjoen-1862	+47 75 75 81 07
node	4304654314	59.5959520	10.0372520	Nærbutikken Eidsfoss	Nærbutikken		supermarket	"Mo-Sa 09:00-18:00, Su 10:00-18:00"					+47 33059222
node	4305220306	59.6201763	10.7410122	Holdbart.no			supermarket						
node	4306063737	58.7786370	5.8322340	Rema 1000 Opstadveien	Rema 1000		supermarket	Mo-Sa 07:00-23:00					+47 51610260
node	4310450979	60.3765569	5.3344081	Malina		Steven Khalil Ahmed	supermarket	Mo-Fr 09:00-21:00; Sa-Su 10:00-21:00					+47 485 05 855
node	4311615683	60.9696260	9.2909960	Kiwi Leira	Kiwi		supermarket	"Mo-Sa 07:00-23:00, Su 10:00-21:00"					+47 61366800
node	4311616178	61.0976380	7.4821870	Extra Lærdal	Extra		supermarket	Mo-Sa 07:00-23:00				https://www.coop.no/butikker/extra/extra-laerdal-1430	+47 57 66 62 30
node	4311625929	61.0875780	8.9812045	Coop Prix Vestre Slidre	Coop Prix		supermarket	"Mo-Fr 08:00-20:00, Sa 09:00-20:00"				https://www.coop.no/butikker/coop-prix/coop-prix-vestre-slidre-2816	+47 61 34 59 90
node	4314498927	58.9442063	8.5045471	Grillkroa og dagligvarer Haugsjåsund			convenience					http://www.haugsjasund.no	+4735045806
node	4315990590	59.9523004	10.7515199	Spar Tåsen	Spar		supermarket	"Mo-Fr 08:00-22:00, Sa 09:00-20:00"					+47 22230649
node	4317182380	58.9977687	9.8575579	Blokkebukta landhandleri & cafe			convenience						
node	4319138390	60.4084320	5.3229470	Joker Sandvikstorget	Joker		supermarket	"Mo-Fr 08:00-21:00, Sa-Su 09:00-20:00"					+47 47666111
node	4319413265	58.9844095	9.8453464	Omlidstranda Sommerhandel			convenience	May-Aug				https://omlidstranda.no/omlidstranda-sommerhandel	+4733188260
node	4319929614	59.5659201	9.2720687	Matkroken Peer Gynt	Matkroken		supermarket	"Mo-Sa 09:00-21:00, Su 09:00-22:00"				https://www.coop.no/butikker/coop-marked-matkroken/matkroken-peer-gynt-4453	+47 48 17 82 45
node	4321955230	58.8757638	9.3645678	Spar Sluppan	Spar		supermarket	"Mo-Fr 06:00-22:00, Sa 08:00-20:00"					+47 35980300
node	4325688543	59.4081620	5.2862350	Coop Prix Rogalandsgata	Coop Prix		supermarket	"Mo-Fr 07:00-22:00, Sa 08:00-21:00"				https://www.coop.no/butikker/coop-prix/coop-prix-rogalandsgate-1234	+47 46 95 12 45
node	4329273704	60.5695760	9.1038947	Kiwi Nesbyen	Kiwi		supermarket	"Mo-Sa 07:00-23:00, Su 09:00-21:00"					+47 32071100
node	4329960408	59.4192700	11.3459030	Rema 1000 Rakkestad	Rema 1000		supermarket	Mo-Sa 07:00-23:00					+47 69224610
node	4330773880	59.8813460	11.2204430	Joker Gan	Joker		supermarket	"Mo-Fr 07:00-21:00, Sa-Su 09:00-20:00"					+47 63883880
node	4331210191	60.3423480	6.3776038	Snarkjøp Herand	Snarkjøp	Herand Landhandleri AS	convenience	Mo-Su 07:00-23:00					
node	4331337030	60.1815310	5.4542750	Kiwi Moberg	Kiwi		supermarket	Mo-Sa 07:00-23:00					+47 56309635
node	4332140968	63.3915290	10.4301820	Extra Risvollan	Extra		supermarket	Mo-Sa 07:00-23:00				https://www.coop.no/butikker/extra/extra-risvollan-4200	+47 73 96 65 30
node	4333819816	68.0145448	15.3332422	Snarkjøp Skutvik	Snarkjøp	Dalshammeren AS	convenience	Mo-Fr 09:00-20:00; Sa 10:00-18:00					
node	4334961628	60.9516480	7.1046450	Nærbutikken Underdalsbui	Nærbutikken		supermarket	"Mo-Sa 09:00-18:00, Su 12:00-18:00"					+47 90537416
node	4335598608	66.3389600	14.1168670	Bunnpris Båsmoen	Bunnpris		supermarket	"Mo-Sa 08:00-23:00, Su 10:00-23:00"					+47 75150120
node	4335844496	58.0925197	7.5268571	Spar Holum	Spar		supermarket	"Mo-Fr 08:00-21:00, Sa 09:00-20:00"					+47 38267415
node	4337044429	64.9624940	12.1773230	Joker Foldereid	Joker		supermarket	"Mo-Fr 09:00-20:00, Sa 09:00-18:00"					+47 74396124
node	4338331824	58.2969460	6.6615930	Kiwi Flekkefjord	Kiwi		supermarket	Mo-Sa 08:00-23:00					+47 38322060
node	4338439628	59.4977920	5.9040810	Coop Prix Vikedal	Coop Prix		supermarket	"Mo-Fr 08:00-21:00, Sa 08:00-20:00"				https://www.coop.no/butikker/coop-prix/coop-prix-vikedal-1245	+47 90 66 72 55
node	4339432096	68.3157246	14.9899288	Snarkjøp Digermulen	Snarkjøp		convenience						
node	4341011043	59.7401430	10.2039620	Joker Drammen togstasjon	Joker		supermarket	"Mo-Fr 04:00-23:30, Sa 07:00-23:30, Su 09:00-23:30"					+47 46656565
node	4343043462	69.0202220	23.0467050	Extra Kautokeino	Extra		supermarket	Mo-Sa 07:00-23:00				https://www.coop.no/butikker/extra/extra-kautokeino-2569	+47 97 57 74 63
node	4343323742	58.8453027	5.7323152	Coop Mega Brueland	Coop Mega		supermarket	"Mo-Fr 08:00-22:00, Sa 08:00-20:00"				https://www.coop.no/butikker/coop-mega/coop-mega-brueland-1249	+47 48 18 05 00
node	4343697794	59.9451590	10.8092160	Rema 1000 Årvoll	Rema 1000		supermarket	Mo-Sa 07:00-23:00				https://www.rema.no/butikker/Oslo/rema-1000-arvoll/1963485	+47 22652777
node	4343892492	59.9164774	10.7540620	A Food Market			supermarket	Mo-Sa 10:00-19:00				https://www.asianfood.no/	
node	4346370384	60.3944950	5.3258840	7-Eleven Vågsalmenningen	7-Eleven		convenience	Mo-Th 07:00-01:00; Fr-Sa 07:00-04:00; Su 07:00-01:00					
node	4346612382	59.9133094	10.7497857	7-Eleven Storgaten Oslo	7-Eleven		convenience	Mo-Fr 06:00-24:00; Sa-Su 00:00-24:00					+47 22418284
node	4347753898	60.0071360	5.2049140	Spar Bekkjarvik	Spar		supermarket	"Mo-Fr 08:00-21:00, Sa 09:00-20:00, Su 12:00-16:00"					+47 56184570
node	4347753902	60.0073663	5.2050954	Mørenot Fishery			convenience						
node	4348282890	66.9810590	15.3147920	Coop Prix Røkland	Coop Prix		supermarket	"Mo-Fr 07:00-23:00, Sa 08:00-22:00"				https://www.coop.no/butikker/coop-prix/coop-prix-rokland-2421	+47 75 69 32 08
node	4348354147	59.7963530	10.8229131	Extra Sofiemyr	Extra		supermarket	"Mo-Sa 07:00-23:00, Su 09:00-22:00"				https://www.coop.no/butikker/extra/extra-sofiemyr-2705	+47 66 82 10 00
node	4348945904	59.8017150	10.8180840	Rema 1000 Sofiemyr	Rema 1000		supermarket	Mo-Sa 07:00-23:00					+47 66800228
node	4350955338	58.6321060	6.0785560	Extra Vikeså	Extra		supermarket	"Mo-Fr 07:00-23:00, Sa 08:00-21:00"				https://www.coop.no/butikker/extra/extra-vikesa-1289	+47 51 45 40 20
node	4350997706	58.3832810	7.7413390	Spar Hægeland	Spar		supermarket	"Mo-Fr 08:00-20:00, Sa 09:00-19:00"					+47 38153375
node	4351098035	58.1774112	8.1299824	Spar Sørlandsparken	Spar		supermarket	"Mo-Fr 06:30-22:00, Sa 08:00-20:00"					+47 90975735
node	4352437600	61.0822483	7.8543685	Nærbutikken Borgund	Nærbutikken		supermarket	Mo-Sa 06:00-22:00					+47 57668105
node	4352721133	61.5272198	9.4122047	Coop Marked Skåbu	Coop Marked		supermarket	"Mo-Th 09:00-18:00, Fr 09:00-20:00, Sa 09:00-18:00, Su 12:00-16:00"					
node	4355073089	59.4816590	8.6285560	Meny Seljord	Meny		supermarket	"Mo-Fr 08:00-21:00, Sa 08:00-20:00"					+47 35050950
node	4355073789	59.4804710	8.6319456	Rema 1000 Seljord	Rema 1000		supermarket	Mo-Sa 07:00-23:00					+47 35050450
node	4359079727	59.9234894	10.7594313	7-Eleven Olaf Ryes plass	7-Eleven		convenience	24/7					+47 22715741
node	4361180289	58.9717910	5.7374930	Kiwi Magasin Blå	Kiwi		supermarket	"Mo-Fr 07:00-22:00, Sa 09:00-22:00"				https://kiwi.no/Finn-butikk/	+47 51892890
node	4369509623	59.8339660	10.8439060	Joker Klemetsrud	Joker		supermarket	"Mo-Fr 07:00-23:00, Sa-Su 09:00-23:00"					+47 40432364
node	4377990827	59.8770880	10.5008840	Rema 1000 Billingstadsletta	Rema 1000		supermarket	Mo-Sa 07:00-23:00					+47 66850618
node	4378813201	58.3302530	8.2327610	Extra Birkeland	Extra		supermarket	Mo-Sa 07:00-23:00				https://www.coop.no/butikker/extra/extra-birkeland-1356	+47 90 28 51 73
node	4380207654	63.4318426	10.3910988	NM Market			convenience	Mo-Fr 10:00-19:00; Sa 10:00-19:00; Su 12:00-18:00					
node	4380207756	63.4321118	10.3929811	Middelhavets Marked			supermarket	Mo-Sa 10:00-20:00; Su 12:00-19:00					
node	4382082716	61.5733650	6.4820082	Coop Prix Skei	Coop Prix		supermarket	24/7				https://www.coop.no/butikker/coop-prix/coop-prix-skei-2812	+47 57 72 83 77
node	4392633229	59.7934820	5.1719170	Rema 1000 Bremnes	Rema 1000		supermarket	Mo-Sa 07:00-23:00					+47 53420588
node	4395249116	59.3048380	10.1780700	Kiwi Andebu	Kiwi		supermarket	Mo-Sa 07:00-23:00					+47 33441305
node	4400729316	69.1915067	17.0408183	Snarkjøp Idar Olsen landhandel	Snarkjøp	Idar Olsen Landhandel	convenience	Mo-Sa 11:00-16:30					+47 97 50 28 38
node	4407450692	58.5194260	5.8060590	Joker Ogna	Joker		supermarket	"Mo-Fr 06:00-22:00, Sa 07:00-22:00, Su 08:00-22:00"					+47 51438132
node	4418592511	63.4300590	10.3731600	Joker Ilevollen	Joker		supermarket	"Mo-Fr 07:00-23:00, Sa 08:00-23:00, Su 09:00-23:00"					+47 73533353
node	4419370011	58.8382060	5.7220230	Rema 1000 Sandved	Rema 1000		supermarket	Mo-Sa 07:00-23:00					+47 51660040
node	4422327801	69.6423669	18.9776890	Extra Tromsdalen	Extra		supermarket	Mo-Sa 07:00-23:00				https://www.coop.no/butikker/extra/extra-tromsdalen-1948	+47 95 28 07 87
node	4427469298	60.7134495	10.8553471	Kiwi Kapp	Kiwi		supermarket	Mo-Sa 07:00-23:00					+47 61169180
node	4430946693	59.9197039	10.8167120	Matkroken Ulven	Matkroken		supermarket	"Mo-Fr 08:00-21:00, Sa 09:00-20:00, Su 10:00-20:00"				https://www.coop.no/butikker/coop-marked-matkroken/matkroken-ulven-4245	+47 22 64 74 24
node	4437439600	60.0711798	11.0342301	Rema 1000 Ask	Rema 1000		supermarket	"Mo-Fr 06:00-23:00, Sa 07:00-23:00"					+47 63939100
node	4437492120	58.7204860	9.2349440	Coop Prix Risør	Coop Prix		supermarket	Mo-Sa 00:00-24:00				https://www.coop.no/butikker/coop-prix/coop-prix-risor-4512	+47 37 15 19 11
node	4439754703	59.2625430	10.4224580	Spar	Spar		supermarket	7-22(8-20)					
node	4443404322	70.0521470	24.9658680	Extra Lakselv	Extra		supermarket	Mo-Sa 07:00-23:00				https://www.coop.no/butikker/extra/extra-lakselv-2547	+47 97 65 87 42
node	4455507690	69.6533000	18.9293000	Extra Elverhøy	Extra		supermarket	Mo-Sa 07:00-23:00				https://www.coop.no/butikker/extra/extra-elverhoy-1953	+47 46 90 24 77
node	4471099699	59.9461998	10.6451721	Kiwi Røa	Kiwi		supermarket	Mo-Sa 07:00-23:00					+47 22508900
node	4485247773	62.5756845	11.3815449	Coop Mega Røros	Coop Mega		supermarket	Mo-Sa 08:00-20:00				https://www.coop.no/butikker/coop-mega/coop-mega-roros-1659	+47 94 87 38 91
node	4486137261	59.9132570	10.7724720	Joker Jens Bjelkes gate	Joker		supermarket	"Mo-Th 07:00-24:00, Fr-Sa 00:00-24:00, Su 07:00-24:00"					+47 45978510
node	4501159954	69.4942380	20.8311450	Joker Birtavarre	Joker		supermarket	"Mo-Sa 08:00-22:00, Su 12:00-22:00"				https://joker.no/finn-butikk/joker-birtavarre	+47 94808409
node	4501435792	59.6949782	10.2461810	Kiwi Kobbervikdalen	Kiwi		supermarket	Mo-Sa 07:00-23:00				https://kiwi.no/finn-butikk/kiwi-577-kobbervikdalen	+47 32880300
node	4504539590	61.0520622	7.5800381	Joker Ljøsne	Joker		supermarket	"Mo-Fr 08:00-20:00, Sa 10:00-18:00"					+47 57669105
node	4505472729	70.0719750	19.9975000	Joker Vannvåg	Joker		supermarket	"Mo-Fr 08:00-19:00, Sa 09:00-17:00"				https://joker.no/finn-butikk/joker-vannvag	+47 77749200
node	4505785555	59.9616442	10.9249976	Meny Stovner	Meny		supermarket	"Mo-Fr 08:00-21:00, Sa 08:00-19:00"					+47 22790660
node	4506880165	70.4867000	22.1614000	Coop Prix Hasvik	Coop Prix		supermarket	Mo-Sa 09:00-22:00				https://www.coop.no/butikker/coop-prix/coop-prix-hasvik-1921	+47 97 72 42 18
node	4507057144	59.9610970	10.9249210	Extra Stovner	Extra		supermarket	"Mo-Fr 08:00-21:00, Sa 08:00-19:00"				https://www.coop.no/butikker/extra/extra-stovner-4283	+47 22 21 52 80
node	4509268343	60.1522480	11.1857170	Joker Jessheim	Joker		supermarket	"Mo-Fr 06:00-23:00, Sa-Su 08:00-22:00"					+47 47451012
node	4510620677	63.4339610	10.4137340	Extra Rosenborg	Extra		supermarket	Mo-Sa 07:00-23:00				https://www.coop.no/butikker/extra/extra-rosenborg-2578	+47 40 00 15 28
node	4518820346	63.4169634	10.3540589	Meny Sverresborg	Meny		supermarket	"Mo-Fr 08:00-22:00, Sa 08:00-20:00"					+47 73805400
node	4537497391	59.4850970	10.0131220	Kiwi Hvittingfoss	Kiwi		supermarket	Mo-Sa 07:00-23:00				https://kiwi.no/Finn-butikk/Kiwi-Hvittingfoss	+47 32723300
node	4544996987	60.3126230	5.3555870	Deli de Luca			convenience	24/7					+47 55 11 22 00
node	4551013938	69.6468890	18.8983590	Kiwi Fagereng	Kiwi		supermarket	"Mo-Sa 07:00-23:00, Su 09:00-23:00"				https://kiwi.no/Finn-butikk/Kiwi-Fagereng	+47 77699500
node	4564629378	62.3071480	6.9453310	Kiwi Stranda	Kiwi		supermarket	Mo-Sa 07:00-23:00					+47 70263685
node	4568879211	59.2782290	5.3119900	Kiwi Stangeland	Kiwi		supermarket	Mo-Sa 07:00-23:00					+47 52850179
node	4572246545	63.4305990	10.3875300	Bunnpris Leüthen	Bunnpris		supermarket	"Mo-Fr 07:30-00:00, Sa-Su 09:00-00:00"				https://www.bunnpris.no/butikker/bunnpris-leuthen	+47 73521520
node	4572286867	63.4330148	10.3941595	Kiwi Munkegata	Kiwi		supermarket	Mo-Sa 07:00-23:00				https://kiwi.no/Finn-butikk/Kiwi-Munkegata/	+47 73515171
node	4575509692	60.2701890	5.0702550	Rema 1000 Skogsvåg	Rema 1000		supermarket	"Mo-Fr 06:00-23:00, Sa 07:00-23:00"					+47 56317775
node	4579673492	59.4902820	10.8487570	Joker Folkestad	Joker		supermarket	"Mo-Fr 07:00-20:00, Sa 09:00-20:00"					+47 45976101
node	4585921215	62.7813380	6.4698330	Coop Prix Harøy	Coop Prix		supermarket	"Mo-Fr 08:00-21:00, Sa 09:00-20:00"				https://www.coop.no/butikker/coop-prix/coop-prix-haroy-1482	+47 97 99 49 45
node	4585940683	61.0248516	5.0495884	Dinge Landhandel			convenience						
node	4609304057	59.7335200	9.8683390	Extra Vestfossen	Extra		supermarket	"Mo-Fr 07:00-23:00, Sa 08:00-21:00"				https://www.coop.no/butikker/extra/extra-vestfossen-2748	+47 32 75 52 50
node	4609304058	59.7341354	9.8689344	Kiwi Vestfossen	Kiwi		supermarket	"Mo-Fr 07:00-23:00, Sa 08:00-21:00"				https://kiwi.no/Finn-butikk/kiwi-433-vestfossen/	+47 32757030
node	4610692506	59.4895600	10.2950800	Meny Holmestrand	Meny		supermarket	"Mo-Fr 07:00-22:00, Sa 07:00-20:00"				https://meny.no/Finn-butikk/MENY-Holmestrand	+47 33099600
node	4614985253	60.3783940	5.3283830	Rema 1000 Viken	Rema 1000		supermarket	"Mo-Fr 06:30-23:00, Sa 07:00-23:00"					+47 55382000
node	4623901187	59.9267810	10.7220100	Rema 1000 Industrigata	Rema 1000		supermarket	Mo-Sa 07:00-23:00					+47 22608072
node	4625750481	60.3033930	10.5845220	Kiwi Lunner	Kiwi		supermarket	"Mo-Fr 07:00-23:00, Sa 07:00-21:00"					+47 61322703
node	4630212292	63.4363950	10.4225990	Buran Asia Mat			convenience	Mo-Sa 11:00-23:00; Su 12:00-23:00					
node	4630571197	63.4090790	10.3614045	Rema 1000 Havstein	Rema 1000		supermarket	Mo-Sa 07:00-23:00					+47 72570080
node	4630582339	63.4137890	10.3515780	Bunnpris & Gourmet Nyborg	Bunnpris		supermarket	"Mo-Fr 08:00-22:00, Sa 09:00-21:00"					+47 72558200
node	4685028077	61.1071670	11.9817500	Matkroken Søre Osen	Matkroken		supermarket	"Mo-Th 09:00-18:00, Fr 09:00-19:00, Sa 09:00-16:00"				https://www.coop.no/butikker/coop-marked-matkroken/matkroken-sore-osen-4290	+47 62 45 40 35
node	4687694592	60.8297920	11.0666920	Obs Olrud	Obs		supermarket	"Mo-Fr 07:00-22:00, Sa 07:00-20:00"				https://www.coop.no/butikker/obs/obs-olrud-2486	+47 47 65 05 55
node	4697327340	63.4433404	10.4463110	Life			convenience	Mo-Fr 09:00-21:00; Sa 09:00-20:00					
node	4708573491	59.9043050	10.5050960	Extra Dønski	Extra		supermarket	Mo-Sa 07:00-23:00				https://www.coop.no/butikker/extra/extra-donski-1140	+47 67 54 17 00
node	4714738995	59.9093660	10.5622590	Coop Prix Løkeberg	Coop Prix		supermarket	"Mo-Fr 08:00-22:00, Sa 08:00-21:00, Su 09:00-21:00"				https://www.coop.no/butikker/coop-prix/coop-prix-lokeberg-1133	+47 67 53 66 28
node	4727690209	59.2397953	10.9696708	Holdbart.no			supermarket						
node	4729080193	60.3924403	5.3303386	Tamiya			convenience	Mo-Sa 10:00-21:00; Su 11:00-21:00					
node	4729826117	59.0022300	9.7439280	Extra Langesund	Extra		supermarket	"Mo-Sa 07:00-23:00, Su 10:00-20:00"				https://www.coop.no/butikker/extra/extra-langesund-1187	+47 35 96 87 80
node	4730995492	59.9127241	10.7096244	Joker Skillebekk	Joker		supermarket	"Mo-Sa 09:00-21:00, Su 10:00-20:00"				https://joker.no/finn-butikk/joker-skillebekk	+47 46892432
node	4734989604	59.8609930	10.8021350	Meny Nordstrand	Meny		supermarket	"Mo-Fr 08:00-22:00, Sa 08:00-20:00"					+47 23287300
node	4737139862	61.5946080	9.7259220	Extra Vinstra	Extra		supermarket	Mo-Sa 07:00-23:00				https://www.coop.no/butikker/extra/extra-vinstra-2587	+47 48 06 04 44
node	4737139872	61.5900324	9.7639714	Extra Sødorptunet	Extra		supermarket	"Mo-Fr 08:00-21:00, Sa 08:00-20:00"				https://www.coop.no/butikker/extra/extra-sodorptunet-2112	+47 61 29 22 77
node	4739354642	59.9167690	10.7530725	7-Eleven Osterhaus gate	7-Eleven		convenience	24/7					+47 22207120
node	4740033457	61.4543450	5.8490990	Extra Førdegården	Extra		supermarket	Mo-Sa 07:00-23:00				https://www.coop.no/butikker/extra/extra-fordegarden-4600	+47 57 72 00 20
node	4744779358	59.7174828	10.1504826	Meny Konnerud	Meny		supermarket	"Mo-Fr 08:00-22:00, Sa 08:00-20:00"				https://meny.no/	+47 32888660
node	4756016652	61.4373900	5.8975270	Bunnpris Bruland	Bunnpris		supermarket	"Mo-Sa 08:00-23:00, Su 10:00-22:00"					+47 57822220
node	4762362686	67.7317060	14.7724780	Coop Marked Leines	Coop Marked		supermarket	"Mo-Fr 09:00-20:00, Sa 10:00-18:00"					
node	4779567232	58.4811450	8.7563050	Rema 1000 Torsbudalen	Rema 1000		supermarket	Mo-Sa 07:00-23:00					+47 37036300
node	4809443448	60.3943960	5.3274780	Rema 1000 Korskirkekvartalet	Rema 1000		supermarket	Mo-Sa 07:00-23:00					+47 55900033
node	4809566921	59.9317188	10.7787012	Kiwi Rosenhoff	Kiwi		supermarket	Mo-Sa 07:00-23:00					+47 22220467
node	4811437777	61.9741080	5.2260460	Joker Flatraket	Joker		supermarket	"Mo-Th 09:00-18:00, Fr 09:00-20:00, Sa 09:00-18:00"					+47 57858191
node	4815300417	60.3914220	5.3224440	Bunnpris Torggaten	Bunnpris		supermarket	Mo-Su 00:00-23:59					
node	4824788522	67.8898820	13.0215640	Matkroken Sørvågen	Matkroken		supermarket	"Mo-Fr 09:00-22:00, Sa 10:00-20:00, Su 17:00-20:00"				https://www.coop.no/butikker/coop-marked-matkroken/matkroken-sorvagen-4485	+47 76 09 12 15
node	4832456421	69.6496033	18.9572714	Kiwi Fredrik Langes gate	Kiwi		supermarket	Mo-Sa 07:00-23:00					+47 77612100
node	4836710457	60.3988780	5.3098010	Rema 1000 Tollboden	Rema 1000		supermarket	Mo-Sa 07:00-23:00					+47 90882774
node	4839796744	60.6322300	11.3021800	Coop Prix Innlandsporten	Coop Prix		supermarket	"Mo-Sa 07:00-22:00, Su 10:00-20:00"				https://www.coop.no/butikker/coop-prix/coop-prix-innlandsporten-2577	+47 48 21 98 35
node	4844721023	63.4164580	10.8100640	REMA 1000 Hommelvik	Rema 1000		supermarket						
node	4858400137	59.9318930	9.9687970				convenience						
node	4868104221	59.5522900	11.3249180	Bunnpris Mysen	Bunnpris		supermarket	"Mo-Fr 08:00-22:00, Sa 09:00-20:00, Su 10:00-20:00"					+47 69892260
node	4868562384	59.9681029	9.9979838	Spar Vikersund	Spar		supermarket	"Mo-Fr 07:00-21:00, Sa 08:00-20:00"					+47 32781780
node	4868562386	59.9672160	9.9943600	Eurospar			supermarket						
node	4881545418	59.7559420	10.0289179	Kiwi Nybruveien	Kiwi		supermarket	"Mo-Sa 07:00-23:00, Su 10:00-21:00"				https://kiwi.no/finn-butikk/kiwi-576-nybruveien	+47 32230103
node	4893836113	62.2534510	5.4845590	Coop Marked Sandsøy	Coop Marked		supermarket	Mo-Sa 06:00-24:00				https://www.coop.no/butikker/coop-marked-matkroken/coop-marked-sandsoy-1545	+47 97 99 14 49
node	4914982822	61.3259700	5.7964690	Spar Sande i Sunnfjord	Spar		supermarket	"Mo-Fr 08:00-22:00, Sa 09:00-21:00"					+47 57716141
node	4920034348	58.7156060	9.2218510	Extra Randvik	Extra		supermarket	"Mo-Sa 07:00-22:00, Su 14:00-20:00"				https://www.coop.no/butikker/extra/extra-randvik-4763	+47 37 15 01 22
node	4922450923	60.3577350	5.3586630	Bunnpris Sletten	Bunnpris		supermarket	"Mo-Fr 08:00-00:00, Sa 09:00-00:00"					+47 55279909
node	4929453400	63.7766190	11.7299590	Coop Prix Vuku	Coop Prix		supermarket	"Mo-Fr 08:00-21:00, Sa 08:00-20:00"				https://www.coop.no/butikker/coop-prix/coop-prix-vuku-1741	+47 90 80 33 60
node	4934331923	60.6128310	12.0099270	Extra Flisa	Extra		supermarket	Mo-Sa 07:00-23:00				https://www.coop.no/butikker/extra/extra-flisa-2022	+47 62 95 18 44
node	4942770052	58.8538160	5.7623330	Extra Hana Skut	Extra		supermarket	Mo-Sa 07:00-23:00				https://www.coop.no/butikker/extra/extra-hana-skut-2852	+47 90 88 14 00
node	4948749673	62.6722990	8.5679430	Rema 1000 Sunndalsøra	Rema 1000		supermarket	Mo-Sa 07:00-23:00				https://amfi.no/kjopesentre/amfi-sunndal/butikker-og-andre-virksomheter/rema-1000/	+47 71692888
node	4949050416	59.9116809	10.7587118	Mix Oslo Bussterminal	Mix		convenience	Mo-Fr 06:00-21:00; Sa 07:00-20:00; Su 07:00-21:00					
node	4950617347	62.6736192	8.5636442	Kiwi Sunndalsøra	Kiwi		supermarket	Mo-Sa 07:00-23:00					+47 71690831
node	4951143066	63.4258240	10.4173380	Joker Festningen	Joker		supermarket	"Mo-Fr 07:00-23:00, Sa-Su 09:00-22:00"					+47 45835251
node	4967031821	59.9209969	10.7575864	Innom Markveien	Innom		supermarket	"Mo-Fr 07:00-23:00, Sa 08:00-23:00"					+47 47631076
node	4982863857	59.0816820	10.4513460	Joker Hvasser	Joker		supermarket	Mo-Su 09:00-21:00					+47 33393020
node	4988974029	61.0338810	9.0545620	Kiwi Røn	Kiwi		supermarket	Mo-Sa 07:00-23:00					+47 61344430
node	4991279845	58.3224900	8.5697240	Joker Holvika	Joker		supermarket	Mo-Sa 07:30-22:00					+47 37041675
node	4991279849	58.3419020	8.5695930	Extra Øygårdsdalen	Extra		supermarket	"Mo-Sa 07:00-23:00, Su 10:00-22:00"				https://www.coop.no/butikker/extra/extra-oygardsdalen-4269	+47 37 04 42 66
node	4991279850	58.3429984	8.5550398	Kiwi Bergemoen	Kiwi		supermarket	Mo-Sa 07:00-23:00					+47 37041601
node	4991279866	58.3812470	8.6757080	Extra Fevik	Extra		supermarket	Mo-Sa 07:00-23:00				https://www.coop.no/butikker/extra/extra-fevik-4204	+47 37 04 52 82
node	4991279867	58.3459760	8.5809500	Bunnpris Grimstad	Bunnpris		supermarket	"Mo-Fr 07:00-22:00, Sa 08:00-22:00, Su 10:00-22:00"					+47 37259030
node	4992049199	59.9467120	10.6546950	Extra Huseby	Extra		supermarket	Mo-Sa 07:00-23:00				https://www.coop.no/butikker/extra/extra-huseby-4369	+47 22 13 93 20
node	4992437709	61.4033119	7.2954875	Spar Gaupne	Spar		supermarket	"Mo-Fr 08:00-21:00, Sa 08:00-20:00"					+47 57681411
node	4995908422	58.2953430	7.8399870	Spar Øvrebø	Spar		supermarket	"Mo-Fr 08:00-21:00, Sa 09:00-20:00"					+47 38139735
node	5003696157	59.4177600	9.3216840	Joker Nordagutu	Joker		supermarket	24/7					+47 35959720
node	5005217903	60.9334710	9.6332580	Joker Etnedal	Joker		supermarket	"Mo-Th 09:00-19:00, Fr 09:00-20:00, Sa 09:00-18:00"				https://joker.no/finn-butikk/joker-etnedal	+47 61120124
node	5007550615	67.9388060	13.0840470	Coop Prix Reine	Coop Prix		supermarket	"Mo-Fr 08:00-21:00, Sa 09:00-20:00, Su 10:00-20:00"				https://www.coop.no/butikker/coop-prix/coop-prix-reine-1891	+47 48 26 39 06
node	5009498318	58.4679227	8.7208024	Kiwi Stoa øst	Kiwi		supermarket	Mo-Sa 07:00-23:00					+47 37025233
node	5009498836	58.4669936	8.7205114	Meny Stoa	Meny		supermarket	"Mo-Fr 07:00-22:00, Sa 08:00-20:00"					+47 37000500
node	5009498839	58.4653300	8.7132753	Rema 1000 Stoa	Rema 1000		supermarket	Mo-Sa 07:00-23:00					+47 37098206
node	5011594721	70.6762164	23.6695337	Asiabutikken			convenience						
node	5012833781	64.0139610	11.4960620	Grønn bølge			convenience	"Mo-We, Fr 10:00-16:30; Th 10:00-18:00; Sa 10:00-14:00"				https://gronnbolge.no/	
node	5015756521	59.9036710	10.5651380	Kiwi Dragveien	Kiwi		supermarket	"Mo-Fr 08:00-22:00, Sa 09:00-21:00"				https://kiwi.no/	+47 67121720
node	5016310446	63.4322700	10.3920570	Helios			convenience	Mo-Sa 12:00-17:00				https://www.facebook.com/Helios-Trondheim-1788315528085257/	
node	5026137372	63.2993140	10.4826770	Extra Klæbu	Extra		supermarket	Mo-Sa 07:00-23:00				https://www.coop.no/butikker/extra/extra-klaebu-2559	+47 40 00 12 36
node	5030638034	59.2783749	10.4017402	Extra Tønsberg	Extra		supermarket	"Mo-Sa 07:00-23:00, Su 10:00-22:00"				https://www.coop.no/butikker/extra/extra-tonsberg-2489	+47 90 40 91 72
node	5033153112	60.3957010	5.3171820	Strandgaten dagligvarer			convenience	Mo-Fr 10:00-21:00; Sa 11:00-20:00					+47 45 15 66 58
node	5034740293	67.2703653	15.3956326	Rema 1000 Krokdalsmyra	Rema 1000		supermarket	Mo-Sa 07:00-23:00					+47 75644440
node	5039385767	59.9116503	10.7540593	Coop Prix Postgirobygget	Coop Prix		supermarket	"Mo-Fr 05:00-01:00, Sa 07:00-24:00"					
node	5039385768	59.9110700	10.7525050	7-Eleven Jernbanehallen	7-Eleven		convenience	Mo-Su 05:30-01:00					+47 22059092
node	5045448411	68.0847210	15.6114310	Spar Hamarøy	Spar		supermarket	"Mo-Fr 09:00-22:00, Sa 10:00-20:00"				https://spar.no/finn-butikk/spar-hamaroy	+47 75770103
node	5055451223	68.7908360	16.5429930	Obs Harstad	Obs		supermarket	Mo-Sa 08:00-22:00				https://www.coop.no/butikker/obs/obs-harstad-2375	+47 47 66 05 55
node	5055487622	70.9763770	25.9834050	Joker Honningsvåg	Joker		supermarket	"Mo-Fr 10:00-20:00, Sa 10:00-16:00"					+47 78472749
node	5058120935	59.9950470	8.8268570	Kiwi Austbygd	Kiwi		supermarket	"Mo-Fr 07:00-21:00, Sa 08:00-20:00, Su 10:00-18:00"					+47 35092376
node	5075431282	59.9176560	10.8509575	Kiwi Hellerudveien	Kiwi		supermarket	Mo-Sa 07:00-23:00					+47 22279000
node	5075906831	59.3763290	8.0380110	Nærbutikken Åmdals-verk	Nærbutikken		supermarket	24/7					+47 35077719
node	5078563602	61.5590886	10.2672746	Nærbutikken Måsåplassen			convenience						
node	5094514916	59.9183153	10.7613207	Extra Trondheimsveien	Extra		supermarket	"Mo-Sa 07:00-23:00, Su 09:00-21:00"					
node	5094785556	59.9138194	10.7554999	7-Eleven	7-Eleven		convenience	"Mo-Fr 07:00-02:00, Sa-Su 07:00-04:00"					+47 22170584
node	5109346391	64.2475890	10.3195590	Matkroken Bessaker	Matkroken		supermarket	"Mo-Th 09:00-18:00, Fr 09:00-19:00, Sa 10:00-16:00, Su 14:00-18:00"				https://www.coop.no/butikker/coop-marked-matkroken/matkroken-bessaker-4384	+47 72 53 63 47
node	5111075641	59.9327400	10.8814930	Kiwi Lindeberg	Kiwi		supermarket	Mo-Sa 07:00-23:00					+47 22304677
node	5119347449	63.3977115	10.3435796	Kiwi Dalgård	Kiwi		supermarket	Mo-Sa 07:00-23:00					+47 72553400
node	5119977343	59.9552450	10.9011970	Obs Haugenstua	Obs		supermarket	"Mo-Fr 07:00-23:00, Sa 08:00-21:00"				https://www.coop.no/butikker/obs/obs-haugenstua-2582	+47 22 90 10 70
node	5127503374	61.1060980	10.4439310	Kiwi Vingnes	Kiwi		supermarket	Mo-Sa 07:00-23:00					+47 61250200
node	5137372091	60.3932182	5.3250718	Food Basics	Food Basics		supermarket	Mo-Fr 09:00-21:00; Sa 09:00-18:00					
node	5139408367	59.2754085	11.0868582	Kiwi Borg	Kiwi		supermarket	Mo-Sa 07:00-23:00				https://kiwi.no/Finn-butikk/kiwi-284-borg	+47 69101253
node	5140316312	61.4972980	5.1273540	Nærbutikken Svanøy handel	Nærbutikken		supermarket	24/7					+47 46829215
node	5150883153	60.7401415	11.3657284	Nærbutikken Åsbygda			convenience					https://narbutikken.no/Finn-butikk/Narbutikken-Asbygda	
node	5159248736	59.9212810	10.7289060	Rema 1000 Parkveien	Rema 1000		supermarket	Mo-Sa 07:00-23:00					+47 22606022
node	5196496223	60.3948470	5.3269720	Handala			convenience	Mo-Fr 13:00-18:00; Sa 11:00-16:00				https://www.handala.no/	+47924 27 272
node	5200396122	59.9865115	11.2470292	Kiwi Sørumsand	Kiwi		supermarket	Mo-Sa 07:00-23:00					+47 63821800
node	5200396123	59.9870887	11.2421899	Bunnpris Sørumsand	Bunnpris		supermarket	"Mo-Fr 09:00-20:00, Sa 10:00-18:00, Su 09:00-20:00"					+47 48091061
node	5200396124	59.9873120	11.2441070	Extra Sørumsand	Extra		supermarket	"Mo-Fr 07:00-23:00, Sa 08:00-21:00"				https://www.coop.no/butikker/extra/extra-sorumsand-4371	+47 90 20 05 57
node	5211891062	59.1146643	10.3887534	Tjøme Kolonial			convenience						
node	5227007008	58.4667500	8.7173030	Extra Stoa	Extra		supermarket	Mo-Sa 07:00-23:00				https://www.coop.no/butikker/extra/extra-stoa-2609	+47 95 14 32 00
node	5235692621	59.6682870	10.6479260	Rema 1000 Drøbak	Rema 1000		supermarket	Mo-Sa 07:00-23:00					+47 64931057
node	5235692721	59.6677421	10.6470204	Kiwi Ullerudsletta	Kiwi		supermarket	Mo-Sa 07:00-23:00					+47 64932115
node	5238589323	59.6639410	10.6290200	Matkroken Drøbak	Matkroken		supermarket	"Mo-Sa 08:00-20:00, Su 12:00-18:00"				https://www.coop.no/butikker/coop-marked-matkroken/matkroken-drobak-4236	+47 64 93 15 14
node	5253046972	58.1376980	7.0706449				convenience						
node	5258644275	58.0977770	7.8108640	Rema 1000 Søgne	Rema 1000		supermarket	Mo-Sa 07:00-23:00					+47 38051980
node	5271178628	60.5900370	5.8205000	Spar Dale	Spar		supermarket	"Mo-Fr 08:00-21:00, Sa 08:00-19:00"					+47 56596223
node	5273825791	59.9496261	10.6536314	Rema 1000 Hovseter	Rema 1000		supermarket	Mo-Sa 07:00-23:00					+47 22145000
node	5298164411	59.9173608	10.7500963	Joker Møllergata	Joker		supermarket	"Mo-Th 07:00-24:00, Fr 07:00-04:00, Sa 09:00-04:00, Su 09:00-24:00"					+47 92458430
node	5303136423	59.6087580	10.7431410	Kiwi Vestby	Kiwi		supermarket	Mo-Sa 07:00-23:00					+47 64950601
node	5309124354	61.2407584	10.4381511	Spar Øyer	Spar		supermarket	"Mo-Fr 07:00-22:00, Sa 08:00-21:00, Su 09:00-21:00"					+47 61278000
node	5315431223	59.6733268	10.6581493	Meny Drøbak City	Meny		supermarket	"Mo-Fr 07:00-21:00, Sa 09:00-20:00"					+47 64907270
node	5318783336	60.3870540	5.3315110	Rema 1000 Lars Hilles gate	Rema 1000		supermarket	Mo-Sa 07:00-23:00				https://www.rema.no/butikker/Bergen/rema-1000-lars-hilles-gate/2075014	+47 55322221
node	5336414521	59.9609384	10.9263121	Scanasia			supermarket						
node	5355181099	60.3908750	5.3222980	7-Eleven BT-hjørnet	7-Eleven		convenience	24/7				http://www.7-eleven.no	+47 46882443
node	5373703156	59.2923739	10.4197758	Meny Eiktoppen	Meny		supermarket	"Mo-Fr 07:00-22:00, Sa 08:00-21:00"					+47 33301200
node	5377602270	69.3931510	18.6059500	Matkroken Sand	Matkroken		supermarket	"Mo-Th 08:30-18:00, Fr 08:30-20:00, Sa 09:00-18:00"				https://www.coop.no/butikker/coop-marked-matkroken/matkroken-sand-4968	+47 77 72 72 88
node	5384565909	67.2789929	14.3693561	Coop Prix Moloveien	Coop Prix		supermarket	"Mo-Fr 07:00-23:00, Sa 08:00-22:00"				https://www.coop.no/butikker/coop-prix/coop-prix-moloveien-2517	+47 99 46 10 01
node	5391130158	63.1083930	7.7288070	Rema 1000 Langveien	Rema 1000		supermarket	Mo-Sa 07:00-23:00					+47 71676737
node	5399627745	60.3925948	5.3156018	V-Mart Bergen			convenience					https://www.v-mart.no/	
node	5402232925	61.1140620	10.4672859	Mix Hjørnekiosken	Mix		convenience	Mo 10:00-21:00; Tu 09:00-21:00; We-Su 10:00-21:00					
node	5402232926	61.1153348	10.4668495	Jordnært			supermarket						
node	5405044600	61.1142701	10.4509445	CC Mat Lillehammer	CC Mat		supermarket	"Mo-Fr 09:00-21:00, Sa 09:00-19:00"					+47 61248880
node	5414174395	61.1133796	10.4674808	Global mat			convenience	Mo-Fr 09:00-20:00; Sa 09:00-19:00; Su 12:00-18:00					
node	5425246144	59.4335600	10.4519780	Extra Bekkajordet	Extra		supermarket	Mo-Sa 07:00-23:00				https://www.coop.no/butikker/extra/extra-bekkajordet-4698	+47 33 07 09 94
node	5439882350	59.4286810	10.4527170	Meny Dampejordet	Meny		supermarket	"Mo-Fr 08:00-21:00, Sa 08:00-20:00"					+47 33020480
node	5439882351	59.4111470	10.4651600	Extra Holtandalen	Extra		supermarket	Mo-Sa 07:00-23:00				https://www.coop.no/butikker/extra/extra-holtandalen-1186	+47 33 08 38 50
node	5439882352	59.4111410	10.4673000	Rema 1000 Holtandalen	Rema 1000		supermarket	Mo-Sa 07:00-23:00					+47 33043700
node	5439882353	59.4106930	10.4727420	Kiwi Grønligata	Kiwi		supermarket	Mo-Sa 07:00-23:00					+47 33070616
node	5439882354	59.4156628	10.4861153	Spar Vektergården	Spar		supermarket	"Mo-Fr 07:00-21:00, Sa 09:00-19:00"					+47 33072280
node	5439882358	59.4164300	10.4917780	Rema 1000 Lystlunden	Rema 1000		supermarket	Mo-Sa 06:00-24:00					+47 33036690
node	5439882359	59.4080350	10.4847860	Rema 1000 Linden park	Rema 1000		supermarket	"Mo-Sa 07:00-23:00, Su 09:00-21:00"					+47 33070011
node	5439882361	59.3940310	10.4633280	Meny Borre	Meny		supermarket	"Mo-Fr 08:00-22:00, Sa 08:00-21:00"					+47 33084900
node	5439882362	59.3853592	10.4046528	Kiwi Skoppum	Kiwi		supermarket	"Mo-Fr 07:00-22:00, Sa 08:00-21:00"					+47 33070074
node	5439882373	59.4246858	10.3826068	Spar Nykirke	Spar		supermarket	"Mo-Fr 08:00-21:00, Sa 09:00-20:00"					+47 33078152
node	5439882380	59.4165980	10.4599210	Kiwi Holtandalen	Kiwi		supermarket	Mo-Sa 07:00-23:00					+47 33073902
node	5439882381	59.3496409	10.4598922	Meny Åsgårdstrand	Meny		supermarket	"Mo-Fr 08:00-21:00, Sa 08:00-20:00"					+47 33081004
node	5439882382	59.3482930	10.4696670	Joker Åsgårdstrand	Joker		supermarket	"Mo-Sa 08:00-21:00, Su 09:00-21:00"					+47 33081108
node	5448690078	69.0650180	18.5119230	Extra Bardufoss	Extra		supermarket	Mo-Sa 07:00-23:00				https://www.coop.no/butikker/extra/extra-bardufoss-1987	+47 91 60 63 46
node	5453565761	69.0662165	18.5163504	Orientalmarked AS			convenience	Mo-Fr 11:00-17:00; Sa 11:00-16:00					
node	5453705683	69.2294474	17.9883509	Kiwi Finnsnes	Kiwi		supermarket	Mo-Sa 07:00-23:00					+47 77840333
node	5455086990	63.3948950	10.3368760	Bunnpris Ugla	Bunnpris		supermarket	"Mo-Fr 09:00-20:00, Sa 10:00-20:00, Su 10:00-22:00"					
node	5482903737	64.8475710	13.0143860	Joker Brekkvasselv	Joker		supermarket	"Mo-Fr 08:30-21:00, Sa-Su 09:00-21:00"					+47 74334132
node	5487222055	59.4172295	10.4838106				supermarket						
node	5493873148	59.0533950	10.0320560	Meny Larvik sentrum	Meny		supermarket	Mo-Sa 08:00-22:00					+47 33122300
node	5493880254	59.0542540	10.0317620	Rema 1000 Olavsgate	Rema 1000		supermarket	Mo-Sa 08:00-22:00					+47 33180018
node	5494128821	59.1903980	9.9647630	Spar Kvelde	Spar		supermarket	"Mo-Fr 08:00-21:00, Sa 08:00-19:00"					+47 33112024
node	5530363674	60.3337000	5.2118390	Extra Mathopen	Extra		supermarket	Mo-Sa 07:00-23:00				https://www.coop.no/butikker/extra/extra-mathopen-4345	+47 90 04 86 70
node	5555279331	60.6413400	5.0449270	Rema 1000 Manger	Rema 1000		supermarket	Mo-Sa 07:00-23:00					+47 56372255
node	5569777137	60.3410275	5.2251738				convenience						
node	5576202539	60.2353643	11.1455134				convenience						
node	5583104622	67.2718970	14.4501820	Extra Bodøsjøen	Extra		supermarket	Mo-Sa 07:00-23:00				https://www.coop.no/butikker/extra/extra-bodosjoen-2516	+47 48 27 24 99
node	5606618576	59.9361170	10.9166490	Kiwi Ellingsrud	Kiwi		supermarket	Mo-Sa 07:00-23:00					+47 22320691
node	5643694826	59.9270830	10.9573050	Coop Mega Metro	Coop Mega		supermarket	"Mo-Fr 08:00-22:00, Sa 09:00-19:00"				https://www.coop.no/butikker/coop-mega/coop-mega-metro-1016	+47 67 98 08 90
node	5644721564	59.7186730	10.1451750	Rema 1000 Konnerud	Rema 1000		supermarket	Mo-Sa 07:00-23:00					+47 32886999
node	5646631221	61.0469450	10.4334180	Rema 1000 Vingrom	Rema 1000		supermarket	Mo-Sa 07:00-23:00					+47 46816211
node	5648133077	59.8175180	10.7774910	Kiwi Trollåsen	Kiwi		supermarket	Mo-Sa 07:00-23:00					+47 66808040
node	5654161421	59.2173010	11.0084390	Meny Begby	Meny		supermarket	"Mo-Fr 08:00-21:00, Sa 08:00-20:00"					+47 69949950
node	5655438724	59.8102591	10.8037007	Nor Frukt		NOR Frukt AS	supermarket						
node	5660811153	61.9050800	6.7252820	Lind Naturkost		Lind Naturkost	supermarket	Mo-Fr 09:00-17:00					
node	5678265907	60.2766310	6.2523750	Coop Prix Jondal	Coop Prix		supermarket	"Mo-Sa 07:00-21:00, Su 12:00-19:00"				https://www.coop.no/butikker/coop-prix/coop-prix-jondal-1389	+47 53 66 80 00
node	5678299821	60.3235990	5.3697080	Rema 1000 Midtun	Rema 1000		supermarket	Mo-Sa 07:00-23:00				https://www.rema.no/butikker/Bergen/rema-1000-midtun/1067900	+47 55110050
node	5683438822	58.2482580	8.3768210	Matkroken Lillesand	Matkroken		supermarket	"Mo-Fr 08:00-21:00, Sa-Su 09:00-21:00"				https://www.coop.no/butikker/coop-marked-matkroken/matkroken-lillesand-4799	+47 37 27 10 27
node	5685390281	63.4350861	10.4122353	Life			convenience						
node	5693181928	59.9020650	10.7682880	Kiwi Konows gate	Kiwi		supermarket	Mo-Sa 07:00-23:00					+47 22678800
node	5715076049	63.3499720	10.3591990	Rema 1000 Breidablikk	Rema 1000		supermarket	Mo-Sa 07:00-23:00					+47 72889000
node	5717980224	63.2183893	11.0416258	Kiwi Selbu	Kiwi		supermarket	Mo-Sa 07:00-23:00				https://kiwi.no/Finn-butikk/Kiwi-Selbu/	+47 73817351
node	5724305798	58.7852660	5.7056890	Extra Øksnevad	Extra		supermarket	Mo-Sa 07:00-23:00				https://www.coop.no/butikker/extra/extra-oksnevad-2514	+47 48 01 59 88
node	5724305799	58.7856032	5.7054973	Extra Express Øksnevad	Extra		supermarket	"Mo-Fr 06:00-21:00, Sa 09:00-18:00, Su 09:00-21:00"				https://www.coop.no/butikker/extra/extra-express-oksnevad-2737	+47 48 01 59 88
node	5726566233	59.9533540	11.0485100	Kiwi Lillestrøm stasjon	Kiwi		supermarket	Mo-Sa 07:00-23:00					+47 63818200
node	5729010093	59.0667020	10.0406350	Rema 1000 Larvik	Rema 1000		supermarket	Mo-Sa 07:00-23:00					+47 33116868
node	5732291813	58.1468750	7.9562830	Rema 1000 Tinnheia	Rema 1000		supermarket	Mo-Sa 07:00-23:00					+47 38198070
node	5732436863	58.1452260	7.9648420	Joker Tinnheia	Joker	Kjøpmannshuset Norge AS	supermarket	"Mo-Sa 09:00-21:00, Su 10:00-21:00"					+47 38013990
node	5733202718	58.6298644	6.0820075	Vikeså Veiservice			convenience	Mo-Fr 07:00-23:00; Sa 08:00-23:00; Su 09:00-23:00					
node	5734193843	59.9077086	10.7731554	Matkroken Schweigaards gate	Matkroken		supermarket	"Mo-Sa 08:00-22:30, Su 09:00-22:30"				https://www.coop.no/butikker/coop-marked-matkroken/matkroken-schweigaardsgate-4963	+47 41 44 81 58
node	5734394033	59.8735315	10.7571455	Malmøya Landhandel			convenience	"Mo-Sa 10:30-20:00, Su 12:00-19:00"					
node	5743492377	58.9578180	9.6187160	Joker Trosby	Joker		supermarket	Mo-Su 08:00-22:00					+47 35963100
node	5751448221	62.5594818	7.6824023	Rema 1000 Åndalsnes	Rema 1000		supermarket	"Mo-Sa 07:00-23:00, Su 12:00-20:00"				https://www.rema.no/butikker/more-og-romsdal/rauma/rema-1000-andalsnes/	+47 92258351
node	5752365197	59.9339970	10.7501930	Blåbær Minimarked			convenience						
node	5753999992	59.4353253	8.8634800	Nærbutikken Hegna landhandel	Nærbutikken		supermarket	24/7				https://narbutikken.no/finn-butikk/narbutikken-hegna-landhandel	+47 93951111
node	5758353104	58.6323430	8.2906480	Joker Mykland	Joker		supermarket	"Mo-Th 09:00-17:00, Fr 09:00-19:00, Sa 09:00-15:00"					+47 94057793
node	5763115771	60.2408233	10.3821062	Rema 1000 Jevnaker	Rema 1000		supermarket	Mo-Sa 07:00-23:00					+47 61311051
node	5775614651	59.3475250	6.2380920	Joker Erfjord	Joker		supermarket	"Mo-We 09:00-18:00, Th-Fr 09:00-20:00, Sa 09:00-18:00"					+47 46869580
node	5777535554	61.1827547	10.6190969	Mini-Kiosk			convenience						
node	5785179019	61.4232224	6.7577663				convenience						
node	5798283230	58.9793107	9.9651318	Kjærstranda Sommerbutikk			convenience						
node	5798337912	58.9814699	9.9661871				convenience	May-Aug					
node	5798470441	58.8838550	5.7437270	Rema 1000 Gamleveien	Rema 1000		supermarket	Mo-Sa 07:00-23:00					+47 51630900
node	5813458606	70.6448100	23.6761130	Bunnpris Rypefjord	Bunnpris		supermarket	Mo-Su 06:00-01:00					+47 78418185
node	5815474069	70.6374431	23.6734515	MariNor Bilpleie & Dekkhotel			convenience						
node	5818243047	59.0627390	10.1516958	Coop Prix Tjølling	Coop Prix		supermarket	"Mo-Fr 08:00-22:00, Sa 08:00-20:00"				https://www.coop.no/butikker/coop-prix/coop-prix-tjolling-4778	+47 33 12 40 70
node	5821433740	61.5705890	11.0509420	Coop Prix Koppang	Coop Prix		supermarket	Mo-Sa 07:00-21:00				https://www.coop.no/butikker/coop-prix/coop-prix-koppang-2020	+47 62 46 08 55
node	5821438584	61.5714330	11.0534210	Kiwi Koppang	Kiwi		supermarket	Mo-Sa 07:00-21:00				https://kiwi.no/Finn-butikk/KIWI-Koppang/	+47 62461133
node	5822760462	66.3176020	14.1590440	Bunnpris Langmoheia	Bunnpris		supermarket	"Mo-Fr 08:00-22:00, Sa 09:00-21:00"					+47 75013006
node	5822799613	66.3061440	14.1316360	Rema 1000 Byporten	Rema 1000		supermarket	"Mo-Fr 07:00-22:00, Sa 08:00-21:00"					+47 75153640
node	5822829601	66.3049421	14.1339870	Kiwi Langneset	Kiwi		supermarket	Mo-Sa 07:00-23:00					+47 75167516
node	5825883164	70.6663840	23.6931630	Extra Bryggen	Extra		supermarket	Mo-Sa 07:00-23:00				https://www.coop.no/butikker/extra/extra-bryggen-4552	+47 78 41 15 80
node	5825883189	70.6782009	23.6680068	Kiwi Hammerfest	Kiwi		supermarket	Mo-Sa 07:00-23:00					+47 78410106
node	5837967769	61.8371020	8.5685840	Extra Lom	Extra		supermarket	Mo-Fr 07:00-23:00; Sa 08:00-21:00; Su 10:00-20:00				https://www.coop.no/butikker/extra/extra-lom-2034	+47 99 21 16 65
node	5839919234	60.4011790	5.7313530	Spar Bjørkheim	Spar		supermarket	"Mo-Fr 07:00-22:00, Sa 08:00-21:00"				https://spar.no/Finn-butikk/SPAR-Bjorkheim	+47 56586332
node	5841602146	59.9308041	10.7468306	Joker Diriksgate	Joker		supermarket	"Mo-Sa 08:00-23:00, Su 09:00-23:00"				https://joker.no/finn-butikk/joker-diriksgate	+47 96977714
node	5841728116	62.1991000	6.1275210	Kiwi Meieribygget Ørsta	Kiwi		supermarket	Mo-Sa 07:00-23:00					+47 70067350
node	5841728209	62.1923470	6.1243120	Rema 1000 Ørsta	Rema 1000		supermarket	Mo-Sa 07:00-23:00					+47 70060388
node	5842227426	59.7129062	10.2576775	Rema 1000 Åskollen	Rema 1000		supermarket	Mo-Sa 07:00-23:00				https://www.rema.no/butikker/buskerud/drammen/rema-1000-askollen	+47 32818000
node	5842227428	59.7120610	10.2571900	Kiwi Åskollen	Kiwi		supermarket	Mo-Sa 07:00-23:00				https://kiwi.no/finn-butikk/kiwi-314-askollen	+47 32800295
node	5842494411	59.0624560	5.4042150	Coop Prix Kvitsøy	Coop Prix		supermarket	Mo-Sa 06:00-23:00				https://www.coop.no/butikker/coop-prix/coop-prix-kvitsoy-1313	+47 51 73 51 06
node	5844228597	61.1306678	10.4492641	Kiwi Nordre Ål	Kiwi		supermarket	Mo-Sa 07:00-23:00					+47 61256900
node	5845562184	62.2975430	7.2569270	Bunnpris Valldal	Bunnpris		supermarket	"Mo-Fr 08:00-21:00, Sa 08:00-20:00, Su 10:00-18:00"					+47 70259192
node	5851244916	63.3252950	10.3073580	Bunnpris Klett	Bunnpris		supermarket	"Mo-Fr 08:00-22:00, Sa 09:00-20:00"					+47 72846517
node	5853193549	63.7815880	11.4710860	Rema 1000 Alti Verdal	Rema 1000		supermarket	"Mo-Fr 07:00-23:00, Sa 08:00-21:00"					+47 74079381
node	5854024522	63.7616930	10.0685820	Coop Marked Råkvåg	Coop Marked		supermarket	"Mo-Th 09:00-19:00, Fr 09:00-20:00, Sa 09:00-18:00"				https://www.coop.no/butikker/coop-marked-matkroken/coop-marked-rakvag-1831	+47 97 57 56 34
node	5854225908	63.7635160	9.8051040	Rema 1000 Bjugn	Rema 1000		supermarket	Mo-Sa 07:00-23:00					+47 72528640
node	5855927423	63.7524750	10.1329200	Joker Husbysjøen	Joker		supermarket	"Mo-We 09:00-19:00, Th-Fr 09:00-20:00, Sa 09:00-18:00"				https://joker.no/finn-butikk/joker-husbysjoen	+47 91992463
node	5856574081	63.1138750	9.9873940	Coop Prix Hølonda	Coop Prix		supermarket	Mo-Sa 00:00-24:00				https://www.coop.no/butikker/coop-prix/coop-prix-holonda-2821	+47 95 10 56 07
node	5856934671	62.8419600	11.3025800	Coop Marked Ålen	Coop Marked		supermarket	"Mo-Fr 07:00-22:00, Sa 08:00-20:00"				https://www.coop.no/butikker/coop-marked-matkroken/coop-marked-alen-2409	+47 72 40 51 50
node	5857124161	60.8333682	10.2966901			Joker	supermarket						
node	5861081955	70.1980380	28.1894980	Rema 1000 Tana	Rema 1000		supermarket	Mo-Sa 07:00-23:00					+47 97141305
node	5865535845	59.9144236	10.7371187	7-Eleven	7-Eleven		convenience						
node	5868340200	59.2634402	10.3624984	Kiwi Vear	Kiwi		supermarket	Mo-Sa 07:00-23:00					+47 33365116
node	5868367446	59.2226209	10.3076937	Meny Stokke	Meny		supermarket	"Mo-Fr 08:00-21:00, Sa 08:00-20:00"					+47 33335400
node	5868884380	59.9306830	10.7916070	"All in one supermarket, Løren"			supermarket	Mo-Sa 09:00-20:00; Su 10:00-20:00					
node	5870418148	59.9120320	10.7194950	Bunnpris Ruseløkka	Bunnpris		supermarket	"Mo-Fr 08:00-22:00, Sa-Su 09:00-22:00"					+47 23270620
node	5872999427	59.9121602	10.7224948				convenience						
node	5872999432	59.9241022	10.7436147	Zahra			convenience						
node	5882384702	61.7330940	6.5060060	Coop Prix Byrkjelo	Coop Prix		supermarket	"Mo-Fr 08:00-22:00, Sa 08:00-21:00"				https://www.coop.no/butikker/coop-prix/coop-prix-byrkjelo-1467	+47 57 86 88 90
node	5884373173	61.7702465	9.5421314	Jernia			convenience						
node	5899909446	62.7823370	6.4685020	Bunnpris Harøy	Bunnpris		supermarket	"Mo-Fr 08:00-21:00, Sa 09:00-20:00"					+47 71276514
node	5904342750	58.6657520	6.7165800	Nærbutikken Tonstad	Nærbutikken		supermarket	"Mo-Fr 08:00-20:00, Sa 09:00-18:00"					+47 38370142
node	5904492265	58.4658770	7.2314510	Coop Prix Eiken	Coop Prix		supermarket	Mo-Sa 08:00-21:00				https://www.coop.no/butikker/coop-prix/coop-prix-eiken-1325	+47 90 62 74 44
node	5909632553	60.4188632	10.5090223	Kiwi Brandbu	Kiwi		supermarket	Mo-Sa 07:00-23:00					+47 61334655
node	5916310343	58.3516390	8.5971210	Rema 1000 Bie	Rema 1000		supermarket	Mo-Sa 07:00-23:00					+47 37048000
node	5922608677	58.8496948	5.7336365	IMS - Internasjonalt matsenter Sandnes			supermarket						
node	5922883175	59.9436496	10.7785296	Nærbutikken Storo	Nærbutikken		supermarket	"Mo-Fr 08:00-22:00, Sa-Su 09:00-22:00"					+47 92566116
node	5923029550	61.3626680	5.3979080	Dalsbua			supermarket						
node	5923158389	59.9432323	10.7737527	Extra Storo	Extra		supermarket	Mo-Sa 07:00-23:00				https://www.coop.no/butikker/extra/extra-storo-1125	+47 22 22 21 40
node	5923303421	61.7668345	4.8798904	Spar Kalvåg	Spar		supermarket	"Mo-Fr 08:00-20:00, Sa 08:00-18:00, Su 11:00-15:00"					+47 57791010
node	5924983272	68.1935530	16.0285630	Joker Storjord	Joker		supermarket	24/7					+47 75773219
node	5938766420	58.9317800	5.6960770	Rema 1000 Grannes	Rema 1000		supermarket	"Mo-Fr 07:00-23:00, Sa 08:00-21:00"					+47 51550500
node	5939243464	58.8340792	5.7331260	Rema 1000 Hov E39	Rema 1000		supermarket	"Mo-Sa 06:00-23:00, Su 09:00-21:00"					+47 51667070
node	5941613970	58.1808081	8.1259024	Meny Sørlandsparken	Meny		supermarket	"Mo-Fr 07:00-22:00, Sa 08:00-20:00"					+47 48206520
node	5974216038	62.7019860	7.4235440	Spar Skåla	Spar		supermarket	"Mo-Fr 08:00-22:00, Sa 09:00-20:00"					+47 71241550
node	5980944680	59.0953414	9.6859886	Spar Skjelsvik	Spar		supermarket	"Mo-Fr 07:00-22:00, Sa 08:00-20:00"					+47 35564000
node	5985261344	59.9191486	10.7470604	Rema 1000 Fredensborgveien	Rema 1000		supermarket	Mo-Sa 07:00-23:00				https://www.rema.no/butikker/oslo/oslo/rema-1000-fredensborgveien/	+47 22693960
node	5992864173	60.3011700	5.3086140	Rema 1000 Råstølen	Rema 1000	Gurgen Margaryan	supermarket	Mo-Sa 07:00-23:00					+47 55131200
node	5993008226	58.1536547	8.0246805	Coop Mega Lund	Coop Mega		supermarket	"Mo-Fr 08:00-22:00, Sa 08:00-20:00"				https://www.coop.no/butikker/coop-mega/coop-mega-lund-4373	+47 38 17 86 00
node	5997663507	58.8898999	5.7372128	Kiwi Forusparken	Kiwi		supermarket	Mo-Sa 07:00-23:00					+47 51575000
node	5999348062	62.9424000	10.6540160	Coop Prix Singsås	Coop Prix		supermarket	"Mo-Fr 07:00-23:00, Sa 08:00-21:00"				https://www.coop.no/butikker/coop-prix/coop-prix-singsas-2751	+47 72 43 51 10
node	6005437697	60.3699350	5.3417150	Rema 1000 Minde	Rema 1000		supermarket	"Mo-Fr 06:30-23:00, Sa 07:00-23:00"					+47 55563200
node	6005564049	58.8326631	5.7125111	Joker Sandved	Joker		supermarket	"Mo-Fr 07:00-21:00, Sa 08:00-21:00, Su 10:00-21:00"					+47 48178261
node	6016459887	60.3794930	5.3516080	Joker Møllendal	Joker		supermarket	"Mo-Fr 07:00-22:00, Sa 09:00-21:00, Su 09:00-22:00"					+47 55909056
node	6022577525	59.8979930	11.0954665	Joker Hektnersletta	Joker		supermarket	24/7				https://joker.no/finn-butikk/joker-hektnersletta	+47 63837106
node	6025998784	70.0192700	23.5384150	Coop Marked Rafsbotn	Coop Marked		supermarket	Mo-Su 09:00-22:00				https://www.coop.no/butikker/coop-marked-matkroken/coop-marked-rafsbotn-1996	+47 97 67 95 19
node	6025999685	69.4577720	30.0321650	Coop Marked Svanvik	Coop Marked		supermarket	"Mo-Fr 09:00-20:00, Sa 10:00-18:00"				https://www.coop.no/butikker/coop-marked-matkroken/coop-marked-svanvik-1992	+47 97 75 23 76
node	6025999687	69.9731790	23.3689880	Extra Elvebakken	Extra		supermarket	Mo-Sa 07:00-23:00				https://www.coop.no/butikker/extra/extra-elvebakken-2002	+47 97 57 74 57
node	6026072583	69.8389429	18.5780478	Matkroken Vengsøy	Matkroken		supermarket	"Mo-Fr 10:00-16:30, Sa 10:00-14:30"				https://www.coop.no/butikker/coop-marked-matkroken/matkroken-vengsoy-4050	+47 77 68 65 70
node	6026076361	68.8297100	17.1840370	Matkroken Ånstad	Matkroken		supermarket	Mo-Su 00:01-24:00				https://www.coop.no/butikker/coop-marked-matkroken/matkroken-anstad-4049	+47 48 20 94 71
node	6026076364	70.1931389	20.5191391	Matkroken Årviksand	Matkroken		supermarket	"Mo-Fr 10:00-16:30, Sa 10:00-14:00"					
node	6026076366	68.6810320	17.1190590	Matkroken Grovfjord	Matkroken		supermarket	"Mo-Fr 10:00-20:00, Sa 10:00-18:00"				https://www.coop.no/butikker/coop-marked-matkroken/matkroken-grovfjord-4409	+47 94 16 38 17
node	6026076368	68.5835680	16.5714470	Extra Evenskjer	Extra		supermarket	Mo-Sa 07:00-23:00					
node	6026076372	69.6417660	18.9427130	Coop Prix Strandkanten Nord	Coop Prix		supermarket	"Mo-Fr 07:00-23:00, Sa-Su 09:00-23:00"				https://www.coop.no/butikker/coop-prix/coop-prix-strandkanten-nord-2596	+47 468 41 759
node	6026076375	69.6342850	18.0050160	Matkroken Sommarøy	Matkroken		supermarket	"Mo-Fr 10:00-20:00, Sa 10:00-18:00"				https://www.coop.no/butikker/coop-marked-matkroken/matkroken-sommaroy-4474	+47 90 23 89 18
node	6026076376	69.2679356	19.9618207	Coop Prix Hatteng	Coop Prix		supermarket	"Mo-Fr 08:00-22:00, Sa 08:00-21:00"				https://www.coop.no/butikker/coop-prix/coop-prix-hatteng-1955	+47 90 97 28 18
node	6026076377	69.4308247	19.6521725	Matkroken Lakselvbukt	Matkroken		supermarket	"Mo-Th 10:00-17:00, Fr 10:00-18:00, Sa 10:00-16:00"				https://www.coop.no/butikker/coop-marked-matkroken/matkroken-lakselvbukt-4291	+47 95 36 00 80
node	6026076388	68.8620000	18.3474000	Extra Setermoen	Extra		supermarket	Mo-Sa 07:00-23:00					
node	6026076486	69.3320190	18.8904630	Coop Prix Mestervik	Coop Prix		supermarket	Mo-Sa 08:00-21:00				https://www.coop.no/butikker/coop-prix/coop-prix-meistervik-1960	+47 91 58 76 70
node	6026076488	69.1428110	18.5974310	Extra Olsborg	Extra		supermarket	Mo-Sa 07:00-23:00					
node	6026076492	69.2307856	18.0014918	Extra Olderhamna	Extra		supermarket	Mo-Sa 07:00-23:00				https://www.coop.no/butikker/extra/extra-olderhamna-2634	+47 91 18 16 70
node	6026076493	69.2426310	17.9491180	Extra Silsand	Extra		supermarket	Mo-Sa 07:00-23:00				https://www.coop.no/butikker/extra/extra-silsand-1915	+47 94 79 11 63
node	6026076589	69.6712459	18.9202650	Extra Workinnmarka	Extra		supermarket	"Mo-Sa 07:00-23:00, Su 09:00-23:00"				https://www.coop.no/butikker/extra/extra-workinnmarka-2591	+47 90 58 03 70
node	6026126996	67.1021000	15.3936000	Extra Rognan	Extra		supermarket	Mo-Sa 07:00-23:00				https://www.coop.no/butikker/extra/extra-rognan-2420	+47 75 68 10 02
node	6026126999	66.5748130	12.9821750	Matkroken Selsøyvik	Matkroken		supermarket	"Mo-Th 10:00-15:00, Fr 10:00-16:30, Sa 11:00-13:00"				https://www.coop.no/butikker/coop-marked-matkroken/matkroken-selsoyvik-4469	+47 75 09 89 50
node	6026127000	67.2580800	15.3911840	Coop Mega Fauske	Coop Mega		supermarket	"Mo-Fr 08:00-22:00, Sa 08:00-20:00"				https://www.coop.no/butikker/coop-mega/coop-mega-fauske-2581	+47 75 64 57 88
node	6026127001	68.4190911	17.3874107	Extra Ankenes	Extra		supermarket	Mo-Sa 07:00-23:00				https://www.coop.no/butikker/extra/extra-ankenes-1856	+47 94 79 21 11
node	6026127004	66.1524420	13.8365208	Coop Prix Bjerka	Coop Prix		supermarket	"Mo-Fr 08:00-22:00, Sa 08:00-21:00"				https://www.coop.no/butikker/coop-prix/coop-prix-bjerka-1732	+47 90 74 66 22
node	6026127014	66.0088530	12.6070280	Extra Sandnessjøen	Extra		supermarket	Mo-Sa 07:00-23:00				https://www.coop.no/butikker/extra/extra-sandnessjoen-3319	+47 91 00 47 90
node	6026127016	65.1260060	12.2302630	Coop Prix Bindalseidet	Coop Prix		supermarket	"Mo-Fr 10:00-18:00, Sa 10:00-15:00"				https://www.coop.no/butikker/coop-prix/coop-prix-bindalseidet-2844	+47 90 09 51 19
node	6026127017	66.4045510	14.5289780	Coop Prix Storforshei	Coop Prix		supermarket	"Mo-Fr 08:00-22:00, Sa 08:00-21:00"				https://www.coop.no/butikker/coop-prix/coop-prix-storforshei-1670	+47 90 88 62 88
node	6026127018	66.3259740	14.1776220	Extra Selfors	Extra		supermarket	Mo-Sa 07:00-23:00				https://www.coop.no/butikker/extra/extra-selfors-1668	+47 94 87 84 20
node	6026127019	67.2586470	15.3719340	Coop Prix Helligberget	Coop Prix		supermarket	"Mo-Fr 07:00-23:00, Sa 08:00-22:00"				https://www.coop.no/butikker/coop-prix/coop-prix-helligberget-1839	+47 47 67 82 55
node	6026127020	68.4354910	17.4109050	Extra Bolaget	Extra		supermarket	Mo-Sa 07:00-23:00				https://www.coop.no/butikker/extra/extra-bolaget-2482	+47 48 01 02 30
node	6026127021	66.2884410	14.0741180	Coop Prix Åga	Coop Prix		supermarket	"Mo-Fr 08:00-22:00, Sa 08:00-21:00"				https://www.coop.no/butikker/coop-prix/coop-prix-aga-1666	+47 90 84 59 80
node	6026127022	68.1155350	15.8664770	Matkroken Ulvsvåg	Matkroken		supermarket	"Mo-Fr 09:00-18:00, Sa 10:00-16:00"				https://www.coop.no/butikker/coop-marked-matkroken/matkroken-ulvsvag-4961	+47 75 77 15 52
node	6026127023	66.0086880	12.5811230	Extra Lyngåsen	Extra		supermarket	Mo-Sa 07:00-23:00				https://www.coop.no/butikker/extra/extra-lyngasen-2588	+47 90 81 95 20
node	6026127100	65.9081520	13.8116060	Coop Prix Bleikvassli	Coop Prix		supermarket	Mo-Sa 06:00-24:00				https://www.coop.no/butikker/coop-prix/coop-prix-bleikvassli-2818	+47 75 19 15 00
node	6026127102	67.2773101	14.3921797	Extra Bankgata	Extra		supermarket	Mo-Sa 07:00-23:00				https://www.coop.no/butikker/extra/extra-bankgata-1870	+47 75 52 28 83
node	6026127103	65.3695630	12.1974660	Coop Prix Berg	Coop Prix		supermarket	"Mo-Fr 08:00-22:00, Sa 08:00-20:00"				https://www.coop.no/butikker/coop-prix/coop-prix-berg-2651	+47 75 02 79 00
node	6026127105	68.1669346	14.6606440	Coop Marked Skrova	Coop Marked		supermarket	24/7				https://www.coop.no/butikker/coop-marked-matkroken/coop-marked-skrova-2464	+47 90 23 32 40
node	6026127107	69.0137590	15.7852030	Matkroken Åse	Matkroken		supermarket	"Mo-Fr 09:00-20:00, Sa 10:00-18:00"				https://www.coop.no/butikker/coop-marked-matkroken/matkroken-ase-4400	+47 76 14 72 20
node	6026127108	66.8169599	13.9437907	Extra Glomfjord	Extra		supermarket	Mo-Sa 07:00-23:00				https://www.coop.no/butikker/extra/extra-glomfjord-2946	+47 90 65 42 66
node	6026127109	66.3210640	14.1924760	Extra Gruben	Extra		supermarket	"Mo-Sa 07:00-23:00, Su 10:00-23:00"				https://www.coop.no/butikker/extra/extra-gruben-2487	+47 90 27 54 90
node	6026127112	66.3100980	14.1359030	Coop Prix Mo i Rana	Coop Prix		supermarket	"Mo-Fr 07:00-21:00, Sa 08:00-21:00"				https://www.coop.no/butikker/coop-prix/coop-prix-mo-i-rana-1664	+47 90 21 11 20
node	6026127113	68.6834001	15.3984866	Extra Sortland	Extra		supermarket	Mo-Sa 07:00-23:00				https://www.coop.no/butikker/extra/extra-sortland-2590	+47 90 47 33 58
node	6026127114	67.2944530	14.4308860	Extra Volden	Extra		supermarket	Mo-Sa 07:00-23:00				https://www.coop.no/butikker/extra/extra-volden-4042	+47 75 58 23 20
node	6026127115	66.3982422	12.8499540	Matkroken Lurøy	Matkroken		supermarket	"Mo-Fr 10:00-17:00, Sa 10:00-14:00"					
node	6026127116	69.3145170	16.1202680	Coop Prix Andenes	Coop Prix		supermarket	"Mo-Fr 07:00-23:00, Sa 08:00-23:00"				https://www.coop.no/butikker/coop-prix/coop-prix-andenes-1900	+47 76 14 14 74
node	6026127117	66.0247960	12.2412070	Coop Marked Seløy	Coop Marked		supermarket	Mo-Sa 09:00-18:00				https://www.coop.no/butikker/coop-marked-matkroken/coop-marked-seloy-1689	+47 75 05 91 14
node	6026127118	66.9886630	14.7595990	Coop Prix Beiarn	Coop Prix		supermarket	"Mo-Fr 07:00-21:00, Sa 09:00-20:00"					
node	6026127119	65.9802890	12.2818780	Coop Prix Herøy	Coop Prix		supermarket	"Mo-Fr 08:00-22:00, Sa 08:00-21:00"				https://www.coop.no/butikker/coop-prix/coop-prix-heroy-1687	+47 90 63 68 90
node	6026127120	68.5490000	17.5589000	Extra Bjerkvik	Extra		supermarket	Mo-Sa 07:00-23:00				https://www.coop.no/butikker/extra/extra-bjerkvik-1859	+47 95 87 81 03
node	6026127306	65.7228097	12.6048759	Matkroken Visthus	Matkroken		supermarket	"Mo-Fr 09:00-16:00, Sa 10:00-14:00"				https://www.coop.no/butikker/coop-marked-matkroken/matkroken-visthus-4038	+47 75 03 77 11
node	6026127308	66.3408410	14.1438390	Extra Ytteren	Extra		supermarket	Mo-Sa 07:00-23:00				https://www.coop.no/butikker/extra/extra-ytteren-1669	+47 90 36 87 70
node	6026127310	66.2239820	13.6048560	Coop Prix Hemnesberget	Coop Prix		supermarket	"Mo-Fr 08:00-22:00, Sa 08:00-21:00"				https://www.coop.no/butikker/coop-prix/coop-prix-hemnesberget-1672	+47 94 86 29 00
node	6026127312	67.2768181	14.4196501	Extra Stormyra	Extra		supermarket	Mo-Sa 07:00-23:00				https://www.coop.no/butikker/extra/extra-stormyra-2602	+47 90 03 21 46
node	6026127313	66.0804990	13.8243290	Extra Korgen	Extra		supermarket	Mo-Sa 07:00-23:00				https://www.coop.no/butikker/extra/extra-korgen-2837	+47 75 19 15 00
node	6026127314	66.1711780	12.5777750	Coop Prix Dønna	Coop Prix		supermarket	"Mo-Fr 09:00-20:00, Sa 09:00-18:00"				https://www.coop.no/butikker/coop-prix/coop-prix-donna-1624	+47 75 05 48 53
node	6026127315	68.2101489	14.4766858	Extra Kabelvåg	Extra		supermarket	Mo-Sa 07:00-23:00				https://www.coop.no/butikker/extra/extra-kabelvag-1888	+47 48 07 61 88
node	6026127316	67.7648311	15.2429502	Coop Marked Nordfold	Coop Marked		supermarket	"Mo-Fr 09:00-20:00, Sa 10:00-18:00"				https://www.coop.no/butikker/coop-marked-matkroken/coop-marked-nordfold-1849	+47 75 77 91 08
node	6026127317	67.0359440	14.0275900	Coop Prix Inndyr	Coop Prix		supermarket	Mo-Sa 08:00-22:00				https://www.coop.no/butikker/coop-prix/coop-prix-inndyr-2720	+47 75 75 74 02
node	6026127318	65.0891720	12.3754710	Coop Prix Terråk	Coop Prix		supermarket	Mo-Sa 06:00-24:00				https://www.coop.no/butikker/coop-prix/coop-prix-terrak-2843	+47 90 65 60 86
node	6026127319	66.9603130	13.8035620	Matkroken Storvik	Matkroken		supermarket	24/7				https://www.coop.no/butikker/coop-marked-matkroken/matkroken-storvik-4959	+47 45 31 32 71
node	6026127322	66.7799862	13.5355892	Coop Prix Engavågen	Coop Prix		supermarket	Mo-Sa 06:00-00:00				https://www.coop.no/butikker/coop-prix/coop-prix-engavagen-2677	+47 75 75 17 01
node	6026127323	66.5885935	12.6557959	Matkroken Nordnesøy	Matkroken		supermarket	"Mo-Fr 10:00-16:00, Sa 10:00-14:00"				https://www.coop.no/butikker/coop-marked-matkroken/matkroken-nordnesoy-4448	+47 75 09 67 13
node	6026127324	65.4905420	12.2388940	Extra Salhus	Extra		supermarket	Mo-Sa 07:00-23:00				https://www.coop.no/butikker/extra/extra-salhus-2460	+47 75 02 02 00
node	6026127325	66.3066870	14.1496390	Obs Mo i Rana	Obs		supermarket	"Mo-Fr 08:00-22:00, Sa 08:00-20:00"				https://www.coop.no/butikker/obs/obs-mo-i-rana-2488	+47 90 27 03 20
node	6027178820	70.9454000	27.3522000	Coop Prix Kjøllefjord	Coop Prix		supermarket	Mo-Sa 09:00-22:00				https://www.coop.no/butikker/coop-prix/coop-prix-kjollefjord-1926	+47 97 57 74 46
node	6027178821	70.0726690	29.7519370	Extra Vadsø	Extra		supermarket	Mo-Sa 07:00-23:00				https://www.coop.no/butikker/extra/extra-vadso-1994	+47 95 22 88 72
node	6027178825	69.7205950	30.0394280	Extra Kirkenes	Extra		supermarket	Mo-Sa 08:00-23:00				https://www.coop.no/butikker/extra/extra-kirkenes-2561	+47 90 08 59 20
node	6027178827	70.1987760	28.1865010	Extra Tana	Extra		supermarket	Mo-Sa 07:00-23:00				https://www.coop.no/butikker/extra/extra-tana-1965	+47 41 64 38 36
node	6027178828	71.0098850	25.0043550	Matkroken Måsøy	Matkroken		supermarket	"Mo-We 10:00-12:00, Th 12:30-13:30, Fr-Sa 10:00-12:00"				https://www.coop.no/butikker/coop-marked-matkroken/matkroken-masoy-4444	+47 78 42 51 65
node	6027179059	70.6550010	23.7002456	Spar Hammerfest	Spar		supermarket	"Mo-Fr 08:00-22:00, Sa 09:00-20:00"					+47 46913472
node	6027179832	71.0834860	24.0565840	Matkroken Ingøy	Matkroken		supermarket	"Mo-Fr 11:00-18:00, Sa 11:00-14:00"				https://www.coop.no/butikker/coop-marked-matkroken/matkroken-ingoy-4425	+47 99 27 29 02
node	6027179834	70.3463090	26.5042850	Matkroken Kunes	Matkroken		supermarket	"Mo-Fr 10:00-18:00, Sa 10:00-15:00"				https://www.coop.no/butikker/coop-marked-matkroken/matkroken-kunes-4432	+47 95 11 87 00
node	6027179837	70.6524170	23.6587450	Extra Storsvingen	Extra		supermarket	Mo-Sa 07:00-23:00				https://www.coop.no/butikker/extra/extra-storsvingen-2628	+47 90 69 48 34
node	6027179838	70.6371875	29.7266527	Extra Båtsfjord	Extra		supermarket	"Mo-Fr 07:00-23:00, Sa 08:00-21:00"				https://www.coop.no/butikker/extra/extra-batsfjord-4070	+47 78 98 37 40
node	6027179840	70.7997180	28.0961605	Coop Marked Skjånes	Coop Marked		supermarket	"Mo-Fr 11:00-16:00, Sa 11:00-13:00"				https://www.coop.no/butikker/coop-marked-matkroken/coop-marked-skjanes-1922	+47 78 49 68 07
node	6027261511	68.5845980	16.5740230	Rema 1000 Evenskjer	Rema 1000		supermarket	Mo-Sa 07:00-23:00					+47 77087480
node	6027262810	68.7401830	16.5633380	Rema 1000 Kilamyra	Rema 1000		supermarket	Mo-Sa 07:00-23:00					+47 77078000
node	6027262811	69.5072400	17.6297170	Snarkjøp Fjordgård	Snarkjøp	Segla Handel	convenience	24/7					+47 941 60 757
node	6027262817	68.7908110	16.5357110	Rema 1000 Harstad	Rema 1000		supermarket	Mo-Sa 07:00-23:00					+47 77040120
node	6027262818	69.3533130	18.0778800	Joker Gibostad	Joker		supermarket	"Mo-Fr 08:00-20:00, Sa 10:00-18:00"					+47 77847500
node	6027262819	69.3886660	20.2735910	Joker Skibotn	Joker		supermarket	Mo-Sa 00:00-24:00					+47 77715304
node	6027263705	68.6919720	17.5309910	Spar Gratangen	Spar		supermarket	"Mo-Fr 08:00-21:00, Sa 09:00-20:00"					+47 77021555
node	6027263713	69.6675020	19.0233050	Eurospar Tomasjord	Spar		supermarket	Mo-Sa 07:00-23:00					+47 77604570
node	6027263714	69.0839810	17.1718940	Joker Stonglandseidet	Joker		supermarket	24/7					+47 40605262
node	6028427406	67.4064050	13.9025600	Coop Marked Helligvær	Coop Marked		supermarket	"Mo-Fr 09:00-16:00, Sa 10:00-13:00"					
node	6028427410	66.9258095	13.4348577	Snarkjøp Støtt	Snarkjøp	Sørensens Sønner AS	convenience						
node	6028427411	67.1229360	14.0476220	Joker Sandhornøy	Joker		supermarket	Mo-Sa 10:00-21:00					+47 75758501
node	6028427412	66.4668310	13.1679240	Joker Kvina	Joker		supermarket	"Mo-Fr 08:00-20:00, Sa 09:00-18:00"					+47 75092716
node	6028427413	66.6262050	13.2924540	Joker Jektvik	Joker		supermarket	"Mo-Th 09:30-18:00, Fr 09:30-20:00, Sa 09:30-15:00"					+47 75097621
node	6028427546	67.2963780	14.7454060	Rema 1000 Tverlandet	Rema 1000		supermarket	Mo-Sa 07:00-23:00					+47 75516260
node	6028427547	67.2797950	14.4187076	Kiwi Stormyra	Kiwi		supermarket	Mo-Sa 07:00-23:00					+47 75533051
node	6028427548	67.2520236	15.4292947	Spar Fauske	Spar		supermarket	"Mo-Fr 08:00-21:00, Sa 08:00-18:00"					+47 75648408
node	6028427551	68.5238840	17.0085390	Bunnpris Bogen	Bunnpris		supermarket	Mo-Sa 08:00-22:00					+47 76983582
node	6028427859	67.2975383	14.4030653	Rema 1000 Rønvik	Rema 1000		supermarket	Mo-Sa 07:00-23:00					+47 90951065
node	6028427860	65.4767370	12.2165300	Kiwi Brønnøysund	Kiwi		supermarket	Mo-Sa 07:00-23:00				https://kiwi.no/Finn-butikk/Kiwi-Bronnoysund/	+47 75021590
node	6028427861	68.2329270	14.5301672	Kiwi Osan Svolvær	Kiwi		supermarket	Mo-Sa 07:00-23:00					+47 76075500
node	6028427863	66.7385230	13.5024760				convenience						
node	6028427865	65.4703280	12.2051720	Bunnpris Brønnøysund	Bunnpris		supermarket	"Mo-Fr 08:00-23:00, Sa 09:00-23:00, Su 11:00-23:00"					+47 75023011
node	6028427866	68.4099522	17.3114759				convenience	Tu-Su 09:00-22:00;Sa 09:00-20:00					
node	6028427867	68.4385210	17.4171420	Rema 1000 Frydenlund	Rema 1000		supermarket	Mo-Sa 07:00-23:00					+47 76948380
node	6028427868	67.0355803	14.0250081	Joker Inndyr			convenience						
node	6028427869	66.3690630	12.3631650	Joker Lovund	Joker		supermarket	Mo-Sa 05:00-24:00					+47 75094520
node	6028427871	65.4911219	12.2401061	Spar Brønnøysund	Spar		supermarket	"Mo-Fr 07:00-22:00, Sa 08:00-20:00"					+47 75009400
node	6028427872	68.7082870	15.4137270	Rema 1000 Sortland	Rema 1000		supermarket	Mo-Sa 07:00-23:00					+47 76122265
node	6028427873	67.2771446	14.3684886	Joker Vestbyen	Joker		supermarket	"Mo-Fr 07:30-23:00, Sa-Su 10:00-23:00"					+47 75522296
node	6028427874	65.8633220	13.1934340	Rema 1000 Halsøy	Rema 1000		supermarket	Mo-Sa 07:00-23:00					+47 75174000
node	6028427875	68.5012880	14.8139690	Rema 1000 Melbu	Rema 1000		supermarket	Mo-Sa 07:00-23:00					+47 76150000
node	6028427876	68.4767310	16.8850330	Joker Liland	Joker		supermarket	"Mo-Fr 08:00-19:00, Sa 09:00-17:00"					+47 76984130
node	6028427878	67.0731824	14.2094877	Joh. Nilsen-Nygaard			supermarket						
node	6028428707	67.2760362	14.4100767	Kiwi Flymuseet	Kiwi		supermarket	Mo-Sa 07:00-23:00					+47 75584105
node	6028428708	65.4806000	12.2207340	Rema 1000 Brønnøysund	Rema 1000		supermarket	Mo-Sa 07:00-23:00					+47 75021900
node	6028428710	66.5068074	13.3085310				supermarket						
node	6028428711	68.5260572	16.9943958	Niingskroa		Statoil Bogen	convenience	"Mo-Fr 08:00-22:00; Sa,Su 09:00-22:00"					
node	6028428712	68.4062889	17.4155368	Kiwi Ankenes	Kiwi		supermarket	Mo-Sa 07:00-23:00					+47 76940280
node	6028428714	66.7433350	13.5517180	Spar Halsa	Spar		supermarket	"Mo-Fr 08:00-20:00, Sa 09:00-18:00"					+47 75750629
node	6028428720	66.9086009	13.6382442	Joker Reipå	Joker		supermarket	Mo-Sa 09:00-22:00				https://joker.no/finn-butikk/joker-reipa	+47 75750800
node	6028428721	66.3406960	14.1453910	Kiwi Ytteren	Kiwi		supermarket	Mo-Sa 07:00-23:00					+47 75168652
node	6028428722	68.4416820	17.4297130	Spar Finbekken	Spar		supermarket	"Mo-Fr 07:00-22:00, Sa 09:00-22:00"					+47 76945270
node	6028428726	68.4383150	17.4454630	Rema 1000 Skistua Narvik	Rema 1000		supermarket	"Mo-Sa 07:00-23:00, Su 10:00-21:00"					+47 76942002
node	6028551212	63.7645000	9.8108900	Extra Bjugn	Extra		supermarket	Mo-Sa 07:00-23:00				https://www.coop.no/butikker/extra/extra-bjugn-1767	+47 97 99 49 25
node	6028551215	63.7269030	9.6874630	Extra Opphaug	Extra		supermarket	"Mo-Fr 07:00-23:00, Sa 08:00-21:00"				https://www.coop.no/butikker/extra/extra-opphaug-1835	+47 97 57 56 20
node	6028551219	63.6732290	10.6257830	Extra Leksvik	Extra		supermarket	Mo-Sa 07:00-23:00				https://www.coop.no/butikker/extra/extra-leksvik-1621	+47 46 94 09 33
node	6028551221	63.3620200	10.3765340	Obs City Syd	Obs		supermarket	"Mo-Fr 09:00-21:00, Sa 09:00-20:00"				https://www.coop.no/butikker/obs/obs-city-syd-2343	+47 40 00 12 02
node	6028551222	64.7990647	11.8460750	Coop Marked Opløfjorden	Coop Marked		supermarket	"Mo-Fr 09:00-17:00, Sa 09:00-13:00"				https://www.coop.no/butikker/coop-marked-matkroken/coop-marked-oplofjorden-1653	+47 74 39 86 90
node	6028551223	63.3540600	10.3741000	Extra Tiller	Extra		supermarket	Mo-Sa 07:00-23:00				https://www.coop.no/butikker/extra/extra-tiller-2520	+47 40 00 14 96
node	6028551224	64.8063930	11.4550080	Coop Marked Sjånes	Coop Marked		supermarket	"Mo-Fr 09:00-20:00, Sa 09:00-18:00"				https://www.coop.no/butikker/coop-marked-matkroken/coop-marked-sjanes-1612	+47 93 48 53 00
node	6028551227	64.6252510	12.2968190	Coop Prix Høylandet	Coop Prix		supermarket	"Mo-Fr 08:00-20:00, Sa 09:00-18:00"				https://www.coop.no/butikker/coop-prix/coop-prix-hoylandet-1604	+47 48 02 44 90
node	6028551229	63.3459360	10.3354040	Coop Prix Kattem	Coop Prix		supermarket	Mo-Sa 07:00-23:00				https://www.coop.no/butikker/coop-prix/coop-prix-kattem-1819	+47 40 00 12 42
node	6028552683	63.3824290	10.3776650	Rema 1000 Kroppanmarka	Rema 1000		supermarket	Mo-Sa 07:00-23:00					+47 90598008
node	6028553042	64.2239850	13.8334060	Matkroken Mebygda	Matkroken		supermarket	"Mo-Th 09:00-17:00, Fr 09:00-19:00, Sa 09:00-15:00"				https://www.coop.no/butikker/coop-marked-matkroken/matkroken-mebygda-4442	+47 74 33 91 50
node	6028553044	63.2975000	9.8446600	Coop Mega Orkanger	Coop Mega		supermarket	"Mo-Fr 08:00-22:00, Sa 08:00-20:00"				https://www.coop.no/butikker/coop-mega/coop-mega-orkanger-1796	+47 97 99 51 50
node	6028553045	63.2685134	9.8177066	Extra Fannrem	Extra		supermarket	Mo-Sa 07:00-23:00				https://www.coop.no/butikker/extra/extra-fannrem-1772	+47 97 99 48 00
node	6028553048	63.2510450	10.0538570	Coop Prix Skaun	Coop Prix		supermarket	"Mo-Fr 08:00-22:00, Sa 08:00-21:00"				https://www.coop.no/butikker/coop-prix/coop-prix-skaun-2795	+47 48 03 24 44
node	6028553049	64.2233760	11.2225210	Coop Prix Namdalseid	Coop Prix		supermarket	"Mo-Fr 08:00-21:00, Sa 08:00-20:00"				https://www.coop.no/butikker/coop-prix/coop-prix-namdalseid-1634	+47 94 13 42 44
node	6028555277	64.9166750	10.9398780	Joker Austafjord	Joker		supermarket	Mo-Sa 00:00-24:00					+47 74393820
node	6028555279	63.4124590	10.5374360	Bunnpris Vikåsen	Bunnpris		supermarket	"Mo-Fr 08:00-22:00, Sa 09:00-21:00"					+47 73572700
node	6028555280	63.4167510	10.4607810	Bunnpris Angelltrøa	Bunnpris		supermarket	"Mo-Fr 08:00-22:00, Sa 09:00-21:00, Su 11:00-22:00"					+47 73918125
node	6028555282	63.4116370	10.4649360	Rema 1000 Dragvoll	Rema 1000		supermarket	Mo-Sa 07:00-23:00					+47 73916256
node	6028555283	63.3354780	10.3619630	Bunnpris Sandmoen	Bunnpris		supermarket	"Mo-Fr 08:00-21:00, Sa 11:00-20:00, Su 10:00-22:00"					+47 72886035
node	6028555284	63.8849340	9.8703030	Coop Prix Lysøysund	Coop Prix		supermarket	"Mo-Fr 09:00-20:00, Sa 09:00-18:00"				https://www.coop.no/butikker/coop-prix/coop-prix-lysoysund-1625	+47 97 57 56 71
node	6028555437	63.4270040	10.4941860	Bunnpris Charlottenlund	Bunnpris		supermarket	"Mo-Fr 08:00-22:00, Sa 09:00-21:00, Su 11:00-22:00"					+47 73914425
node	6028555439	63.3725290	10.3442180	Rema 1000 Flatåsen	Rema 1000		supermarket	Mo-Sa 07:00-23:00					+47 72590410
node	6028555442	63.7512190	11.3125330	Rema 1000 Røstad	Rema 1000		supermarket	Mo-Sa 07:00-23:00					+47 74082250
node	6028555443	63.4206500	10.7550080	Rema 1000 Sveberg	Rema 1000		supermarket	"Mo-Fr 07:00-22:00, Sa 08:00-21:00"				https://www.rema.no/butikker/rema-1000-malvik-senter/1553244	+47 73975480
node	6028555444	63.4076540	10.3586050	Bunnpris Havstad	Bunnpris		supermarket	"Mo-Fr 08:00-22:00, Sa 09:00-21:00"					+47 72558810
node	6028555445	64.0084460	11.5038340	Kiwi Sannan	Kiwi		supermarket	Mo-Sa 07:00-23:00				https://kiwi.no/finn-butikk/kiwi-sannan	+47 74163001
node	6028555858	64.0191560	11.4923200	Rema 1000 Nordsia	Rema 1000		supermarket	Mo-Sa 07:00-23:00					+47 74145220
node	6028555859	63.4312945	10.4962134	Kiwi Charlottenlund	Kiwi		supermarket	Mo-Sa 07:00-23:00					+47 73901825
node	6028555862	63.4204960	10.4945450	Rema 1000 Charlottenlund	Rema 1000		supermarket	Mo-Sa 07:00-23:00					+47 73911970
node	6028555869	63.3665180	10.3451410	Rema 1000 Saupstad	Rema 1000		supermarket	Mo-Sa 07:00-23:00					+47 72591760
node	6028555870	63.8710280	11.2967150	Extra Inderøy	Extra		supermarket	Mo-Sa 07:00-23:00					
node	6028555871	63.8679970	8.6641800	Coop Marked Mausundvær	Coop Marked		supermarket	"Mo-We 09:00-18:00, Th-Fr 09:00-19:00, Sa 10:00-17:00"				https://www.coop.no/butikker/coop-marked-matkroken/coop-marked-mausundvaer-1630	+47 48 27 22 11
node	6028555872	63.1264630	9.7051250	Extra Løkken	Extra		supermarket	Mo-Sa 07:00-23:00				https://www.coop.no/butikker/extra/extra-lokken-1774	+47 97 99 48 05
node	6028555873	63.8456900	8.4589470	Coop Marked Sula	Coop Marked		supermarket	"Mo-Th 10:00-16:00, Fr 10:00-18:00, Sa 10:00-15:00"				https://www.coop.no/butikker/coop-marked-matkroken/coop-marked-sula-1795	+47 97 99 49 10
node	6028555875	63.6105759	11.0503704	Extra Åsen	Extra		supermarket	Mo-Sa 07:00-23:00					
node	6028555877	63.5883490	10.7404580	Extra Frosta	Extra		supermarket	"Mo-Fr 07:00-22:00, Sa 08:00-21:00, Su 11:00-18:00"					
node	6028555883	62.8836730	10.4837620	Coop Prix Budal	Coop Prix		supermarket	"Mo-Fr 08:00-21:00, Sa 09:00-20:00, Su 14:00-18:00"				https://www.coop.no/butikker/coop-prix/coop-prix-budal-2761	+47 72 43 64 10
node	6028555885	63.2977390	9.8522760	Rema 1000 Orkanger	Rema 1000		supermarket	Mo-Sa 07:00-23:00					+47 72484010
node	6028555887	63.4367880	10.5877410	Bunnpris Hundhamaren	Bunnpris		supermarket	"Mo-Fr 08:00-22:00, Sa 09:00-22:00, Su 11:00-22:00"					+47 90361390
node	6028555986	63.8511540	9.7560630	Coop Marked Vallersund	Coop Marked		supermarket	"Mo-Fr 09:00-20:00, Sa 09:00-18:00"				https://www.coop.no/butikker/coop-marked-matkroken/coop-marked-vallersund-1735	+47 72 52 75 02
node	6028555987	63.7937760	11.4819860	Coop Mega Verdal	Coop Mega		supermarket	"Mo-Fr 08:00-22:00, Sa 09:00-20:00"				https://www.coop.no/butikker/coop-mega/coop-mega-verdal-1739	+47 95 44 58 30
node	6028555988	63.7896160	11.4792090	Extra Verdal	Extra		supermarket	Mo-Sa 07:00-23:00				https://www.coop.no/butikker/extra/extra-verdal-2528	+47 95 47 02 40
node	6028555989	63.7896000	11.4697000	Extra Ørmelen	Extra		supermarket	Mo-Sa 07:00-23:00				https://www.coop.no/butikker/extra/extra-ormelen-2840	+47 47 77 87 10
node	6028555990	63.7978200	8.6822710	Coop Prix Dyrøy	Coop Prix		supermarket	Mo-Su 00:01-24:00				https://www.coop.no/butikker/coop-prix/coop-prix-dyroy-2757	+47 97 99 53 37
node	6028555995	63.4689380	10.9242330	Coop Mega Torgkvartalet	Coop Mega		supermarket	Mo-Sa 08:00-20:00				https://www.coop.no/butikker/coop-mega/coop-mega-torgkvartalet-2579	+47 40 00 15 37
node	6028555996	63.4448000	10.9136000	Extra Hell	Extra		supermarket	Mo-Sa 07:00-23:00				https://www.coop.no/butikker/extra/extra-hell-2891	+47 90 26 76 40
node	6028555997	63.4431214	10.4474449	Obs City Lade	Obs		supermarket	"Mo-Fr 09:00-21:00, Sa 09:00-20:00"				https://www.coop.no/butikker/obs/obs-city-lade-2342	+47 40 00 12 01
node	6028555999	63.4111380	10.7949940	Extra Hommelvik	Extra		supermarket	Mo-Sa 07:00-23:00				https://www.coop.no/butikker/extra/extra-hommelvik-1812	+47 40 00 12 35
node	6028556000	63.4162410	10.3526540	Coop Prix Sverresborg	Coop Prix		supermarket	"Mo-Fr 07:00-22:00, Sa 09:00-21:00"				https://www.coop.no/butikker/coop-prix/coop-prix-sverresborg-1804	+47 40 00 12 28
node	6028556001	63.3995000	10.3720000	Coop Prix Rognheim	Coop Prix		supermarket	"Mo-Fr 07:00-23:00, Sa 08:00-23:00"				https://www.coop.no/butikker/coop-prix/coop-prix-rognheim-1803	+47 40 00 12 27
node	6028556004	64.1080640	11.3915750	Coop Prix Beitstad	Coop Prix		supermarket	"Mo-Fr 08:00-22:00, Sa 08:00-21:00"				https://www.coop.no/butikker/coop-prix/coop-prix-beitstad-1700	+47 90 88 06 78
node	6028556005	64.0859870	11.7103290	Coop Marked Stod	Coop Marked		supermarket	"Mo-Fr 09:00-20:00, Sa 09:00-18:00"				https://www.coop.no/butikker/coop-marked-matkroken/coop-marked-stod-1719	+47 94 15 24 70
node	6028556006	64.0215565	11.4892152	Extra Nordsileiret	Extra		supermarket	Mo-Sa 07:00-23:00				https://www.coop.no/butikker/extra/extra-nordsileiret-1697	+47 91 17 51 20
node	6028556008	64.0474640	10.0175950	Coop Marked Stokkøy	Coop Marked		supermarket	"Mo-Fr 09:00-20:00, Sa 09:00-18:00, Su 12:00-16:00"				https://www.coop.no/butikker/coop-marked-matkroken/coop-marked-stokkoy-1720	+47 97 99 49 30
node	6028556009	63.9584950	11.3340470	Coop Prix Sandvollan	Coop Prix		supermarket	"Mo-Fr 08:00-22:00, Sa 08:00-20:00"				https://www.coop.no/butikker/coop-prix/coop-prix-sandvollan-1702	+47 91 16 23 55
node	6028556010	63.9376810	11.4227470	Extra Mære	Extra		supermarket	Mo-Sa 07:00-23:00				https://www.coop.no/butikker/extra/extra-maere-1701	+47 94 17 41 90
node	6029407240	62.3093580	6.9435040	Rema 1000 Stranda	Rema 1000		supermarket	Mo-Sa 07:00-23:00					+47 70263008
node	6029407243	62.2161060	5.6495710	Joker Gursken	Joker		supermarket	"Mo-Fr 09:00-21:00, Sa 09:00-20:00"					+47 70025290
node	6029407244	63.0975620	7.8214020	Bunnpris Rensvik	Bunnpris		supermarket	"Mo-Fr 07:00-22:00, Sa 08:00-21:00, Su 10:00-21:00"					+47 71525460
node	6029407246	62.4709640	6.1670070	Kiwi Sundgata	Kiwi		supermarket	Mo-Sa 07:00-23:00					+47 70125617
node	6029407247	62.1010890	7.2052470	Joker Geiranger	Joker		supermarket	"Mo-Sa 09:00-22:00, Su 10:00-22:00"				https://joker.no/finn-butikk/joker-geiranger	+47 70263033
node	6029407255	62.9162660	7.4474780	Extra Eide	Extra		supermarket	Mo-Sa 07:00-23:00				https://www.coop.no/butikker/extra/extra-eide-1477	+47 97 99 50 60
node	6029407256	62.3913141	6.5816796	Kiwi Sykkylven	Kiwi		supermarket	Mo-Sa 07:00-23:00					+47 70252557
node	6029408146	62.4402390	6.2729250	Kiwi Fiskarstrand	Kiwi		supermarket	Mo-Sa 07:00-23:00					+47 70190468
node	6029408147	63.1148463	7.7324286	Spar Fosnagata	Spar		supermarket	"Mo-Fr 08:00-22:00, Sa 09:00-20:00"					+47 71676590
node	6029408148	62.4701910	6.1383780	Rema 1000 Strandgata	Rema 1000		supermarket	Mo-Sa 07:00-23:00					+47 70100290
node	6029408150	62.9104992	7.4333292	Kiwi Eide	Kiwi		supermarket	Mo-Sa 07:00-23:00					+47 71299810
node	6029408153	63.2198560	7.5927463	Grip kro			convenience						
node	6029408154	62.8184882	7.2385168	Kiwi Malmefjorden	Kiwi		supermarket	Mo-Sa 07:00-23:00					+47 71261112
node	6029408155	62.8353090	7.2347810	Bunnpris Sylteosen	Bunnpris		supermarket	"Mo-Fr 08:00-22:00, Sa 08:00-21:00"					+47 71265588
node	6029408220	62.5086854	6.1285006	Eurospar Valderøy	Spar		supermarket	"Mo-Fr 08:00-23:00, Sa 09:00-21:00"					+47 70182208
node	6029408221	62.4643920	6.3171680	Spar Åsetorget	Spar		supermarket	"Mo-Fr 07:00-23:00, Sa 08:00-21:00"					+47 70143009
node	6029408222	62.8896701	8.5290974				supermarket						
node	6029408223	63.1216040	7.7853690	Kiwi Dale	Kiwi		supermarket	Mo-Sa 07:00-23:00					+47 71584028
node	6029408224	62.1494006	6.0843630	Spar Volda	Spar		supermarket	"Mo-Fr 08:00-21:00, Sa 09:00-20:00"					+47 70076318
node	6029408228	62.4622320	6.3642150	Spar Spjelkavik	Spar		supermarket	"Mo-Fr 07:00-23:00, Sa 09:00-21:00"					+47 70172700
node	6029408343	62.1454620	6.0743140	Kiwi Skjellebreida Volda	Kiwi		supermarket	Mo-Sa 07:00-23:00					+47 70077733
node	6029408344	63.0689080	8.2276250	Bunnpris Halsa	Bunnpris		supermarket	Mo-Sa 09:00-20:00					+47 71559988
node	6029408346	62.6314000	7.4933480	Nærbutikken Rødven	Nærbutikken		supermarket	"Mo-Th 10:00-17:00, Fr 10:00-18:00, Sa 10:00-15:00"					+47 40841059
node	6029408347	62.5044850	6.3960430	Spar Ellingsøy	Spar		supermarket	"Mo-Fr 07:00-21:00, Sa 08:00-21:00"					+47 70156078
node	6029408348	62.7438100	7.1695340	Kiwi Langmyrveien	Kiwi		supermarket	Mo-Sa 07:00-23:00					+47 71215115
node	6029408349	62.1450700	6.0662530	Bunnpris Volda	Bunnpris		supermarket	"Mo-Sa 09:00-20:00, Su 10:00-22:00"					
node	6029408350	62.7360260	7.0950140	Bunnpris Kvam	Bunnpris		supermarket	"Mo-Fr 08:00-22:00, Sa 09:00-20:00"					+47 71254322
node	6029408351	62.3115806	6.9183612	Spar Svingen	Spar		supermarket	Mo-Sa 00:00-24:00					+47 90806555
node	6029408507	62.3376610	5.8518400	Rema 1000 Ulsteinvik	Rema 1000		supermarket	Mo-Sa 07:00-23:00					+47 70011490
node	6029408508	62.5338400	7.4433810	Coop Prix Måndalen	Coop Prix		supermarket	"Mo-Fr 08:00-22:00, Sa 08:00-21:00"				https://www.coop.no/butikker/coop-prix/coop-prix-mandalen-1501	+47 97 99 52 50
node	6029408509	62.5060000	6.6817500	Extra Skodje	Extra		supermarket	Mo-Sa 07:00-23:00				https://www.coop.no/butikker/extra/extra-skodje-1492	+47 97 99 52 85
node	6029408511	62.1199890	6.0267050	Coop Marked Folkestad	Coop Marked		supermarket	Mo-Sa 00:00-24:00				https://www.coop.no/butikker/coop-marked-matkroken/coop-marked-folkestad-1560	+47 97 99 13 63
node	6029408513	63.2676233	8.5299085	Extra Aure	Extra		supermarket	Mo-Sa 07:00-23:00				https://www.coop.no/butikker/extra/extra-aure-1791	+47 97 99 48 85
node	6029408514	63.1094882	7.7323035	Coop Mega Kristiansund	Coop Mega		supermarket	"Mo-Fr 08:00-22:00, Sa 08:00-20:00"				https://www.coop.no/butikker/coop-mega/coop-mega-kristiansund-2438	+47 97 99 49 75
node	6029408515	62.1432351	6.0702820	Coop Mega Volda	Coop Mega		supermarket	"Mo-Fr 08:00-22:00, Sa 08:00-20:00"				https://www.coop.no/butikker/coop-mega/coop-mega-volda-1558	+47 70 05 96 00
node	6029408536	62.3598900	6.2672580	Coop Marked Barstadvik	Coop Marked		supermarket	Mo-Sa 10:00-18:00				https://www.coop.no/butikker/coop-marked-matkroken/coop-marked-barstadvik-1528	+47 97 99 14 98
node	6029408538	62.9098650	8.2068500	Extra Tingvoll	Extra		supermarket	Mo-Sa 07:00-23:00				https://www.coop.no/butikker/extra/extra-tingvoll-1512	+47 97 99 48 65
node	6029408539	63.1190152	8.3096560	Coop Prix Vågland	Coop Prix		supermarket	"Mo-Fr 08:00-22:00, Sa 08:00-21:00"				https://www.coop.no/butikker/coop-prix/coop-prix-vagland-1788	+47 97 99 48 70
node	6029408540	63.0088373	7.5666427	Coop Prix Bådalen	Coop Prix		supermarket	"Mo-Fr 09:00-20:00, Sa 09:00-18:00"					
node	6029408541	62.6407310	6.2686970	Coop Prix Haramsøy	Coop Prix		supermarket	"Mo-Fr 08:00-22:00, Sa 08:00-21:00"					
node	6029408542	62.9738870	8.7278440	Extra Surnadal	Extra		supermarket	"Mo-Sa 07:00-23:00, Su 10:00-21:00"				https://www.coop.no/butikker/extra/extra-surnadal-1797	+47 97 99 51 65
node	6029408543	62.1974790	5.4184400	Coop Marked Kvamsøy	Coop Marked		supermarket	Mo-Sa 06:00-24:00				https://www.coop.no/butikker/coop-marked-matkroken/coop-marked-kvamsoy-1548	+47 97 99 53 87
node	6029408544	62.1445150	6.0827720	Extra Rotset Volda	Extra		supermarket	Mo-Sa 07:00-23:00				https://www.coop.no/butikker/extra/extra-rotset-volda-4710	+47 70 07 80 83
node	6029408546	62.8425952	7.0296901	Coop Prix Tornes	Coop Prix		supermarket	"Mo-Fr 08:00-21:00, Sa 08:00-20:00"				https://www.coop.no/butikker/coop-prix/coop-prix-tornes-2805	+47 97 99 50 80
node	6029408547	63.1102286	7.8016290	Extra Kristiansund	Extra		supermarket	Mo-Sa 07:00-23:00				https://www.coop.no/butikker/extra/extra-kristiansund-2500	+47 97 99 51 23
node	6029408548	62.6797667	8.1197219	Coop Marked Eresfjord	Coop Marked		supermarket	"Mo-Fr 09:00-20:00, Sa 09:00-18:00"				https://www.coop.no/butikker/coop-marked-matkroken/coop-marked-eresfjord-1473	+47 97 99 53 32
node	6029408549	62.6735290	8.5676040	Extra Sunndalsøra	Extra		supermarket	Mo-Sa 07:00-23:00				https://www.coop.no/butikker/extra/extra-sunndalsora-2545	+47 97 99 51 80
node	6029408610	62.7056090	6.3740100	Coop Marked Fjørtoft	Coop Marked		supermarket	Mo-Su 06:00-24:00				https://www.coop.no/butikker/coop-marked-matkroken/coop-marked-fjortoft-1541	+47 70 21 13 03
node	6029408613	62.8061960	6.8864800	Extra Gossen	Extra		supermarket	Mo-Sa 07:00-23:00				https://www.coop.no/butikker/extra/extra-gossen-1481	+47 97 99 53 45
node	6029408614	63.0379400	7.7855700	Coop Prix Frei	Coop Prix		supermarket	"Mo-Fr 08:00-22:00, Sa 08:00-21:00"				https://www.coop.no/butikker/coop-prix/coop-prix-frei-1538	+47 97 99 53 40
node	6029408615	63.4115792	8.7280192	Matkroken Kjørsvikbugen	Matkroken		supermarket	"Mo-Fr 10:00-18:00, Sa 10:00-15:00"				https://www.coop.no/butikker/coop-marked-matkroken/matkroken-kjorsvikbugen-4430	+47 71 64 58 10
node	6029408619	62.7375060	7.1828600	Coop Mega Molde	Coop Mega		supermarket	"Mo-Fr 08:00-22:00, Sa 08:00-20:00"				https://www.coop.no/butikker/coop-mega/coop-mega-molde-1516	+47 97 99 49 50
node	6029408620	62.5689054	7.6867568	Extra Åndalsnes	Extra		supermarket	"Mo-Sa 07:00-23:00, Su 12:00-20:00"				https://www.coop.no/butikker/extra/extra-andalsnes-2554	+47 97 99 52 55
node	6029408621	62.5484970	6.2785690	Coop Prix Søvik	Coop Prix		supermarket	"Mo-Fr 08:00-22:00, Sa 08:00-21:00"				https://www.coop.no/butikker/coop-prix/coop-prix-sovik-1518	+47 97 99 53 10
node	6029408622	63.0671250	7.9876690	Matkroken Kvisvik	Matkroken		supermarket	"Mo-Fr 09:00-20:00, Sa 09:00-18:00"				https://www.coop.no/butikker/coop-marked-matkroken/matkroken-kvisvik-4435	+47 40 31 73 89
node	6029408626	62.4827660	6.8122790	Coop Prix Sjøholt	Coop Prix		supermarket	"Mo-Fr 07:00-23:00, Sa 08:00-22:00"				https://www.coop.no/butikker/coop-prix/coop-prix-sjoholt-1491	+47 97 99 52 83
node	6029408627	62.2581320	5.5851410	Coop Marked Gjerdsvika	Coop Marked		supermarket	Mo-Sa 06:00-24:00				https://www.coop.no/butikker/coop-marked-matkroken/coop-marked-gjerdsvika-1546	+47 95 26 23 97
node	6029408628	62.5994390	6.4453320	Extra Brattvåg	Extra		supermarket	Mo-Sa 07:00-23:00				https://www.coop.no/butikker/extra/extra-brattvag-1495	+47 97 99 52 98
node	6029408767	62.3920851	6.5827645	Extra Sykkylven	Extra		supermarket	Mo-Sa 07:00-23:00				https://www.coop.no/butikker/extra/extra-sykkylven-2763	+47 97 99 49 40
node	6029408768	62.9738730	7.1627280	Coop Prix Farstad	Coop Prix		supermarket	"Mo-Fr 08:00-22:00, Sa 08:00-21:00"				https://www.coop.no/butikker/coop-prix/coop-prix-farstad-1474	+47 97 99 50 70
node	6029408772	62.6741660	6.6730290	Extra Midsund	Extra		supermarket	Mo-Sa 07:00-23:00					
node	6029408773	62.3261000	5.6370300	Extra Fosnavåg	Extra		supermarket	Mo-Sa 07:00-23:00				https://www.coop.no/butikker/extra/extra-fosnavag-1547	+47 97 99 12 40
node	6029408775	63.3469930	8.6909780	Coop Marked Vikhals	Coop Marked		supermarket	Mo-Sa 10:00-18:00				https://www.coop.no/butikker/coop-marked-matkroken/coop-marked-vikhals-1756	+47 71 64 56 45
node	6029787349	61.8068792	6.5189964	Joker Utvik	Joker		supermarket	Mo-Sa 09:00-18:00				https://joker.no/finn-butikk/joker-utvik	+47 57875305
node	6029787350	61.5985688	5.0476626	Rema 1000 Evja	Rema 1000		supermarket	Mo-Sa 07:00-23:00					+47 57740050
node	6029787351	61.5989800	5.0639620	Eurospar Krokane	Spar		supermarket	"Mo-Fr 06:00-23:00, Sa 08:00-23:00"					+47 57741512
node	6029787356	61.0742380	6.9395560	Coop Marked Fresvik	Coop Marked		supermarket	"Mo-Th 10:00-17:00, Fr 10:00-18:00, Sa 10:00-15:00"				https://www.coop.no/butikker/coop-marked-matkroken/coop-marked-fresvik-1434	+47 57 69 74 00
node	6029787357	61.3577550	5.3974860	Extra Dale	Extra		supermarket	Mo-Sa 07:00-23:00				https://www.coop.no/butikker/extra/extra-dale-2604	+47 97 99 15 15
node	6029787358	61.4029565	7.2967303	Coop Prix Gaupne	Coop Prix		supermarket	"Mo-Fr 08:00-22:00, Sa 08:00-20:00"				https://www.coop.no/butikker/coop-prix/coop-prix-gaupne-1425	+47 57 68 23 60
node	6029788156	62.1606110	5.1805610	Joker Stadlandet	Joker	Vestkapp handel	supermarket	Mo-Sa 09:00-18:00					+47 57859915
node	6029788157	61.4492500	5.8729300	Rema 1000 Førde	Rema 1000		supermarket	Mo-Sa 07:00-23:00					+47 57832257
node	6029788159	60.8792310	6.8434540	Joker Gudvangen	Joker		supermarket	"Mo-Fr 08:00-21:00, Sa 08:00-18:00, Su 10:00-21:00"					+47 57633931
node	6029788161	61.5082155	5.7176055	Extra Naustdal	Extra		supermarket	Mo-Sa 07:00-23:00				https://www.coop.no/butikker/extra/extra-naustdal-2568	+47 97 99 15 44
node	6029789984	61.6008140	5.0440810	Kiwi Florø	Kiwi		supermarket	Mo-Sa 07:00-23:00					+47 57740908
node	6029790885	61.1703610	5.2962790	Spar Hyllestad	Spar		supermarket	"Mo-Fr 09:00-20:00, Sa 09:00-18:00"					+47 57788559
node	6029790887	61.0772997	5.8326606	Joker Bjordal	Joker		supermarket	Mo-Sa 07:00-23:00				https://joker.no/finn-butikk/joker-bjordal	+47 57710188
node	6029790888	61.9185261	5.7614574	YX Stårheim			convenience	Mo-Fr 07:00-22:00; Sa 08:00-22:00; Su 10:00-22:00					
node	6029790890	61.3474997	5.0646409	Kiwi Dalsøren	Kiwi		supermarket	"Mo-Fr 07:00-22:00, Sa 08:00-21:00"					+47 57730350
node	6029790892	61.4855167	7.0271248	Nærbutikken Veitastrond	Nærbutikken		supermarket	"Mo-Fr 07:00-23:00, Sa 07:00-23:30, Su 07:00-23:00"					+47 97156437
node	6029790893	61.3043470	4.7395600	Joker Værlandet	Joker		supermarket	Mo-Sa 07:00-23:00					+47 57730120
node	6029791085	61.1488090	6.7512030	Nærbutikken Feios	Nærbutikken		supermarket	Mo-Su 07:00-23:00					+47 57697677
node	6029791086	61.4051950	6.7412250	Joker Fjærland	Joker		supermarket	Mo-Sa 06:30-23:00					+47 57692224
node	6029791090	61.1834730	6.8506386	Coop Prix Hermansverk	Coop Prix		supermarket	"Mo-Fr 08:00-22:00, Sa 08:00-20:00"				https://www.coop.no/butikker/coop-prix/coop-prix-hermansverk-1431	+47 57 65 31 21
node	6029791091	61.3468838	5.0612888	Coop Marked Askvoll	Coop Marked		supermarket	"Mo-Fr 09:00-18:00, Sa 10:00-16:00"				https://www.coop.no/butikker/coop-marked-matkroken/coop-marked-askvoll-1380	+47 57 73 00 74
node	6029791092	61.2100080	6.5355520	Coop Prix Balestrand	Coop Prix		supermarket	"Mo-Fr 08:00-22:00, Sa 08:00-21:00, Su 13:00-17:00"				https://www.coop.no/butikker/coop-prix/coop-prix-balestrand-1433	+47 97 99 14 74
node	6029791094	61.4528000	5.8578400	Extra Førde sentrum	Extra		supermarket	Mo-Sa 07:00-23:00				https://www.coop.no/butikker/extra/extra-forde-sentrum-2894	+47 94 82 62 88
node	6029791096	61.9026630	6.7149000	Extra Stryn	Extra		supermarket	"Mo-Sa 07:00-23:00, Su 09:00-21:00"				https://www.coop.no/butikker/extra/extra-stryn-2573	+47 97 99 14 39
node	6029791097	61.9090820	5.9838970	Extra Nordfjordeid	Extra		supermarket	Mo-Sa 07:00-23:00					
node	6029970288	60.4037030	5.0181690	Kiwi Ågotnes	Kiwi		supermarket	Mo-Sa 07:00-23:00				https://kiwi.no/Finn-butikk/KIWI-Agotnes/	+47 56324470
node	6029970290	60.5462289	5.2907360	Kiwi Kvassnesvegen Knarvik	Kiwi		supermarket	Mo-Sa 07:00-23:00					+47 56355000
node	6029970293	60.3281600	5.2931810	Spar Bønes	Spar		supermarket	"Mo-Fr 07:00-22:00, Sa 08:00-20:00"					+47 55118500
node	6029970296	60.6641280	5.7481970	Joker Stamnes	Joker		supermarket	Mo-Sa 06:00-24:00					+47 47687529
node	6029970297	60.0098340	5.8060920	Joker Ølve	Joker		supermarket	"Mo-Fr 09:00-20:00, Sa 09:00-18:00"					+47 53489194
node	6029983978	60.3862160	6.6454140	Nærbutikken Grimo	Nærbutikken		supermarket	"Mo-Fr 09:00-18:00, Sa 09:00-16:00, Su 11:00-16:00"					+47 97028100
node	6029983979	60.8969510	5.5194470	Joker Haugsvær	Joker		supermarket	"Mo-Fr 09:00-18:00, Sa 09:00-16:00"				https://joker.no/finn-butikk/joker-haugsvar	+47 56366350
node	6029983982	60.5615020	5.2505910	Kiwi Ikenberget	Kiwi		supermarket	Mo-Sa 07:00-23:00					+47 56358610
node	6029983983	60.7922760	6.5093830	Joker Vossestrand	Joker		supermarket	"Mo-Fr 08:00-20:00, Sa 08:00-18:00"					+47 56522408
node	6029983984	60.5126877	4.9107434	Kiwi Øygarden	Kiwi		supermarket	Mo-Sa 07:00-23:00					+47 56387120
node	6029984905	60.6367519	6.4649775	Kiwi Palmafossen	Kiwi		supermarket	Mo-Sa 07:00-23:00					+47 56516665
node	6029984906	59.7734160	5.4953290	Rema 1000 Bjelland	Rema 1000		supermarket	"Mo-Fr 06:00-23:00, Sa 07:00-23:00"					+47 53414411
node	6029984907	59.7947220	5.1795760	Coop Prix Bremnes	Coop Prix		supermarket	"Mo-Fr 08:00-22:00, Sa 08:00-20:00"				https://www.coop.no/butikker/coop-prix/coop-prix-bremnes-1242	+47 90 69 70 75
node	6029984911	60.4438910	5.3256790	Joker Ervik	Joker		supermarket	"Mo-Fr 07:00-22:00, Sa 09:00-19:00, Su 09:00-23:00"					+47 55950830
node	6029984913	60.3013030	5.3035000	Bunnpris Steinsviken	Bunnpris		supermarket	"Mo-Fr 07:00-22:00, Sa 08:00-21:00"					+47 55119454
node	6029984914	60.6585060	6.4372960	Rema 1000 Skulestadmo	Rema 1000		supermarket	Mo-Sa 07:00-23:00					+47 56522840
node	6029984916	60.6601202	6.4350969	Kiwi Skulestadmo	Kiwi		supermarket	"Mo-Sa 07:00-23:00, Su 09:00-21:00"					+47 56518995
node	6029984921	59.9317120	5.8595430	Spar Uskedalen	Spar		supermarket	"Mo-Fr 06:00-22:00, Sa 08:00-20:00"					+47 53486137
node	6029984925	60.4743110	5.2657610	Rema 1000 Morvik	Rema 1000		supermarket	Mo-Sa 07:00-23:00					+47 55181407
node	6029984930	60.3754150	5.3489540	Kiwi Jonas Lies Vei	Kiwi		supermarket	"Mo-Fr 06:30-23:00, Sa 08:00-23:00"				https://kiwi.no/Stottemeny/Butikker-og-apningstider/Hordaland/BERGEN/Kiwi-803-Kronstad/	+47 55389950
node	6029984931	60.3759540	5.3345670	Kiwi Bøhmergaten	Kiwi		supermarket	Mo-Sa 07:00-23:00					+47 55200617
node	6029984934	60.6285284	6.4115417	Esso	Esso	Esso	convenience	Mo-Fr 06:00-23:00; Sa 08:00-23:00; Su 09:00-23:00					
node	6029984935	60.3720560	6.1410290	Spar Norheimsund	Spar		supermarket	"Mo-Fr 07:00-22:00, Sa 08:00-22:00"					+47 94488562
node	6029984937	60.2042950	5.4535530	Kiwi Gudridflaten	Kiwi		supermarket	Mo-Sa 07:00-23:00					+47 56309631
node	6029984938	59.7803800	5.4834330	Kiwi Studalen	Kiwi		supermarket	"Mo-Sa 07:00-23:00, Su 09:00-21:00"					+47 53411748
node	6029984951	60.2753560	6.2521550	Spar Jondal	Spar		supermarket	24/7					+47 53668564
node	6029984952	60.0865990	5.2434600	Extra Storebø	Extra		supermarket	Mo-Sa 07:00-23:00				https://www.coop.no/butikker/extra/extra-storebo-4944	+47 56 18 07 00
node	6029984953	59.8322810	6.8195820	Coop Prix Røldal	Coop Prix		supermarket	Mo-Su 06:00-24:00				https://www.coop.no/butikker/coop-prix/coop-prix-roldal-2741	+47 48 23 46 22
node	6029984955	60.6551280	6.4372290	Extra Skulestadmo	Extra		supermarket	Mo-Sa 07:00-23:00				https://www.coop.no/butikker/extra/extra-skulestadmo-1409	+47 56 52 14 70
node	6029984958	59.8636390	5.7550630	Extra Husnes	Extra		supermarket	Mo-Sa 07:00-23:00				https://www.coop.no/butikker/extra/extra-husnes-2537	+47 97 05 59 00
node	6029984961	60.3723491	6.1459580	Coop Prix Norheimsund	Coop Prix		supermarket	"Mo-Fr 08:00-22:00, Sa 08:00-21:00"				https://www.coop.no/butikker/coop-prix/coop-prix-norheimsund-1445	+47 56 55 37 60
node	6029984962	60.3611930	5.2336410	Obs Vestkanten	Obs		supermarket	"Mo-Fr 08:00-22:00, Sa 08:00-20:00"					
node	6029984964	59.7983830	5.2088180	Extra Bremnes	Extra		supermarket	Mo-Sa 07:00-23:00				https://www.coop.no/butikker/extra/extra-bremnes-4602	+47 53 42 08 38
node	6029984965	60.8143693	5.8027315	Coop Marked Modalen	Coop Marked		supermarket	Mo-Sa 06:00-24:00				https://www.coop.no/butikker/coop-marked-matkroken/coop-marked-modalen-1396	+47 56 59 98 30
node	6029984966	59.7785100	5.4993100	Extra Leirvik	Extra		supermarket	"Mo-Fr 08:00-22:00, Sa 08:00-20:00"				https://www.coop.no/butikker/extra/extra-leirvik-2637	+47 41 86 12 00
node	6029984967	60.7820204	4.7131991	Matkroken Fedje	Matkroken		supermarket	"Mo-Sa 09:00-21:00, Su 10:00-18:00"					
node	6029984969	59.6631090	5.9423670	Extra Etne	Extra		supermarket	"Mo-Fr 07:00-23:00, Sa 08:00-21:00"				https://www.coop.no/butikker/extra/extra-etne-1243	+47 47 60 55 67
node	6029984970	60.1000400	5.2253100	Extra Austevoll	Extra		supermarket	"Mo-Sa 07:00-23:00, Su 11:00-20:00"				https://www.coop.no/butikker/extra/extra-austevoll-2570	+47 56 18 55 00
node	6029984971	60.3063000	5.3227650	Coop Mega Nordås	Coop Mega		supermarket	"Mo-Fr 07:00-21:00, Sa 08:00-20:00"				https://www.coop.no/butikker/coop-mega/coop-mega-nordas-4322	+47 55 11 74 74
node	6029984973	60.5684000	6.9155310	Coop Prix Ulvik	Coop Prix		supermarket	"Mo-Fr 07:00-21:00, Sa 08:00-20:00"				https://www.coop.no/butikker/coop-prix/coop-prix-ulvik-1405	+47 56 52 61 01
node	6029984974	60.2607860	6.0116080	Coop Prix Strandebarm	Coop Prix		supermarket	"Mo-Fr 07:00-22:00, Sa 08:00-21:00"				https://www.coop.no/butikker/coop-prix/coop-prix-strandebarm-2739	+47 56 55 94 10
node	6029984976	60.3344520	5.3104040	Extra Bønes	Extra		supermarket	Mo-Sa 07:00-23:00				https://www.coop.no/butikker/extra/extra-bones-2162	+47 55 98 23 10
node	6029984977	60.0665154	6.5477369	Extra Odda	Extra		supermarket	"Mo-Sa 07:00-23:00, Su 12:00-19:00"				https://www.coop.no/butikker/extra/extra-odda-2793	+47 46 84 50 96
node	6029985588	60.3269740	5.0204690	Kiwi Møvik	Kiwi		supermarket	Mo-Sa 07:00-23:00					+47 56325696
node	6029985590	60.6842260	5.2296210	Joker Hundvin	Joker		supermarket	"Mo-Th 08:00-18:00, Fr 08:00-19:00, Sa 09:00-16:00"					+47 56363636
node	6029985595	60.3309750	5.0774000	Rema 1000 Fjell	Rema 1000		supermarket	"Mo-Fr 06:30-23:00, Sa 07:00-23:00"					+47 56330643
node	6029985602	60.1925080	5.1059416	Spar Steinsland	Spar		supermarket	"Mo-Fr 08:00-21:00, Sa 09:00-20:00"				https://spar.no/Finn-butikk/HORDALAND/SPAR-STEINSLAND/	+47 56338190
node	6029985603	60.2655610	5.3520740	Bunnpris Fana	Bunnpris		supermarket	"Mo-Fr 09:00-22:00, Sa 09:00-20:00, Su 10:00-22:00"					+47 55915761
node	6029985604	60.3447110	5.3639390	Kiwi Birkelundstoppen	Kiwi		supermarket	Mo-Sa 07:00-23:00				https://kiwi.no/	+47 55924180
node	6029985605	59.7741500	5.4854930	Rema 1000 Vabakkjen	Rema 1000		supermarket	"Mo-Fr 06:00-23:00, Sa 07:00-23:00"					+47 53413100
node	6029985606	60.7971279	5.0119972	Spar Mongstad	Spar		supermarket	"Mo-Fr 06:00-22:00, Sa 08:00-21:00"					+47 56169900
node	6030390342	58.9965570	5.6286240	Kiwi Randaberg	Kiwi		supermarket	Mo-Sa 07:00-23:00					+47 51417878
node	6030390343	58.9623505	5.7075852			Nærmat	convenience						
node	6030390344	58.8549510	5.7692509	Spar Hana	Spar		supermarket	"Mo-Fr 06:00-22:00, Sa 08:00-20:00"					+47 51620211
node	6030390345	58.8296750	5.7271360	Kiwi Lundehaugen	Kiwi		supermarket	Mo-Sa 07:00-23:00					+47 51663600
node	6030390346	58.8776270	5.6701930	Bunnpris Skadberg	Bunnpris		supermarket	"Mo-Fr 06:00-22:00, Sa 08:00-21:00"					+47 51690770
node	6030390347	58.9938936	5.7279110				convenience						
node	6030390348	58.9718031	5.7348311	Thormodsen AS.			convenience						
node	6030390351	59.1384920	5.9044420	Joker Fogn	Joker		supermarket	Mo-Su 07:00-23:00					+47 51710922
node	6030391809	59.4834460	6.2570470	Bunnpris Sand	Bunnpris		supermarket	"Mo-Fr 07:00-22:00, Sa 08:00-20:00"					+47 93431344
node	6030391812	59.3869027	5.3157100	Kiwi Norheim	Kiwi		supermarket	Mo-Sa 07:00-23:00					+47 52853900
node	6030391814	59.5010090	5.5776730	Kiwi Isvik	Kiwi		supermarket	Mo-Sa 07:00-23:00					+47 52762008
node	6030391816	58.9674170	5.7405800	Joker Jelsagaten	Joker	Håkon dagligvare AS	supermarket	"Mo-Fr 07:00-22:00, Sa-Su 08:00-21:00"					+47 51522391
node	6030391817	58.2938410	6.4396890	Joker Åna-Sira	Joker		supermarket	24/7					+47 38372166
node	6030391818	58.9392990	5.6871840	Kiwi Gosen	Kiwi		supermarket	Mo-Sa 07:00-23:00					+47 51555618
node	6030391819	59.3953580	5.3068180	Rema 1000 Spannavegen	Rema 1000		supermarket	Mo-Sa 07:00-23:00					+47 52704970
node	6030391820	59.3983935	5.2861136	Kiwi Salhusvegen	Kiwi		supermarket	Mo-Sa 07:00-23:00					+47 52715712
node	6030391822	58.8458717	5.7159430	Helgø Meny Sandved	Meny		supermarket	"Mo-Fr 07:00-22:00, Sa 08:00-21:00"					+47 51684950
node	6030391823	59.3549070	5.3243390	Kiwi Vormedal	Kiwi		supermarket	Mo-Sa 07:00-23:00					+47 52820810
node	6030391826	58.9564450	5.6359700	Rema 1000 Sunde	Rema 1000		supermarket	Mo-Sa 07:00-23:00					+47 51590849
node	6030391827	58.9830500	5.6866660	Kiwi Middelthon	Kiwi		supermarket	Mo-Sa 07:00-23:00					+47 51726915
node	6030391828	58.9829790	5.6856450	Rema 1000 Tasta	Rema 1000		supermarket	Mo-Sa 07:00-23:00					+47 51546780
node	6030391833	59.0651670	5.9205870	Kiwi Tau	Kiwi		supermarket	Mo-Sa 07:00-23:00					+47 51746826
node	6030391846	58.5250380	6.4969060	Coop Prix Hovsherad	Coop Prix		supermarket	Mo-Sa 06:00-24:00				https://www.coop.no/butikker/coop-prix/coop-prix-hovsherad-1261	+47 94 14 11 76
node	6030391848	59.5296000	5.6870000	Extra Knapphus	Extra		supermarket	Mo-Sa 07:00-23:00				https://www.coop.no/butikker/extra/extra-knapphus-1244	+47 46 88 16 23
node	6030391849	58.9642820	5.7533650	Coop Prix Storhaug	Coop Prix		supermarket	"Mo-Fr 07:00-23:00, Sa 08:00-21:00"				https://www.coop.no/butikker/coop-prix/coop-prix-storhaug-1300	+47 51 56 30 29
node	6030391851	59.5417840	5.8683380	Coop Prix Sandeid	Coop Prix		supermarket	"Mo-Fr 08:00-21:00, Sa 08:00-20:00"				https://www.coop.no/butikker/coop-prix/coop-prix-sandeid-1276	+47 52 76 12 84
node	6030391852	59.0917980	5.7779730	Coop Marked Østhusvik	Coop Marked		supermarket	Mo-Su 06:00-24:00				https://www.coop.no/butikker/coop-marked-matkroken/coop-marked-osthusvik-1314	+47 51 72 47 10
node	6030391853	59.2612730	5.1937370	Extra Åkrehamn	Extra		supermarket	Mo-Sa 07:00-23:00				https://www.coop.no/butikker/extra/extra-akrehamn-1246	+47 90 10 25 86
node	6030391854	59.2562510	5.1932090	Extra Divigården Åkra	Extra		supermarket	Mo-Sa 07:00-23:00				https://www.coop.no/butikker/extra/extra-divigarden-akra-4267	+47 52 81 65 70
node	6030391856	59.2930000	5.2261900	Coop Prix Vedavågen	Coop Prix		supermarket	"Mo-Fr 08:00-22:00, Sa 08:00-21:00"				https://www.coop.no/butikker/coop-prix/coop-prix-vedavagen-2128	+47 46 89 85 94
node	6030391857	59.4337080	5.2636310	Extra Kvala	Extra		supermarket	Mo-Sa 07:00-23:00				https://www.coop.no/butikker/extra/extra-kvala-4598	+47 52 73 66 88
node	6030391859	58.8419664	5.5961498	Extra Tjelta	Extra		supermarket	"Mo-Fr 06:00-23:00, Sa 07:00-23:00"					
node	6030391909	58.9410340	5.6499720	Joker Madlatuå	Joker		supermarket	"Mo-Fr 07:00-21:00, Sa 09:00-20:00"				https://joker.no/finn-butikk/joker-madlatua	+47 98444685
node	6030391910	58.8659650	5.7602270	Rema 1000 Aspervik	Rema 1000		supermarket	Mo-Sa 07:00-23:00					+47 51666360
node	6030391912	58.9505500	5.7128370	Joker Brustadbua	Joker		supermarket	"Mo-Fr 07:00-21:00, Sa-Su 09:00-21:00"					+47 51870824
node	6030391917	59.0014420	5.7244190	Kiwi Øysenteret	Kiwi		supermarket	Mo-Sa 07:00-23:00					+47 51592000
node	6030391918	59.4103267	5.3190288	Kiwi Skåredalen	Kiwi		supermarket	Mo-Sa 07:00-23:00					+47 52866644
node	6030391921	58.8076810	6.2457840	Joker Gilje	Joker		supermarket	"Mo-Th 08:00-19:00, Fr 08:00-20:00, Sa 09:00-18:00"					+47 51616341
node	6030391922	59.3489500	5.8011170	Joker Hinderåvåg	Joker		supermarket	"Mo-Fr 08:00-18:00, Sa 09:00-16:00"					+47 52778190
node	6030391923	58.9125490	5.8526665	Kiwi Hommersåk	Kiwi		supermarket	Mo-Sa 07:00-23:00					+47 51688000
node	6030391925	58.9495290	5.6971090	Bunnpris Tjensvoll	Bunnpris		supermarket	"Mo-Fr 07:00-23:00, Sa 08:00-21:00"					+47 51557099
node	6030391926	58.9655910	5.6118380	Rema 1000 Kvernevik	Rema 1000		supermarket	Mo-Sa 07:00-23:00					+47 51590293
node	6030391927	59.4084630	5.3294450	Spar Skåredalen	Spar		supermarket	"Mo-Fr 07:00-22:00, Sa 09:00-20:00"					+47 52714440
node	6030391939	58.8828764	5.6516826	Kiwi Sola	Kiwi		supermarket	Mo-Sa 07:00-23:00					+47 51715690
node	6030391940	58.9455780	5.7198910	Kiwi Auglendsveien	Kiwi		supermarket	Mo-Sa 07:00-23:00					+47 51586959
node	6030391941	59.3550190	5.2776120	Kiwi Avaldsnes	Kiwi		supermarket	Mo-Sa 07:00-23:00					+47 52816000
node	6030391944	58.9715370	5.6030520	Extra Kvernevik	Extra		supermarket	Mo-Sa 07:00-23:00				https://www.coop.no/butikker/extra/extra-kvernevik-1271	+47 46 85 48 07
node	6030391945	58.9989920	5.6186140	Coop Mega Randaberg	Coop Mega		supermarket	"Mo-Fr 08:00-22:00, Sa 08:00-20:00"				https://www.coop.no/butikker/coop-mega/coop-mega-randaberg-1257	+47 91 52 04 21
node	6030391946	58.4611880	6.5447440	Extra Moi	Extra		supermarket	Mo-Sa 07:00-23:00				https://www.coop.no/butikker/extra/extra-moi-1260	+47 91 58 08 64
node	6030391948	59.3249660	6.4307360	Coop Marked Vadla	Coop Marked		supermarket	"Mo-Th 09:00-17:00, Fr 09:00-20:00, Sa 09:00-18:00"				https://www.coop.no/butikker/coop-marked-matkroken/coop-marked-vadla-1318	+47 51 75 01 43
node	6030391949	58.7743300	5.6743570	Extra Klepp stasjon	Extra		supermarket	"Mo-Fr 07:00-22:00, Sa 08:00-20:00"				https://www.coop.no/butikker/extra/extra-klepp-st-1266	+47 48 18 12 05
node	6030391951	58.7306860	5.7296990	Extra Lye	Extra		supermarket	"Mo-Fr 07:00-23:00, Sa 08:00-21:00"				https://www.coop.no/butikker/extra/extra-lye-1256	+47 46 91 53 46
node	6030391953	58.9297820	5.8477220	Extra Hommersåk	Extra		supermarket	Mo-Sa 07:00-23:00				https://www.coop.no/butikker/extra/extra-hommersak-1252	+47 90 26 86 62
node	6030391954	58.9245010	5.8519670	Extra Riska	Extra		supermarket	Mo-Sa 07:00-23:00				https://www.coop.no/butikker/extra/extra-riska-4286	+47 51 67 63 10
node	6030391956	59.4767618	6.0315222	Matkroken Imsland	Matkroken		supermarket	"Mo-We 09:00-19:00, Th-Sa 09:00-20:00, Su 11:00-18:00"				https://www.coop.no/butikker/coop-marked-matkroken/matkroken-imsland-4205	+47 99 64 72 26
node	6030391960	58.8950342	6.0177875	Coop Prix Høle	Coop Prix		supermarket	"Mo-Fr 08:00-21:00, Sa 08:00-20:00"				https://www.coop.no/butikker/coop-prix/coop-prix-hole-2825	+47 46 86 14 00
node	6030391961	59.2802710	5.3034060	Extra Kopervik	Extra		supermarket	Mo-Sa 07:00-23:00				https://www.coop.no/butikker/extra/extra-kopervik-1237	+47 91 14 22 89
node	6030391962	58.5356280	6.1537340	Coop Prix Helleland	Coop Prix		supermarket	"Mo-Fr 08:00-22:00, Sa 08:00-21:00"				https://www.coop.no/butikker/coop-prix/coop-prix-helleland-2770	+47 46 89 48 16
node	6030392065	59.4252885	5.2707419	Kiwi Gard	Kiwi		supermarket	Mo-Sa 07:00-23:00					+47 52726272
node	6030392066	58.9645370	5.7028380	Helgø Meny Stokka	Meny		supermarket	"Mo-Fr 07:00-22:00, Sa 08:00-21:00, Su 09:00-21:00"					+47 51538650
node	6030392070	58.9364420	5.7235730	Kiwi Åsen	Kiwi		supermarket	Mo-Sa 07:00-23:00					+47 51582240
node	6030392077	58.9985390	5.6169150	Bunnpris Randaberg	Bunnpris		supermarket	"Mo-Fr 07:00-22:00, Sa 08:00-20:00"					+47 51419600
node	6030392078	58.9470970	5.7420190	Rema 1000 Hillevåg	Rema 1000		supermarket	Mo-Sa 07:00-23:00					+47 51884680
node	6030392082	59.6065660	5.8127780	Extra Ølen	Extra		supermarket	Mo-Sa 07:00-23:00				https://www.coop.no/butikker/extra/extra-olen-1321	+47 46 90 29 48
node	6030392083	58.7793000	5.7220120	Extra Kvernaland	Extra		supermarket	Mo-Sa 07:00-23:00				https://www.coop.no/butikker/extra/extra-kvernaland-1254	+47 90 26 57 88
node	6030392086	58.8688750	5.7182310	Extra Smeaheia	Extra		supermarket	Mo-Sa 07:00-23:00				https://www.coop.no/butikker/extra/extra-smeaheia-2608	+47 41 45 62 00
node	6030392090	58.9338530	5.7438690	Obs Mariero	Obs		supermarket	"Mo-Fr 09:00-22:00, Sa 09:00-20:00"				https://www.coop.no/butikker/obs/obs-mariero-2249	+47 51 82 50 50
node	6030392091	58.8447590	5.7582260	Extra Austrått	Extra		supermarket	Mo-Sa 07:00-23:00				https://www.coop.no/butikker/extra/extra-austratt-4689	+47 51 62 35 07
node	6030392093	59.2323190	5.4392920	Coop Prix Bokn	Coop Prix		supermarket	"Mo-Fr 08:00-21:00, Sa 08:00-20:00"				https://www.coop.no/butikker/coop-prix/coop-prix-bokn-1226	+47 91 15 15 32
node	6030392095	59.4836340	6.2506100	Extra Suldal	Extra		supermarket	"Mo-Fr 07:00-23:00, Sa 08:00-21:00"				https://www.coop.no/butikker/extra/extra-suldal-1275	+47 46 88 49 82
node	6030392096	59.6490450	6.3570650	Extra Sauda	Extra		supermarket	"Mo-Fr 08:00-22:00, Sa 08:00-21:00"				https://www.coop.no/butikker/extra/extra-sauda-1238	+47 91 62 35 89
node	6030392097	58.7185260	5.5680260	Extra Orre	Extra		supermarket	"Mo-Fr 07:00-22:00, Sa 08:00-21:00"				https://www.coop.no/butikker/extra/extra-orre-2534	+47 48 01 59 73
node	6030392098	58.6174820	5.6455170	Extra Varhaug	Extra		supermarket	"Mo-Fr 07:00-23:00, Sa 08:00-21:00"				https://www.coop.no/butikker/extra/extra-varhaug-1286	+47 90 81 89 74
node	6030392100	58.6662060	5.6387650	Extra Nærbø	Extra		supermarket	Mo-Sa 07:00-23:00					
node	6030392101	58.8058000	5.6051700	Coop Marked Voll	Coop Marked		supermarket	"Mo-Fr 08:00-20:00, Sa 09:00-18:00"				https://www.coop.no/butikker/coop-marked-matkroken/coop-marked-voll-1268	+47 48 01 59 66
node	6052478656	58.0981330	6.6905930	Rema 1000 Vanse	Rema 1000		supermarket	"Mo-Sa 07:00-23:00, Su 10:00-18:00"					+47 38397500
node	6052479514	58.2326650	8.1225470	Joker Tveit	Joker		supermarket	"Mo-Fr 08:00-21:00, Sa 09:00-21:00, Su 10:00-21:00"					+47 38063204
node	6052479515	58.1368900	7.0736240	Rema 1000 Lyngdal	Rema 1000		supermarket	"Mo-Sa 07:00-23:00, Su 10:00-18:00"					+47 38344463
node	6052479518	58.1660700	8.0357990	Meny Albert	Meny		supermarket	"Mo-Fr 07:00-23:00, Sa 08:00-20:00"					+47 38104400
node	6052479519	59.0122382	6.9371299	Joker Fjellbutikken	Joker		supermarket	"Mo-Fr 09:00-20:00, Sa 09:00-18:00, Su 10:00-18:00"					+47 38370010
node	6052479537	58.1336260	8.0738760	Kiwi Dvergsnes	Kiwi		supermarket	Mo-Sa 07:00-23:00					+47 38125060
node	6052479538	58.1773100	8.0408360	Extra Fagerholt	Extra		supermarket	"Mo-Sa 07:00-23:00, Su 09:00-22:00"					
node	6052479539	58.2594810	7.9593970	Coop Prix Moseidmoen	Coop Prix		supermarket	"Mo-Fr 08:00-21:00, Sa 08:00-20:00"				https://www.coop.no/butikker/coop-prix/coop-prix-moseidmoen-2796	+47 90 29 71 87
node	6052479540	58.3844346	6.8365630	Coop Marked Gyland	Coop Marked		supermarket	Mo-Su 06:00-23:00				https://www.coop.no/butikker/coop-marked-matkroken/coop-marked-gyland-1351	+47 91 32 04 24
node	6052479638	58.1096710	7.9677440	Joker Ytre Vågsbygd	Joker		supermarket	"Mo-Fr 08:00-21:00, Sa 09:00-20:00"					+47 38086869
node	6052479640	58.1212855	7.9372519	Spar Åsane	Spar		supermarket	"Mo-Fr 08:00-21:00, Sa 09:00-20:00"					+47 38013680
node	6052479642	58.0272980	7.4745320	Kiwi Mandal	Kiwi		supermarket	Mo-Sa 07:00-23:00					+47 38266640
node	6052479658	58.1555150	7.8364050	Coop Prix Greipstad	Coop Prix		supermarket	Mo-Sa 07:00-23:00				https://www.coop.no/butikker/coop-prix/coop-prix-greipstad-1341	+47 46 95 67 90
node	6052479659	58.1799000	8.1295300	Obs Sørlandssenteret	Obs		supermarket	"Mo-Fr 10:00-21:00, Sa 10:00-19:00"					
node	6052479660	58.3118416	6.6705663	Coop Prix Drangeid	Coop Prix		supermarket	"Mo-Fr 08:00-22:00, Sa 09:00-20:00"				https://www.coop.no/butikker/coop-prix/coop-prix-drangeid-4719	+47 38 32 25 44
node	6052479661	58.6169390	7.4201770	Coop Prix Åseral	Coop Prix		supermarket	Mo-Sa 08:00-21:00					
node	6052479662	58.2168420	8.1064800	Coop Prix Tveit	Coop Prix		supermarket	Mo-Sa 07:00-23:00				https://www.coop.no/butikker/coop-prix/coop-prix-tveit-1349	+47 48 09 12 70
node	6052479663	58.1258598	7.9635315	Extra Vågsbygd	Extra		supermarket	"Mo-Sa 07:00-23:00, Su 09:00-22:00"				https://www.coop.no/butikker/extra/extra-vagsbygd-1367	+47 94 81 89 74
node	6052479664	58.1291980	7.9618230	Coop Mega Vågsbygd	Coop Mega		supermarket	"Mo-Fr 08:00-22:00, Sa 08:00-20:00"				https://www.coop.no/butikker/coop-mega/coop-mega-vagsbygd-4309	+47 38 11 13 33
node	6052480017	58.0975240	6.6925810	Extra Lista	Extra		supermarket	Mo-Sa 07:00-23:00				https://www.coop.no/butikker/extra/extra-lista-1363	+47 90 15 49 67
node	6052480018	58.1513414	8.0248703	Extra Marvika torv	Extra		supermarket	"Mo-Sa 07:00-23:00, Su 10:00-21:00"				https://www.coop.no/butikker/extra/extra-marvika-torv-1366	+47 48 14 81 40
node	6052480019	58.0916390	6.8083240	Extra Farsund	Extra		supermarket	"Mo-Fr 07:00-22:00, Sa 08:00-21:00"				https://www.coop.no/butikker/extra/extra-farsund-1331	+47 91 64 25 63
node	6052507158	58.8210800	9.0784030	Rema 1000 Brokelandsheia	Rema 1000		supermarket	"Mo-Sa 07:00-22:00, Su 10:00-18:00"					+47 37158800
node	6052512754	58.4618706	8.7525477	Kiwi Myrene	Kiwi		supermarket	Mo-Sa 07:00-23:00					+47 37027351
node	6052512755	58.4628760	8.7515470	Rema 1000 Myrene	Rema 1000		supermarket	Mo-Sa 07:00-23:00					+47 37099580
node	6052512756	58.6277822	8.9170580	Kiwi Tvedestrand	Kiwi		supermarket	Mo-Sa 07:00-23:00					+47 37162272
node	6052512757	58.6327165	9.1282225	Snarkjøp Lyngør	Snarkjøp	Kjøpmann Pedersen AS	convenience						
node	6052512758	59.2125549	7.5335923	Joker Valle	Joker		supermarket	"Mo-Fr 08:30-21:00, Sa 08:30-20:00, Su 12:00-18:00"					+47 37937123
node	6052512962	58.3394340	8.5740930	Rema 1000 Grøm	Rema 1000		supermarket	Mo-Sa 07:00-23:00					+47 37045470
node	6052514085	58.2680271	8.5112503	Homborsund Landhandel	Snarkjøp		supermarket	"Mo-Sa 09:00-21:00, Su 14:00-20:00"					+47 37 04 62 81
node	6052514086	58.5979540	9.0606150	Nærbutikken Vestre Sandøy	Nærbutikken		supermarket	"Mo-Fr 10:00-20:00, Sa 10:00-18:00, Su 12:00-16:00"				https://www.madeonsandoya.no/sandya-mat	+47 91662667
node	6052514087	58.4729370	8.8144470	Meny Krøgenes	Meny		supermarket	Mo-Sa 07:00-22:00					+47 37062000
node	6052514088	58.8209520	9.0715100	Eurospar Brokelandsheia	Spar		supermarket	"Mo-Fr 06:30-22:00, Sa 06:30-20:00"					+47 37119600
node	6052514089	58.7105916	8.3449987	Snarkjøp Dølemo	Snarkjøp	Dølemo Handel AS	convenience						+47 950 80 188
node	6052514091	58.6266670	8.9289190	Extra Tvedestrand	Extra		supermarket	"Mo-Sa 07:00-23:00, Su 09:00-22:00"				https://www.coop.no/butikker/extra/extra-tvedestrand-2743	+47 91 17 85 19
node	6052514092	58.2620790	8.3959900	Extra Lillesand	Extra		supermarket	"Mo-Fr 07:00-23:00, Sa 08:00-23:00"				https://www.coop.no/butikker/extra/extra-lillesand-2524	+47 90 29 58 14
node	6052514093	59.2131610	7.5338850	Coop Prix Valle	Coop Prix		supermarket	"Mo-Fr 08:00-21:00, Sa 08:00-20:00, Su 12:00-18:00"				https://www.coop.no/butikker/coop-prix/coop-prix-valle-1328	+47 90 64 42 76
node	6052514094	58.5000530	8.8655620	Extra Eydehavn	Extra		supermarket	Mo-Sa 07:00-23:00				https://www.coop.no/butikker/extra/extra-eydehavn-1357	+47 90 23 79 56
node	6052514185	59.3524160	7.3470130	Coop Prix Bykle	Coop Prix		supermarket	"Mo-Fr 08:00-21:00, Sa 08:00-20:00"				https://www.coop.no/butikker/coop-prix/coop-prix-bykle-1324	+47 90 29 78 14
node	6052514186	58.1640230	8.2180520	Matkroken Indre Årsnes	Matkroken		supermarket	"Mo-Fr 08:00-21:00, Sa-Su 09:00-21:00"				https://www.coop.no/butikker/coop-marked-matkroken/matkroken-indre-arsnes-4424	+47 37 27 43 28
node	6052514187	58.4543272	8.7470141	Extra Maxis	Extra		supermarket	Mo-Sa 07:00-23:00				https://www.coop.no/butikker/extra/extra-maxis-4566	+47 37 02 44 04
node	6052514188	58.4584300	8.7551160	Extra Dampen	Extra		supermarket	Mo-Sa 07:00-23:00				https://www.coop.no/butikker/extra/extra-dampen-4738	+47 37 02 70 34
node	6052572649	59.2816580	9.2678960	Extra Ulefoss	Extra		supermarket	Mo-Sa 07:00-23:00				https://www.coop.no/butikker/extra/extra-ulefoss-4281	+47 35 94 41 90
node	6052572650	58.9686741	9.1589203	Coop Marked Neslandsvatn	Coop Marked		supermarket	"Mo-Fr 08:00-20:00, Sa 08:00-18:00"				https://www.coop.no/butikker/coop-marked-matkroken/coop-marked-neslandsvatn-1171	+47 35 99 41 93
node	6052572651	59.3876601	9.1740578	Coop Prix Gvarv	Coop Prix		supermarket	"Mo-Fr 07:00-22:00, Sa 08:00-21:00"				https://www.coop.no/butikker/coop-prix/coop-prix-gvarv-1192	+47 90 40 26 63
node	6052572652	59.2151220	9.5253190	Coop Prix Skotfoss	Coop Prix		supermarket	"Mo-Fr 07:00-22:00, Sa 08:00-22:00"				https://www.coop.no/butikker/coop-prix/coop-prix-skotfoss-1203	+47 35 50 94 80
node	6052572945	59.1380710	9.6618080	Kiwi Beha	Kiwi		supermarket	Mo-Sa 07:00-23:00					+47 35555244
node	6052572946	59.1940406	9.6211534	Kiwi Bølevegen	Kiwi		supermarket	Mo-Sa 07:00-23:00					+47 35593074
node	6052572947	59.0127130	9.7416970	Spar Skjærgården	Spar		supermarket	Mo-Sa 08:00-21:00				https://spar.no/Finn-butikk/SPAR-Skjargarden/	+47 46882800
node	6052572949	59.2103637	9.5779940			REMA 1000	convenience						
node	6052572960	59.1349280	9.6709350	Rema 1000 Vallermyrene	Rema 1000		supermarket	Mo-Sa 07:00-23:00					+47 35556707
node	6052572961	59.1211820	9.7096290	Meny Telemarksporten	Meny		supermarket	"Mo-Fr 08:00-21:00, Sa 08:00-20:00, Su 10:00-20:00"					+47 35573080
node	6052572966	59.1033830	9.5608660	Coop Prix Herre	Coop Prix		supermarket	Mo-Sa 07:00-22:00				https://www.coop.no/butikker/coop-prix/coop-prix-herre-1195	+47 35 96 86 90
node	6052572967	59.5638120	9.2757770	Extra Kongsbergveien	Extra		supermarket	Mo-Sa 07:00-23:00				https://www.coop.no/butikker/extra/extra-kongsbergveien-1175	+47 35 01 11 95
node	6052572968	59.1471730	9.6210090	Extra Klyve	Extra		supermarket	Mo-Sa 07:00-23:00				https://www.coop.no/butikker/extra/extra-klyve-1201	+47 35 91 35 10
node	6052572969	59.1396310	9.6551770	Extra Porsgrunn	Extra		supermarket	Mo-Sa 07:00-23:00				https://www.coop.no/butikker/extra/extra-porsgrunn-1198	+47 35 51 65 90
node	6052572970	59.4133946	9.0699462	Extra Bø	Extra		supermarket	Mo-Sa 07:00-23:00				https://www.coop.no/butikker/extra/extra-bo-4285	+47 35 95 23 84
node	6052572972	59.0447998	9.6949634	Extra Stathelle	Extra		supermarket	"Mo-Fr 08:00-21:00, Sa 08:00-19:00"				https://www.coop.no/butikker/extra/extra-stathelle-2506	+47 41 58 25 00
node	6052572973	59.5730217	8.1843584	Matkroken Trovatn	Matkroken		supermarket	"Mo-Th 09:00-17:00, Fr 09:00-20:00, Sa 09:00-18:00"				https://www.coop.no/butikker/coop-marked-matkroken/matkroken-trovatn-4491	+47 92 46 64 17
node	6052572974	59.6906230	9.0392485	Matkroken Gransherad	Matkroken		supermarket	Mo-Sa 09:00-19:00				https://www.coop.no/butikker/coop-marked-matkroken/matkroken-gransherad-4045	+47 35 01 90 11
node	6052573834	59.4136159	9.0682778	Kiwi Bø	Kiwi		supermarket	Mo-Sa 07:00-23:00				https://kiwi.no/finn-butikk/kiwi-564-bo	+47 35953115
node	6052573847	59.0458220	9.6908700	Rema 1000 Stathelle	Rema 1000		supermarket	Mo-Sa 06:00-24:00					+47 35963650
node	6052573996	58.8720005	9.3749217	Kiwi Kalstad	Kiwi		supermarket	"Mo-Sa 07:00-23:00, Su 09:00-21:00"					+47 35989180
node	6052573997	59.0369526	9.6742783	Spar Rugtvedt	Spar		supermarket	"Mo-Fr 07:00-23:00, Sa 08:00-20:00"					+47 35967540
node	6052574008	58.8716470	9.3737070	Rema 1000 Kragerø	Rema 1000		supermarket	"Mo-Sa 06:00-24:00, Su 09:00-21:00"					+47 35989060
node	6052574009	59.0443978	9.6930226	Kiwi Stathelle	Kiwi		supermarket	Mo-Sa 07:00-23:00					+47 35973000
node	6052574010	59.2188291	9.6047575	Kiwi Risingveien	Kiwi		supermarket	Mo-Sa 07:00-23:00					+47 35522100
node	6052574011	59.2783490	9.7260980	Rema 1000 Siljan	Rema 1000		supermarket	Mo-Sa 07:00-23:00				https://www.rema.no/	+47 35940000
node	6052574012	59.1499070	9.6309875	Meny GS	Meny		supermarket	"Mo-Fr 06:30-23:00, Sa 08:00-20:00"				https://meny.no/Finn-butikk/Meny-GS/	+47 35900800
node	6052574013	59.5680126	7.9907814	Extra Vinje	Extra		supermarket	Mo-Sa 07:00-22:00				https://www.coop.no/butikker/extra/extra-vinje-2576	+47 35 06 30 60
node	6052574014	59.3002013	9.1158276	Extra Telemarkskanalen	Extra		supermarket	"Mo-Fr 07:00-23:00, Sa 08:00-21:00"					
node	6052574015	58.9010122	9.3794468	Extra Helle	Extra		supermarket	"Mo-Sa 07:00-23:00, Su 10:00-18:00"					
node	6052574016	59.8517150	9.0309150	Matkroken Hovin	Matkroken		supermarket	"Mo-Th 09:00-17:00, Fr 09:00-19:00, Sa 09:00-17:00"				https://www.coop.no/butikker/coop-marked-matkroken/matkroken-hovin-4451	+47 35 09 92 30
node	6052574017	59.2121150	9.6042010	Extra Plesner	Extra		supermarket	"Mo-Sa 07:00-23:00, Su 14:00-20:00"				https://www.coop.no/butikker/extra/extra-plesner-2735	+47 35 54 42 30
node	6052734542	59.4015690	9.9573040	Rema 1000 Svarstad	Rema 1000		supermarket	"Mo-Fr 07:00-22:00, Sa 08:00-21:00"				https://www.rema.no/	+47 33181000
node	6052734543	59.0474610	9.9965820	Rema 1000 Veldrebakken	Rema 1000		supermarket	Mo-Sa 07:00-23:00					+47 33199070
node	6052734553	59.4010810	9.9623380	Spar Svarstad	Spar		supermarket	"Mo-Fr 07:00-21:00, Sa 08:00-20:00"				https://spar.no/Finn-butikk/SPAR-Svarstad/	+47 33128030
node	6052734580	59.0651000	10.0534000	Extra Hovland	Extra		supermarket	Mo-Sa 07:00-23:00				https://www.coop.no/butikker/extra/extra-hovland-1194	+47 33 13 58 90
node	6052734581	59.0647583	10.0522110	Coop Prix Frankendalsveien	Coop Prix		supermarket	"Mo-Fr 07:00-22:00, Sa 08:00-21:00, Su 10:00-20:00"				https://www.coop.no/butikker/coop-prix/coop-prix-frankendalsveien-4740	+47 33 11 14 15
node	6052734582	59.5713417	10.2555834	Extra Lersbryggen	Extra		supermarket	Mo-Sa 07:00-23:00				https://www.coop.no/butikker/extra/extra-lersbryggen-2746	+47 33 78 53 70
node	6052734583	59.0544700	10.0295300	Extra Larvik	Extra		supermarket	Mo-Sa 07:00-22:00				https://www.coop.no/butikker/extra/extra-larvik-2952	+47 99 49 45 00
node	6052734584	59.0172240	10.0192010	Extra Holmejordet	Extra		supermarket	Mo-Sa 07:00-23:00				https://www.coop.no/butikker/extra/extra-holmejordet-2513	+47 94 14 24 00
node	6052734877	59.0019645	10.0400019				supermarket						
node	6052734878	59.2827340	10.3319380	Extra Semsbyen	Extra		supermarket	Mo-Sa 07:00-23:00				https://www.coop.no/butikker/extra/extra-semsbyen-2598	+47 91 57 59 99
node	6052734880	59.4874562	10.3190493	Extra Holmestrand	Extra		supermarket	Mo-Sa 07:00-23:00				https://www.coop.no/butikker/extra/extra-holmestrand-2655	+47 33 06 40 60
node	6052734881	59.1799000	10.2084000	Obs Sandefjord	Obs		supermarket	Mo-Sa 08:00-22:00				https://www.coop.no/butikker/obs/obs-sandefjord-2228	+47 33 42 12 50
node	6052734882	59.1465910	10.2072410	Extra Mosserød	Extra		supermarket	Mo-Sa 07:00-23:00				https://www.coop.no/butikker/extra/extra-mosserod-4273	+47 33 47 57 00
node	6052734884	59.0535230	10.1223520	Extra Tjølling	Extra		supermarket	Mo-Sa 07:00-23:00				https://www.coop.no/butikker/extra/extra-tjolling-1206	+47 33 16 52 80
node	6052734906	59.2148407	10.1366606	Spar Kodal	Spar		supermarket	"Mo-Fr 07:00-22:00, Sa 09:00-20:00"					+47 33441275
node	6052734913	59.1366140	10.2141430	Rema 1000 Tempokrysset	Rema 1000		supermarket	Mo-Sa 06:00-24:00					+47 33475310
node	6052734928	59.1437660	10.1841370	Kiwi Laskentunet	Kiwi		supermarket	Mo-Sa 07:00-23:00					+47 33475045
node	6052793639	61.3152310	12.2553820	Kiwi Trysilfjellet	Kiwi		supermarket	"Mo-Fr 07:00-23:00, Sa 07:00-21:00, Su 10:00-21:00"					+47 62450444
node	6052793640	61.3143030	12.2557020	Rema 1000 Trysil	Rema 1000		supermarket	"Mo-Fr 07:00-23:00, Sa 07:00-21:00, Su 10:00-21:00"					+47 62457660
node	6052793641	61.4205680	12.1400334	Joker Jordet	Joker		supermarket	"Mo-Th 09:00-18:00, Fr 09:00-20:00, Sa 09:00-18:00"					+47 62457003
node	6052793642	60.2525975	12.0584150	Kiwi Roverud	Kiwi		supermarket	"Mo-Fr 07:00-23:00, Sa 07:00-21:00"					+47 62819045
node	6052793646	60.4561609	12.0589014	Extra Kirkenær	Extra		supermarket	Mo-Sa 07:00-23:00				https://www.coop.no/butikker/extra/extra-kirkenaer-4732	+47 62 94 71 62
node	6052793890	62.2787000	10.7727000	Extra Tynset	Extra		supermarket	Mo-Sa 07:00-23:00				https://www.coop.no/butikker/extra/extra-tynset-1642	+47 62 48 38 00
node	6052793894	60.3926508	11.5418425	Extra Sand	Extra		supermarket	Mo-Sa 07:00-23:00				https://www.coop.no/butikker/extra/extra-sand-1037	+47 62 97 88 70
node	6052793896	60.1928174	12.0011871	Rema 1000 Epa	Rema 1000		supermarket	Mo-Sa 07:00-23:00					+47 47751304
node	6052793897	60.8806265	10.9528473	Extra Brumunddal	Extra		supermarket	"Mo-Sa 07:00-23:00, Su 10:00-22:00"				https://www.coop.no/butikker/extra/extra-brumunddal-4953	+47 62 36 78 05
node	6052794731	60.8742840	11.5770700	Kiwi Fjeldset	Kiwi		supermarket	Mo-Sa 07:00-23:00					+47 62413122
node	6052794734	60.8613390	11.5678530	Kiwi Hanstad	Kiwi		supermarket	Mo-Sa 07:00-23:00					+47 62409830
node	6052794735	60.7870449	11.3206235	Joker Klevbakken	Joker		supermarket	"Mo-Fr 07:00-21:00, Sa 09:00-18:00"					+47 45806106
node	6052794737	60.4187090	12.4038650	Joker Grue Finnskog	Joker		supermarket	"Mo-Fr 09:00-17:00, Sa 09:00-16:00, Su 12:00-15:00"					+47 95524994
node	6052794738	60.7687011	11.1306454	Rema 1000 Ottestad	Rema 1000		supermarket	Mo-Sa 07:00-23:00					+47 62578000
node	6052794739	60.8915899	10.9445983	Spar Sveum	Spar		supermarket	"Mo-Fr 07:00-22:00, Sa 09:00-20:00"					+47 62359790
node	6052794743	60.7744950	11.2216070	Coop Prix Ilseng Innlandet	Coop Prix		supermarket	"Mo-Fr 08:00-22:00, Sa 08:00-21:00"				https://www.coop.no/butikker/coop-prix/coop-prix-ilseng-innlandet-2790	+47 62 58 33 45
node	6052794747	62.4142090	10.8696750	Coop Marked Vingelen	Coop Marked		supermarket	"Mo-Fr 09:00-19:00, Sa 09:00-18:00"				https://www.coop.no/butikker/coop-marked-matkroken/coop-marked-vingelen-1641	+47 62 49 45 93
node	6052794749	60.7834000	11.1098000	Extra Vikasenteret	Extra		supermarket	Mo-Sa 07:00-23:00				https://www.coop.no/butikker/extra/extra-vikasenteret-2451	+47 62 58 59 20
node	6052794861	60.8946490	11.5818700	Kiwi Ydalir	Kiwi		supermarket	Mo-Sa 07:00-23:00					+47 62416287
node	6052794863	61.5263140	12.0847142	Engerneset supermarked			supermarket						
node	6052841782	61.1434550	9.0693160	Coop Prix Heggenes	Coop Prix		supermarket	"Mo-Fr 08:00-22:00, Sa 09:00-21:00"				https://www.coop.no/butikker/coop-prix/coop-prix-heggenes-2103	+47 61 34 29 90
node	6052841783	60.8888352	9.6423897	Matkroken Etnedal	Matkroken		supermarket	"Mo-Th 09:00-19:00, Fr 09:00-21:00, Sa 09:00-18:00"				https://www.coop.no/butikker/coop-marked-matkroken/matkroken-etnedal-4402	+47 61 12 05 00
node	6052841784	60.8804000	10.3881000	Coop Prix Snertingdal	Coop Prix		supermarket	"Mo-Fr 08:00-21:00, Sa 08:00-20:00"				https://www.coop.no/butikker/coop-prix/coop-prix-snertingdal-2445	+47 61 17 86 55
node	6052844574	61.0989500	10.5068100	Rema 1000 Røyslimoen	Rema 1000		supermarket	Mo-Sa 07:00-23:00					+47 90774707
node	6052844575	60.2879331	10.6257450	Kiwi Roa	Kiwi		supermarket	Mo-Sa 07:00-23:00					+47 61320514
node	6052844576	60.2872715	10.6249097	Bunnpris Roa	Bunnpris		supermarket	"Mo-Fr 08:00-22:00, Sa-Su 09:00-21:00"					+47 61321140
node	6052844577	61.4544490	10.1917850	Kiwi Fåvang	Kiwi		supermarket	"Mo-Sa 07:00-23:00, Su 10:00-18:00"					+47 61283800
node	6052844580	61.1176852	10.4649845	7-Eleven Lilletorget	7-Eleven		convenience	"Mo-Fr 07:00-23:00, Sa 08:00-03:00, Su 08:00-23:00"					+47 61260650
node	6052844581	62.2591890	8.2076240	Bunnpris Bjorli	Bunnpris		supermarket	"Mo-We 09:00-18:00, Th-Fr 09:00-21:00, Sa 09:00-20:00, Su 12:00-18:00"					+47 61245537
node	6052844582	60.9867040	9.2370730	Eurospar Fagernes	Spar		supermarket	"Mo-Fr 08:00-21:00, Sa 08:00-18:00"				https://spar.no/Finn-butikk/eurospar-fagernes	+47 61358900
node	6052844584	61.7209190	8.3478460	Coop Prix Bøverdalen	Coop Prix		supermarket	Mo-Su 00:01-24:00				https://www.coop.no/butikker/coop-prix/coop-prix-boverdalen-2824	+47 99 21 16 55
node	6052844684	60.2510266	10.6741058	Rema 1000 Grua	Rema 1000		supermarket	Mo-Sa 07:00-23:00					+47 61325070
node	6052844685	60.4220990	10.5015300	Spar Brandbu	Spar		supermarket	"Mo-Fr 08:00-21:00, Sa 08:00-20:00"					+47 61336250
node	6052844687	60.6297770	10.5980500	Kiwi Eina	Kiwi		supermarket	Mo-Sa 07:00-21:00					+47 61195261
node	6052844688	61.6487870	10.0936510	Kiwi Venabygdsfjellet	Kiwi		supermarket	"Mo-Fr 09:00-21:00, Sa 09:00-20:00, Su 10:00-20:00"					+47 61284043
node	6052844690	60.7840980	10.6458190	Rema 1000 Hunndalen	Rema 1000		supermarket	Mo-Sa 07:00-23:00					+47 61173051
node	6052844694	61.7302659	9.0815510	Coop Marked Randsverk	Coop Marked		supermarket	Mo-Su 08:00-20:00				https://www.coop.no/butikker/coop-marked-matkroken/coop-marked-randsverk-2593	
node	6052844695	61.5556370	9.9397730	Coop Prix Sør-Fron	Coop Prix		supermarket	"Mo-Fr 07:00-22:00, Sa 09:00-21:00"				https://www.coop.no/butikker/coop-prix/coop-prix-sor-fron-2117	+47 61 29 72 00
node	6052844696	62.1933284	8.5361679	Nærbutikken Lesjaverk	Nærbutikken		supermarket	Mo-Su 06:00-24:00					+47 99029563
node	6052844698	60.3561250	10.5719160	Extra Gran	Extra		supermarket	Mo-Sa 07:00-23:00					
node	6052844699	60.8340676	10.0741760	Extra Dokka	Extra		supermarket	Mo-Sa 07:00-23:00				https://www.coop.no/butikker/extra/extra-dokka-2080	+47 61 11 31 20
node	6052844703	60.7873340	10.6648670	Extra Kallerud	Extra		supermarket	Mo-Sa 07:00-23:00				https://www.coop.no/butikker/extra/extra-kallerud-2512	+47 41 84 98 00
node	6052844787	60.7858100	10.6413700	Extra Hunndalen	Extra		supermarket	Mo-Sa 07:00-23:00				https://www.coop.no/butikker/extra/extra-hunndalen-4039	+47 61 17 90 23
node	6052844788	60.7287780	10.6140110	Extra Raufoss	Extra		supermarket	Mo-Sa 07:00-22:00				https://www.coop.no/butikker/extra/extra-raufoss-2740	+47 61 19 46 80
node	6052844789	60.7057425	10.7055577	Matkroken Sangnes	Matkroken		supermarket	"Mo-Fr 10:00-17:00, Sa 10:00-14:00"				https://www.coop.no/butikker/coop-marked-matkroken/matkroken-sangnes-4468	+47 90 58 46 97
node	6052844790	60.6535549	10.9343139	Extra Skreia	Extra		supermarket	"Mo-Fr 07:00-23:00, Sa 08:00-21:00"				https://www.coop.no/butikker/extra/extra-skreia-4943	+47 61 16 35 89
node	6052844792	60.6493950	10.7420390	Coop Prix Kolbu	Coop Prix		supermarket	Mo-Sa 08:00-21:00				https://www.coop.no/butikker/coop-prix/coop-prix-kolbu-2085	+47 61 16 00 49
node	6052844794	61.2018000	10.1445000	Coop Prix Vestre Gausdal	Coop Prix		supermarket	"Mo-Fr 07:00-22:00, Sa 08:00-20:00"				https://www.coop.no/butikker/coop-prix/coop-prix-vestre-gausdal-2476	+47 61 22 31 52
node	6052844885	61.8166770	9.2762770	Coop Prix Lalm	Coop Prix		supermarket	Mo-Sa 00:00-24:00				https://www.coop.no/butikker/coop-prix/coop-prix-lalm-2747	+47 99 21 16 96
node	6052844888	61.2467690	8.9100790	Extra Beitostølen	Extra		supermarket	"Mo-Sa 08:00-22:00, Su 09:00-20:00"				https://www.coop.no/butikker/extra/extra-beitostolen-4043	+47 40 02 79 71
node	6052844890	61.7714860	9.5403990	Extra Otta	Extra		supermarket	Mo-Sa 07:00-23:00				https://www.coop.no/butikker/extra/extra-otta-2854	+47 61 23 44 30
node	6052891471	59.6789330	9.6325380	Kiwi Kongsberg	Kiwi		supermarket	"Mo-Fr 07:00-23:00, Sa 07:00-21:00"					+47 32731367
node	6052891472	59.6473375	9.6379173	Meny Sandsværveien	Meny		supermarket	"Mo-Fr 08:00-21:00, Sa 08:00-19:00"					+47 32865900
node	6052891477	59.7473504	10.3959256	Kiwi Røykentorget	Kiwi		supermarket	Mo-Sa 07:00-23:00					+47 31283507
node	6052901219	59.7572577	10.0041553	Kiwi Krokstadelva	Kiwi		supermarket	Mo-Sa 07:00-23:00				https://kiwi.no/finn-butikk/kiwi-319-krokstadelva	+47 32873410
node	6052901220	59.8354615	9.5785328	Kiwi Lampeland	Kiwi		supermarket	"Mo-Fr 07:00-22:00, Sa 08:00-21:00, Su 09:00-21:00"				https://kiwi.no/finn-butikk/kiwi-337-lampeland	+47 32761107
node	6052901221	59.7487360	10.2900660	Kiwi Gullaug	Kiwi		supermarket	Mo-Sa 07:00-23:00					+47 32840538
node	6052901222	59.7608940	10.0324710	Kiwi Stenseth	Kiwi		supermarket	Mo-Sa 07:00-23:00					+47 32879010
node	6052901223	60.2658982	8.9469169	Kiwi Rødberg	Kiwi		supermarket	"Mo-Fr 07:00-23:00, Sa 07:00-21:00, Su 10:00-21:00"				https://kiwi.no/finn-butikk/kiwi-227-rodberg	+47 32741271
node	6052901224	59.7559118	10.0267290	Price Lagerbutikk			supermarket	Mo-Sa 07:00-21:00				https://lagerbutikk.no	+47 32 23 10 80
node	6052901228	59.7420300	10.1624150	Rema 1000 Gulskogen	Rema 1000		supermarket	Mo-Sa 07:00-23:00				https://butikk.rema.no/REMA+1000+Gulskogen/1497564	+47 47705683
node	6052901232	60.1351700	9.4375080	Coop Prix Nedre Eggedal	Coop Prix		supermarket	Mo-Su 06:00-24:00				https://www.coop.no/butikker/coop-prix/coop-prix-nedre-eggedal-1149	+47 32 71 24 62
node	6052901235	59.6527420	9.6596000	Extra Gamlegrendåsen	Extra		supermarket	Mo-Sa 07:00-23:00				https://www.coop.no/butikker/extra/extra-gamlegrendasen-4062	+47 32 72 03 23
node	6052901236	60.1245080	9.7847700	Coop Prix Krøderen	Coop Prix		supermarket	"Mo-Fr 07:00-23:00, Sa 07:00-21:00, Su 09:00-21:00"				https://www.coop.no/butikker/coop-prix/coop-prix-kroderen-1024	+47 40 43 64 70
node	6052901239	59.7690980	9.9095104	Extra Hokksund sentrum	Extra		supermarket	Mo-Sa 07:00-23:00				https://www.coop.no/butikker/extra/extra-hokksund-sentrum-4762	+47 32 70 01 90
node	6052901242	59.9649180	9.9932000	Extra Vikersund	Extra		supermarket	Mo-Sa 07:00-23:00				https://www.coop.no/butikker/extra/extra-vikersund-4341	+47 32 78 76 35
node	6052901243	60.0865530	10.0995860	Extra Tyristrand	Extra		supermarket	Mo-Sa 07:00-23:00				https://www.coop.no/butikker/extra/extra-tyristrand-1022	+47 32 14 21 19
node	6052901246	59.5433840	10.5626230	Extra Tofte	Extra		supermarket	"Mo-Fr 07:00-23:00, Sa 08:00-21:00"					
node	6052901249	60.1725850	10.3201100	Extra Klekken	Extra		supermarket	Mo-Sa 07:00-23:00				https://www.coop.no/butikker/extra/extra-klekken-4650	+47 32 13 25 90
node	6052901251	59.9393731	9.9689083	Coop Prix Geithus	Coop Prix		supermarket	"Mo-Fr 08:00-21:00, Sa 08:00-20:00"					
node	6052901664	60.8500100	8.6149190	Kiwi Hemsedal	Kiwi		supermarket	"Mo-Sa 07:00-23:00, Su 09:00-21:00"				https://kiwi.no/Finn-butikk/kiwi-226-hemsedal/	+47 32060160
node	6052901666	60.7014853	8.9418426	Kiwi Gol	Kiwi		supermarket	"Mo-Sa 07:00-23:00, Su 09:00-21:00"				https://kiwi.no/Finn-butikk/kiwi-009-gol/	+47 32075255
node	6052901667	59.7762457	10.4865682	Kiwi Rortunet	Kiwi		supermarket	Mo-Sa 07:00-23:00					+47 31285421
node	6052901669	59.7475970	10.0281540	Rema 1000 Orkidehøgda	Rema 1000		supermarket	Mo-Sa 07:00-23:00				https://www.rema.no/butikker/buskerud/nedre-eiker/rema-1000-orkidehogda/	+47 32270457
node	6052988453	59.6405820	11.3166100	Bunnpris Trøgstad	Bunnpris		supermarket	"Mo-Fr 08:00-22:00, Sa 09:00-20:00"					+47 69826716
node	6052988456	59.2608482	11.1003821	Kiwi Årum	Kiwi		supermarket	Mo-Sa 07:00-23:00				https://kiwi.no/Finn-butikk/kiwi-548-arum	+47 69344069
node	6052988462	59.1261430	11.3858810	Rema 1000 Busterudgate	Rema 1000		supermarket	Mo-Sa 07:00-23:00					+47 69188722
node	6052988465	59.2226368	10.9209406	Kiwi Onsøyveien	Kiwi		supermarket	Mo-Sa 07:00-23:00				https://kiwi.no/Finn-butikk/kiwi-508-onsoyveien	+47 69334000
node	6052988466	59.1186180	11.4092540	Rema 1000 Risum	Rema 1000		supermarket	Mo-Sa 07:00-23:00					+47 69188566
node	6052988467	59.1175699	11.4112307	Kiwi Risum	Kiwi		supermarket	Mo-Sa 07:00-23:00				https://kiwi.no/Finn-butikk/kiwi-964-risum	+47 69185793
node	6052988468	59.3795792	10.7549524	Kiwi Rygge	Kiwi		supermarket	Mo-Sa 07:00-23:00				https://kiwi.no/Finn-butikk/kiwi-495-rygge	+47 69266519
node	6052988472	59.2902948	11.1143487	Kiwi Kurland	Kiwi		supermarket	Mo-Sa 07:00-23:00				https://kiwi.no/Finn-butikk/kiwi-538-kurland	+47 69155325
node	6052988477	59.2271833	10.9961000	Extra Sellebakk	Extra		supermarket	Mo-Sa 07:00-23:00				https://www.coop.no/butikker/extra/extra-sellebakk-4661	+47 69 34 67 77
node	6052988481	59.4341350	10.6337990	Extra Jeløy	Extra		supermarket	Mo-Sa 07:00-23:00				https://www.coop.no/butikker/extra/extra-jeloy-4657	+47 69 27 57 88
node	6052988482	59.2055759	10.9384657	Extra Glommen brygge	Extra		supermarket	Mo-Sa 07:00-23:00					+47 69 34 02 09
node	6052990184	59.1995077	10.9089341	Kiwi Kråkerøyhallen	Kiwi		supermarket	Mo-Sa 07:00-23:00				https://kiwi.no/Finn-butikk/kiwi-595-krakeroyhallen	+47 69343144
node	6052991562	59.4143720	10.6853770	Rema 1000 Ryggeveien	Rema 1000		supermarket	Mo-Sa 07:00-23:00					+47 69264890
node	6052992363	59.6418360	11.3187580	Kiwi Trøgstad	Kiwi		supermarket	Mo-Sa 07:00-23:00					+47 69827080
node	6052992364	59.5861854	11.1788517	Rema 1000 Korsegården	Rema 1000		supermarket	Mo-Sa 07:00-23:00					+47 69886844
node	6052992366	59.4314323	10.6494043	Kiwi Sjøgata	Kiwi		supermarket	Mo-Sa 07:00-23:00				https://kiwi.no/Finn-butikk/kiwi-497-sjogata	+47 69273620
node	6052992368	59.1258235	11.4450505	Rema 1000 Tistedal	Rema 1000		supermarket	Mo-Sa 07:00-23:00					+47 69172320
node	6052992369	59.2133480	10.9590670	Joker Lislebyveien	Joker		supermarket	"Mo-Sa 08:00-22:00, Su 09:00-22:00"					+47 97250599
node	6052992372	59.2946384	11.0681141	Kiwi Grålum	Kiwi		supermarket	Mo-Sa 07:00-23:00				https://kiwi.no/Finn-butikk/kiwi-412-gralum	+47 69140765
node	6052992388	59.2653748	10.7898338	Kiwi Elingaardkilen	Kiwi		supermarket	"Mo-Sa 07:00-23:00, Su 10:00-18:00"				https://kiwi.no/Finn-butikk/kiwi-306-elingaardkilen	+47 69336682
node	6052992392	59.1321044	11.3558292	Spar Halden	Spar		supermarket	"Mo-Fr 08:00-21:00, Sa 09:00-20:00"					+47 69180400
node	6052992405	59.2300930	10.9117890	Meny Ørebekk	Meny		supermarket	"Mo-Fr 07:00-21:00, Sa 08:00-20:00"					+47 69355750
node	6052992409	59.6419780	11.3149630	Rema 1000 Trøgstad	Rema 1000		supermarket	Mo-Sa 07:00-23:00					+47 69828100
node	6052992411	59.1404784	11.3805124	Kiwi Brødløs	Kiwi		supermarket	Mo-Sa 07:00-23:00				https://kiwi.no/Finn-butikk/kiwi-383-brodlos	+47 69172037
node	6052992412	59.3564370	11.4219970	Coop Prix Degernes	Coop Prix		supermarket	"Mo-Fr 08:00-22:00, Sa 08:00-21:00"				https://www.coop.no/butikker/coop-prix/coop-prix-degernes-1065	+47 69 22 41 25
node	6052992415	59.2915910	11.1502110	Extra Hafslundsøy	Extra		supermarket	Mo-Sa 07:00-23:00				https://www.coop.no/butikker/extra/extra-hafslundsoy-1072	+47 69 13 10 80
node	6052992416	59.5534149	11.3328427	Extra Mysen	Extra		supermarket	Mo-Sa 07:00-23:00				https://www.coop.no/butikker/extra/extra-mysen-2453	+47 69 84 50 70
node	6052992417	59.4805690	11.6614400	Extra Ørje	Extra		supermarket	"Mo-Sa 07:00-23:00, Su 10:00-18:00"				https://www.coop.no/butikker/extra/extra-orje-2766	+47 69 81 20 50
node	6052992418	59.2899600	11.0966020	Extra Lande senter	Extra		supermarket	Mo-Sa 07:00-23:00				https://www.coop.no/butikker/extra/extra-lande-senter-4259	+47 69 97 03 22
node	6052992419	59.2744440	11.0886810	Extra Alvim	Extra		supermarket	Mo-Sa 07:00-23:00				https://www.coop.no/butikker/extra/extra-alvim-4935	+47 69 15 32 25
node	6052992420	59.2706159	11.0658526	Extra Yven	Extra		supermarket	Mo-Sa 07:00-23:00				https://www.coop.no/butikker/extra/extra-yven-4041	+47 69 12 98 83
node	6052992421	59.1404732	11.4028410	Extra Næridsrød	Extra		supermarket	Mo-Sa 07:00-23:00				https://www.coop.no/butikker/extra/extra-naeridsrod-1075	+47 69 18 41 83
node	6052992703	59.2431934	11.0170615	Extra Torp	Extra		supermarket	Mo-Sa 07:00-23:00				https://www.coop.no/butikker/extra/extra-torp-1066	+47 69 34 56 11
node	6052992704	59.5832665	11.1664545	Extra Askimtorget	Extra		supermarket	"Mo-Fr 07:00-22:00, Sa 08:00-20:00"				https://www.coop.no/butikker/extra/extra-askimtorget-4040	+47 69 88 96 10
node	6052992705	59.1849320	11.0488070	Coop Prix Torsnes	Coop Prix		supermarket	"Mo-Fr 08:00-21:00, Sa 09:00-20:00"				https://www.coop.no/butikker/coop-prix/coop-prix-torsnes-1061	+47 69 34 91 09
node	6053105671	59.9455680	11.0484250	Joker Rælingen	Joker		supermarket	"Mo-Fr 07:00-22:00, Sa-Su 09:00-22:00"					+47 63830339
node	6053105672	59.8693470	10.4874580	Kiwi Billingstad	Kiwi		supermarket	Mo-Sa 07:00-23:00					+47 66845194
node	6053105673	59.9333590	10.9501340	Joker Skårerveien	Joker		supermarket	"Mo-Fr 08:00-22:00, Sa-Su 09:00-22:00"					+47 94809988
node	6053105683	59.9102009	10.6016922	Kiwi Stabekk	Kiwi		supermarket	Mo-Sa 07:00-23:00					+47 67536105
node	6053105684	59.7472558	10.6973469	Spar-Esset			supermarket						
node	6053105843	59.9466780	11.0312160	Kiwi Slynga	Kiwi		supermarket	Mo-Sa 07:00-23:00					+47 63832300
node	6053105848	60.2194840	11.0168700	Kiwi Nannestad	Kiwi		supermarket	Mo-Sa 07:00-23:00					+47 63997250
node	6053105849	60.1861640	11.2628180	Kiwi Nordkisa	Kiwi		supermarket	Mo-Sa 07:00-23:00					+47 63975353
node	6053105854	60.0245479	11.0700667	Kiwi Fjellbo	Kiwi		supermarket	Mo-Sa 07:00-23:00					+47 63822484
node	6053105858	59.8194958	10.4630828				convenience						
node	6053105860	59.9845550	10.9282520	Rema 1000 Gjelleråsen	Rema 1000		supermarket	Mo-Sa 07:00-23:00					+47 67061382
node	6053105866	59.7827016	10.7377410	Svartskog Kolonial			convenience					https://svartskogkolonial.no	
node	6053105867	59.9022720	10.5169410	Bunnpris Gjettum	Bunnpris		supermarket	"Mo-Fr 07:00-22:00, Sa 09:00-21:00"					
node	6053105868	60.2200880	11.3919320	Joker Fenstad	Joker		supermarket	"Mo-Fr 07:00-20:00, Sa 09:00-19:00"					+47 63904141
node	6053105872	60.1260890	11.4690390	Rema 1000 Silovegen	Rema 1000		supermarket	Mo-Sa 07:00-23:00					+47 63902720
node	6053105873	59.8840264	10.4922451				convenience						
node	6053105874	60.1378203	11.0222466	Kiwi Holter	Kiwi		supermarket	Mo-Sa 07:00-23:00					+47 63994000
node	6053105875	60.2083470	11.3393770	Joker Brårud	Joker		supermarket	"Mo-Fr 07:00-20:00, Sa-Su 09:00-18:00"					+47 92651297
node	6053105880	59.8752750	10.4810720	Joker Billingstad	Joker		supermarket	"Mo-Sa 08:00-23:00, Su 09:00-23:00"					+47 94455898
node	6053105884	59.6725840	10.6524860	Rema 1000 Dyrløkkeveien	Rema 1000		supermarket	Mo-Sa 07:00-23:00					+47 64909430
node	6053106049	59.8333944	10.4426321	Kiwi Fusdal	Kiwi		supermarket	Mo-Sa 07:00-23:00					+47 66785234
node	6053106050	60.2538530	11.0251210	Kiwi Maura	Kiwi		supermarket	Mo-Sa 07:00-23:00					+47 63993465
node	6053106056	60.0042762	11.0337396	Kiwi Skedsmokorset	Kiwi		supermarket	Mo-Sa 07:00-23:00					+47 63873369
node	6053106062	59.7010910	10.6090700	Nærbutikken Hallangen	Nærbutikken		supermarket	"Fr 10:00-19:00, Sa 09:00-19:00, Su 10:00-18:00"					+47 97068040
node	6053106063	60.0458890	10.8807160	Rema 1000 Nittedal	Rema 1000		supermarket	Mo-Sa 07:00-23:00					+47 67050144
node	6053106088	59.8104010	10.4481480	Rema 1000 Gullhella	Rema 1000		supermarket	Mo-Sa 07:00-23:00				https://butikk.rema.no/REMA+1000+Gullhella/260549	+47 66781250
node	6053106098	59.6830178	10.8889183	Kråkstad Mat & Grill			convenience						
node	6053106122	60.2208120	11.0143140	Rema 1000 Nannestad	Rema 1000		supermarket	Mo-Sa 07:00-23:00				https://www.rema.no/butikker/akershus/nannestad/rema-1000-nannestad	+47 63999000
node	6053106123	59.9424520	10.5011910	Rema 1000 Bærums verk	Rema 1000		supermarket	Mo-Sa 07:00-23:00					+47 67800002
node	6053106124	60.0201564	11.2259415	Kiwi Lørenfallet	Kiwi		supermarket	Mo-Sa 07:00-23:00					+47 63825500
node	6053106125	59.8872604	10.5184590				supermarket						
node	6053106127	59.8079820	10.8164875	Extra Hellerasten	Extra		supermarket	Mo-Sa 07:00-23:00				https://www.coop.no/butikker/extra/extra-hellerasten-1003	+47 66 80 11 12
node	6053106129	60.2807689	11.1737524	Extra Råholt	Extra		supermarket	Mo-Sa 07:00-23:00				https://www.coop.no/butikker/extra/extra-raholt-1219	+47 63 95 95 00
node	6053106130	59.9277090	11.1633260	Extra Fetsund	Extra		supermarket	Mo-Sa 07:00-23:00				https://www.coop.no/butikker/extra/extra-fetsund-4071	+47 63 88 49 90
node	6053106131	59.9563590	11.0503850	Coop Prix Lillestrøm torv	Coop Prix		supermarket	"Mo-Fr 08:00-21:00, Sa 08:00-20:00"				https://www.coop.no/butikker/coop-prix/coop-prix-lillestrom-torv-4669	+47 63 80 14 05
node	6053106132	60.2490008	11.2076490	Coop Prix Dal	Coop Prix		supermarket	"Mo-Fr 07:00-22:00, Sa 08:00-21:00"				https://www.coop.no/butikker/coop-prix/coop-prix-dal-1224	+47 63 95 36 11
node	6053106133	59.9432080	10.6264120	Extra Eiksmarka	Extra		supermarket	Mo-Sa 07:00-23:00				https://www.coop.no/butikker/extra/extra-eiksmarka-1135	+47 67 15 88 16
node	6053106136	59.9458440	11.0289980	Extra Rælingen	Extra		supermarket	Mo-Sa 07:00-23:00				https://www.coop.no/butikker/extra/extra-raelingen-4257	+47 63 83 99 00
node	6053106137	59.6666430	10.8016250	Extra Ås	Extra		supermarket	"Mo-Fr 06:00-23:00, Sa 07:00-23:00"				https://www.coop.no/butikker/extra/extra-as-1008	+47 64 94 28 18
node	6053106139	59.9171560	10.5609270	Extra Haslum	Extra		supermarket	Mo-Sa 07:00-23:00				https://www.coop.no/butikker/extra/extra-haslum-1138	+47 67 53 55 54
node	6053106140	59.9296050	10.4665980	Extra Rykkinn	Extra		supermarket	Mo-Sa 07:00-23:00				https://www.coop.no/butikker/extra/extra-rykkinn-1141	+47 67 15 16 00
node	6053106141	60.0209570	11.2272360	Extra Lørenfallet	Extra		supermarket	Mo-Sa 07:00-23:00				https://www.coop.no/butikker/extra/extra-lorenfallet-2586	+47 63 82 91 25
node	6053106143	60.4818570	11.1585340	Coop Prix Feiring	Coop Prix		supermarket	Mo-Sa 00:00-24:00				https://www.coop.no/butikker/coop-prix/coop-prix-feiring-1223	+47 63 96 60 08
node	6053106185	59.9275940	10.9550370	Deli de Luca			convenience						
node	6053106186	59.6001000	10.7462420	Extra Vestby	Extra		supermarket	Mo-Sa 07:00-23:00				https://www.coop.no/butikker/extra/extra-vestby-1012	+47 64 98 50 30
node	6053106189	60.0468490	10.8814870	Coop Mega Nittedal	Coop Mega		supermarket	"Mo-Fr 08:00-22:00, Sa 09:00-20:00"				https://www.coop.no/butikker/coop-mega/coop-mega-nittedal-4368	+47 67 06 21 90
node	6053106190	59.8736000	10.5024000	Coop Mega Slependen	Coop Mega		supermarket	"Mo-Fr 08:00-22:00, Sa 08:00-20:00"				https://www.coop.no/butikker/coop-mega/coop-mega-slependen-2831	+47 66 77 66 76
node	6053106191	60.2540000	11.0271000	Extra Bjerke	Extra		supermarket	Mo-Sa 07:00-23:00				https://www.coop.no/butikker/extra/extra-bjerke-1218	+47 63 99 92 95
node	6053106192	60.1512680	11.4106500	Extra Vormsund	Extra		supermarket	"Mo-Sa 07:00-23:00, Su 10:00-20:00"				https://www.coop.no/butikker/extra/extra-vormsund-4621	+47 63 90 98 36
node	6053106194	59.8193555	10.4291785	Extra Borgen	Extra		supermarket	"Mo-Fr 07:00-23:00, Sa 08:00-21:00"				https://www.coop.no/butikker/extra/extra-borgen-4940	+47 66 78 43 21
node	6053106195	59.9374704	11.0215284	Extra Løvenstad	Extra		supermarket	Mo-Sa 07:00-23:00				https://www.coop.no/butikker/extra/extra-lovenstad-1058	+47 63 83 03 70
node	6053106196	59.9334000	11.0243000	Extra Kurlandsåsen	Extra		supermarket	Mo-Sa 07:00-23:00				https://www.coop.no/butikker/extra/extra-kurlandsasen-1015	+47 67 90 75 80
node	6053106197	59.7236030	10.8295490	Coop Prix Hageveien	Coop Prix		supermarket	"Mo-Fr 07:00-22:00, Sa 08:00-21:00"				https://www.coop.no/butikker/coop-prix/coop-prix-hageveien-4064	+47 64 87 07 00
node	6053106198	59.9587190	10.4839180	Extra Lommedalen	Extra		supermarket	Mo-Sa 07:00-23:00				https://www.coop.no/butikker/extra/extra-lommedalen-2165	+47 67 80 31 00
node	6053106200	59.7187870	11.4490830	Coop Prix Hemnes	Coop Prix		supermarket	"Mo-Fr 07:00-22:00, Sa 08:00-21:00"				https://www.coop.no/butikker/coop-prix/coop-prix-hemnes-1047	+47 63 85 82 88
node	6053222981	59.9579350	10.9280008				supermarket						
node	6053222984	59.9137680	10.8252610	Rema 1000 Bryn	Rema 1000		supermarket	Mo-Sa 07:00-23:00				http://rema1000.no/	+47 22650805
node	6053231481	59.9426450	10.7849660	Rema 1000 Skeidbanen	Rema 1000		supermarket	Mo-Sa 07:00-23:00					+47 22223001
node	6053231483	59.8796770	10.8521880	Rema 1000 Bøler	Rema 1000		supermarket	Mo-Sa 07:00-23:00					+47 22762000
node	6053231484	59.8789128	10.8074762	Rema 1000 Lambertseter	Rema 1000		supermarket	Mo-Sa 07:00-24:00					+47 22281291
node	6053234921	59.9033800	10.6864540	Matkroken Huk	Matkroken		supermarket	"Mo-Fr 08:00-22:00, Sa-Su 09:00-22:00"				https://www.coop.no/butikker/coop-marked-matkroken/matkroken-huk-4202	+47 48 14 54 16
node	6053234923	59.9499490	10.7501030	Coop Prix Tåsen	Coop Prix		supermarket	"Mo-Fr 07:00-23:00, Sa 08:00-21:00"				https://www.coop.no/butikker/coop-prix/coop-prix-tasen-4238	+47 22 23 77 00
node	6053234924	59.9599070	10.7832570	Coop Prix Marsveien	Coop Prix		supermarket	"Mo-Fr 07:00-23:00, Sa 08:00-23:00"				https://www.coop.no/butikker/coop-prix/coop-prix-marsveien-4683	+47 22 15 59 93
node	6053234925	59.8975381	10.8481490	Kiwi Oppsalstubben	Kiwi		supermarket	Mo-Sa 07:00-23:00					+47 22101515
node	6053234926	59.9197320	10.6501990	Coop Prix Bestum	Coop Prix		supermarket	"Mo-Fr 07:00-23:00, Sa 08:00-21:00"				https://www.coop.no/butikker/coop-prix/coop-prix-bestum-4534	+47 22 50 91 81
node	6053234927	59.9160315	10.7406809	Coop Prix Hambros plass	Coop Prix		supermarket	"Mo-Fr 06:00-22:00, Sa 09:00-21:00"				https://www.coop.no/butikker/coop-prix/coop-prix-hambros-plass-2633	+47 22 60 02 00
node	6053234929	59.9118272	10.7427129	Matkroken Steen & Strøm	Matkroken		supermarket	"Mo-Fr 10:00-19:00, Sa 10:00-18:00"				https://www.coop.no/butikker/coop-marked-matkroken/matkroken-steenstrom-4526	+47 22 42 37 42
node	6053234986	59.9011370	10.6762650	Spar Bygdøy	Spar		supermarket	"Mo-Fr 08:00-21:00, Sa 09:00-20:00"					+47 22437540
node	6053234987	59.8812540	10.7865036	Jacob’s Holtet	Jacob's		supermarket	"Mo-Fr 08:00-21:00, Sa 09:00-20:00"					+47 23180100
node	6053234991	59.9258797	10.6745475	Rema 1000 Hoffsveien	Rema 1000		supermarket	Mo-Sa 07:00-23:00					+47 22525045
node	6053234992	59.9530790	10.8571290	Kiwi Rødtvet	Kiwi		supermarket	"Mo-Fr 07:00-23:00, Sa 09:00-21:00"					+47 22253072
node	6053234994	59.8605020	10.8101510	Kiwi Nordstrand	Kiwi		supermarket	Mo-Sa 07:00-23:00					+47 22282363
node	6053234995	59.8324830	10.8383130	Rema 1000 Bjørndal	Rema 1000		supermarket	Mo-Sa 07:00-23:00					+47 22614270
node	6053234996	59.9287480	10.6868670	Nærbutikken Skøyen	Nærbutikken		supermarket	Mo-Su 09:00-20:00				https://narbutikken.no/finn-butikk/narbutikken-skoyen	+47 22525776
node	6053234997	59.9531330	10.7741790	Rema 1000 Lillo	Rema 1000		supermarket	Mo-Sa 07:00-23:00					+47 22220800
node	6053234998	59.9278965	10.7786371	Kiwi Hasleveien	Kiwi		supermarket	Mo-Sa 07:00-23:00					+47 22194900
node	6053234999	59.8705401	10.7954997	Spar Kastellet	Spar		supermarket	"Mo-Fr 08:00-23:00, Sa 08:00-21:00"					+47 22782880
node	6053235000	59.8712270	10.8454260	Nærbutikken Rustad	Nærbutikken		supermarket	"Mo-Sa 08:00-21:00, Su 09:00-21:00"					+47 22285845
node	6053235085	59.9440700	10.9177220	Joker Høybråten	Joker		supermarket	"Mo-Fr 08:00-21:00, Sa-Su 09:00-21:00"					+47 22101122
node	6053235086	59.9691580	10.9027680	Joker Svarttjern	Joker		supermarket	"Mo-Fr 08:00-21:00, Sa-Su 09:00-21:00"					+47 90820034
node	6053235088	59.9514510	10.6796840	Joker Holmenhavna	Joker		supermarket	"Mo-Sa 08:00-22:00, Su 10:00-22:00"					+47 47976297
node	6053235089	59.8968040	10.7914520	Spar Simensbråten	Spar		supermarket	"Mo-Fr 08:00-22:00, Sa 08:00-20:00"					+47 23060510
node	6053235091	59.9007780	10.8345630	Extra Skøyenåsen	Extra		supermarket	Mo-Sa 07:00-23:00				https://www.coop.no/butikker/extra/extra-skoyenasen-1107	+47 22 27 38 32
node	6053235092	59.9428620	10.8352690	Coop Mega Linderud	Coop Mega		supermarket	"Mo-Fr 07:00-22:00, Sa 07:00-20:00"				https://www.coop.no/butikker/coop-mega/coop-mega-linderud-4318	+47 23 37 80 60
node	6053235093	59.9213620	10.6356450	Coop Prix Lilleaker	Coop Prix		supermarket	"Mo-Fr 07:00-23:00, Sa 09:00-21:00"				https://www.coop.no/butikker/coop-prix/coop-prix-lilleaker-1101	+47 22 52 04 83
node	6053235095	59.9631610	10.7837560	Coop Prix Kjelsås	Coop Prix		supermarket	"Mo-Fr 07:00-23:00, Sa 08:00-22:00"				https://www.coop.no/butikker/coop-prix/coop-prix-kjelsas-1116	+47 22 22 06 94
node	6053235096	59.9269107	10.7197313	Extra Bogstadveien	Extra		supermarket	"Mo-Fr 07:00-24:00, Sa 07:00-23:00"				https://www.coop.no/butikker/extra/extra-bogstadveien-4388	+47 23 20 25 95
node	6053235098	59.8924320	10.8419510	Coop Prix Østmarkveien	Coop Prix		supermarket	"Mo-Fr 07:00-23:00, Sa 08:00-21:00"				https://www.coop.no/butikker/coop-prix/coop-prix-ostmarkveien-4712	+47 22 26 02 75
node	6053235099	59.9215815	10.7412632	Coop Prix Ullevålsveien	Coop Prix		supermarket	"Mo-Fr 07:00-23:00, Sa 09:00-23:00"				https://www.coop.no/butikker/coop-prix/coop-prix-ullevalsveien-4676	+47 22 36 36 00
node	6055578365	69.6874551	29.9986967	Kiwi Hesseng	Kiwi		supermarket	Mo-Sa 07:00-23:00					+47 78998101
node	6055578366	63.9603890	10.2261290	Kiwi Åfjord	Kiwi		supermarket	Mo-Sa 07:00-23:00					+47 72534151
node	6055578367	63.7293840	8.8275560	Kiwi Frøya	Kiwi		supermarket	Mo-Sa 07:00-23:00					+47 72449644
node	6055578368	69.7247617	30.0717125	Kiwi Kirkenes	Kiwi		supermarket	Mo-Sa 07:00-23:00					+47 78993023
node	6055578369	63.7649040	9.8075360	Kiwi Bjugn	Kiwi		supermarket	Mo-Sa 07:00-23:00					+47 72528105
node	6055578370	68.7832790	16.5664699	Kiwi Gangsås	Kiwi		supermarket	Mo-Sa 07:00-23:00					+47 77070096
node	6055578371	64.8610120	11.2355160	Kiwi Rørvik	Kiwi		supermarket	Mo-Sa 07:00-23:00					+47 74390499
node	6055578372	63.4184440	10.4642040	Kiwi Strinda	Kiwi		supermarket	Mo-Sa 07:00-23:00					+47 73918740
node	6055597801	69.6881140	29.9957660	Rema 1000 Hesseng	Rema 1000		supermarket	Mo-Sa 07:00-23:00					+47 78997055
node	6055599407	67.2953366	14.4076747	Kiwi Rønvika	Kiwi		supermarket	Mo-Sa 07:00-23:00					+47 75532075
node	6055599409	70.0799570	29.7184130	Kiwi Vadsø	Kiwi		supermarket	Mo-Sa 07:00-23:00					+47 78953955
node	6055599410	63.4242030	10.4429300	Kiwi Valentinlyst	Kiwi		supermarket	Mo-Sa 07:00-23:00					+47 73918800
node	6055599411	68.7628890	16.5595954	Kiwi Medkila	Kiwi		supermarket	Mo-Sa 07:00-23:00					+47 77065700
node	6055652683	62.5033919	6.6966718	Kiwi Skodje	Kiwi		supermarket	Mo-Sa 07:00-23:00					+47 70244600
node	6055652684	62.2025710	6.1441400	Kiwi Ørsta	Kiwi		supermarket	"Mo-Fr 07:00-23:00, Sa 09:00-23:00"					+47 70066253
node	6055653417	62.4665558	6.2458390	Kiwi Klokkersund	Kiwi		supermarket	"Mo-Sa 07:00-23:00, Su 09:00-23:00"					+47 70145459
node	6055653418	62.6235206	7.0904334	Kiwi Vestnes	Kiwi		supermarket	Mo-Sa 07:00-23:00					+47 71180991
node	6055653419	63.0522572	7.6319616	Kiwi Bruhagen	Kiwi		supermarket	Mo-Sa 07:00-23:00					+47 71513332
node	6055653420	62.2771320	5.8029880	Kiwi Myrvåg	Kiwi		supermarket	Mo-Sa 07:00-23:00				https://kiwi.no/Finn-butikk/Kiwi-Myrvag/	+47 70089745
node	6055653421	62.4407247	6.2001066	Kiwi Langevåg	Kiwi		supermarket	Mo-Sa 07:00-23:00					+47 70193341
node	6055653521	62.4699530	6.1402156	Kiwi Nedre Strandgate	Kiwi		supermarket	Mo-Sa 07:00-23:00					+47 70100400
node	6055653522	61.3639320	5.3999440	Kiwi Fjaler	Kiwi		supermarket	"Mo-Fr 07:00-23:00, Sa 08:00-21:00"					+47 57736633
node	6055653523	61.2355720	7.7020070	Kiwi Årdalstangen	Kiwi		supermarket	"Mo-Fr 07:00-23:00, Sa 09:00-21:00"					+47 57661215
node	6055653685	62.4605240	6.2685910	Kiwi Hatlane	Kiwi		supermarket	Mo-Sa 07:00-23:00					+47 70151300
node	6055653686	62.4668005	6.1144778	Kiwi Skarbøvik	Kiwi		supermarket	Mo-Sa 07:00-23:00					+47 70131011
node	6055653687	62.7367890	7.1812270	Kiwi Grandfjæra	Kiwi		supermarket	Mo-Sa 07:00-23:00					+47 71215547
node	6055653689	62.3258037	5.6380860	Kiwi Eggesbønes	Kiwi		supermarket	Mo-Sa 07:00-23:00					+47 70088897
node	6055653691	62.4912195	6.1914480	Kiwi Kverve	Kiwi		supermarket	Mo-Sa 07:00-23:00					+47 70156214
node	6055653692	63.1130020	7.7275510	Kiwi Kristiansund sentrum	Kiwi		supermarket	Mo-Sa 07:00-23:00					+47 71677135
node	6055752694	59.8599282	5.7545126	Kiwi Husnes	Kiwi		supermarket	Mo-Sa 07:00-23:00					+47 53480165
node	6055752695	59.7963480	5.1872530	Kiwi HSD	Kiwi		supermarket	Mo-Sa 07:00-23:00					+47 53425000
node	6055752696	60.2701360	5.0727380	Kiwi Sund senter	Kiwi		supermarket	Mo-Sa 07:00-23:00					+47 56337493
node	6055752697	60.4663200	5.3227187	Kiwi Thon senter Åsane	Kiwi		supermarket	"Mo-Fr 08:00-22:00, Sa 09:00-20:00"					+47 55196131
node	6055752698	59.7028258	5.3749347	Kiwi Mosterhamn	Kiwi		supermarket	Mo-Sa 07:00-23:00					+47 53427027
node	6055752699	60.3894589	5.2865289	Kiwi Laksevåg senter	Kiwi		supermarket	Mo-Sa 07:00-23:00					+47 55340177
node	6055752700	60.4014300	5.7307950	Kiwi Bjørkheim	Kiwi		supermarket	Mo-Sa 07:00-23:00					+47 56587616
node	6055752701	60.5096557	5.3478788	Kiwi Hylkje	Kiwi		supermarket	Mo-Sa 07:00-23:00					+47 55398800
node	6055752702	59.8151608	5.2683990	Kiwi Rubbestadneset	Kiwi		supermarket	"Mo-Fr 07:00-23:00, Sa 08:00-21:00"					+47 53427236
node	6055752703	60.4409608	5.1823147	Kiwi Storebotn	Kiwi		supermarket	Mo-Sa 07:00-23:00					+47 56148311
node	6055780407	59.1495480	5.2551060	Kiwi Skudesnes	Kiwi		supermarket	Mo-Sa 07:00-23:00					+47 52828115
node	6055780408	59.4077300	5.2947910	Kiwi Spannavegen	Kiwi		supermarket	Mo-Sa 07:00-23:00				https://www.facebook.com/KIWISpannavegen/	+47 52704690
node	6055780409	58.6682990	5.6439170	Kiwi Nærbø	Kiwi		supermarket	Mo-Sa 07:00-23:00					+47 51436756
node	6055780410	58.8530690	5.7399537	Kiwi Vågsgata	Kiwi		supermarket	Mo-Sa 07:00-23:00					+47 51662300
node	6055780411	59.1644108	5.8715043	Kiwi Finnøy	Kiwi		supermarket	"Mo-Fr 07:00-23:00, Sa 08:00-21:00"					+47 51712177
node	6055780412	58.7759290	5.6293930	Kiwi Klepp	Kiwi		supermarket	Mo-Sa 07:00-23:00					+47 51421544
node	6055780414	58.7792150	5.7212160	Kiwi Kvernaland	Kiwi		supermarket	Mo-Sa 07:00-23:00					+47 51485592
node	6055780415	58.7678290	5.8495720	Kiwi Kanalhuset	Kiwi		supermarket	Mo-Sa 07:00-23:00					+47 51610200
node	6055780416	59.2595082	5.1936184	Kiwi Åkra	Kiwi		supermarket	Mo-Sa 07:00-23:00					+47 52817271
node	6055780417	58.7814703	5.6184759	Kiwi Verdalen	Kiwi		supermarket	Mo-Sa 07:00-23:00					+47 51427194
node	6055780418	58.8720829	5.7397880	Kiwi Lura	Kiwi		supermarket	Mo-Sa 07:00-23:00					+47 51630981
node	6055801304	58.3319794	8.2318399	Kiwi Birkeland	Kiwi		supermarket	"Mo-Fr 07:00-23:00, Sa 08:00-23:00"					+47 37278605
node	6055801305	58.7603880	9.0758840	Kiwi Søndeled	Kiwi		supermarket	"Mo-Fr 08:00-22:00, Sa 08:00-21:00, Su 10:00-18:00"					+47 37156101
node	6055801306	58.7177000	9.2141790	Kiwi Risør	Kiwi		supermarket	"Mo-Sa 07:00-23:00, Su 10:00-20:00"					+47 37150327
node	6055801308	58.0975304	7.8164032	Kiwi Tangvall	Kiwi		supermarket	Mo-Sa 07:00-23:00					+47 38051950
node	6055801310	58.2701602	7.9728739	Kiwi Vennesla	Kiwi		supermarket	Mo-Sa 07:00-23:00					+47 38153501
node	6055801386	58.3468550	8.5971285	Kiwi Biesletta	Kiwi		supermarket	Mo-Sa 07:00-23:00					+47 37049196
node	6055801387	58.2616856	8.3948954	Kiwi Tingsaker	Kiwi		supermarket	"Mo-Fr 07:00-23:00, Sa 08:00-23:00"					+47 37270951
node	6055801388	58.4389814	8.7081473	Kiwi Bjorbekk	Kiwi		supermarket	Mo-Sa 07:00-23:00					+47 37094300
node	6055801389	58.4741110	8.7740650	Kiwi Nyli	Kiwi		supermarket	Mo-Sa 07:00-23:00					+47 37024801
node	6055801390	58.7492340	8.8644360	Kiwi Vegårshei	Kiwi		supermarket	"Mo-Fr 08:00-22:00, Sa 09:00-20:00"					+47 37169560
node	6055801391	58.4948110	8.8487030	Kiwi Saltrød	Kiwi		supermarket	Mo-Sa 07:00-23:00					+47 37088435
node	6055843200	59.4019517	8.4896397	Kiwi Kviteseid	Kiwi		supermarket	"Mo-Fr 07:00-21:00, Sa 08:00-20:00"					+47 35053278
node	6055843201	59.1931702	9.6104476	Kiwi Gimsøy	Kiwi		supermarket	Mo-Sa 07:00-23:00					+47 35526000
node	6055843203	59.1533605	9.6392738	Kiwi Tollnes	Kiwi		supermarket	Mo-Sa 07:00-23:00					+47 35540544
node	6055843205	59.1359392	9.6423820	Kiwi Skippergata	Kiwi		supermarket	Mo-Sa 07:00-23:00					+47 35571401
node	6055843206	59.2817581	9.2724262	Kiwi Ulefoss	Kiwi		supermarket	Mo-Sa 07:00-23:00					+47 35944400
node	6055843207	59.1103901	9.6671757	Kiwi Stridsklev	Kiwi		supermarket	Mo-Sa 07:00-23:00					+47 35514021
node	6055843208	59.1402560	9.6392390	Kiwi Porselensfabrikken	Kiwi		supermarket	Mo-Sa 07:00-23:00					+47 35555767
node	6055843209	59.1155619	9.6490761	Kiwi Herøya	Kiwi		supermarket	Mo-Sa 07:00-23:00					+47 35552566
node	6055843708	59.1746069	9.6275697	Kiwi Kjørbekkdalen	Kiwi		supermarket	Mo-Sa 07:00-23:00					+47 35598800
node	6055843709	59.2214133	10.2989708	Kiwi Stokke	Kiwi		supermarket	Mo-Sa 07:00-23:00					+47 33366190
node	6055843710	59.0473169	10.0466005	Kiwi Torstrand	Kiwi		supermarket	Mo-Sa 07:00-23:00					+47 33182650
node	6055843711	59.5651456	10.2684800	Kiwi Nordre Jarlsberg brygge	Kiwi		supermarket	Mo-Sa 07:00-23:00				https://kiwi.no/finn-butikk/kiwi-288-nordre-jarlsberg-brygge	+47 33776100
node	6055843712	59.5945160	10.2078130	Kiwi Sande	Kiwi		supermarket	Mo-Sa 07:00-23:00				https://kiwi.no/finn-butikk/kiwi-574-sande	+47 33777430
node	6055843713	59.3188398	10.3884945	Kiwi Barkåker	Kiwi		supermarket	Mo-Sa 07:00-23:00					+47 33333600
node	6055843714	59.2669890	10.4073020	Kiwi Foyn	Kiwi		supermarket	"Mo-Sa 07:00-24:00, Su 09:00-24:00"					+47 33334453
node	6055843715	59.0661350	10.0421200	Kiwi Nanset	Kiwi		supermarket	Mo-Sa 07:00-23:00					+47 33184195
node	6055843716	59.6176470	10.4094600	Kiwi Svelvik senter	Kiwi		supermarket	Mo-Sa 07:00-23:00				https://kiwi.no/finn-butikk/kiwi-578-svelvik-senter	+47 33773003
node	6055856845	59.2210743	10.9315515	Kiwi Frydenberg	Kiwi		supermarket	Mo-Sa 07:00-23:00				https://kiwi.no/Finn-butikk/kiwi-496-frydenberg	+47 69390185
node	6055856846	59.2339778	10.9052125	Kiwi Pancoveien	Kiwi		supermarket	Mo-Sa 07:00-23:00				https://kiwi.no/Finn-butikk/kiwi-324-pancoveien	+47 69351952
node	6055856847	59.6595630	11.0007992	Kiwi Tomter	Kiwi		supermarket	Mo-Sa 07:00-23:00					+47 69922700
node	6055856848	59.6206390	11.0276380	Kiwi Knapstad	Kiwi		supermarket	Mo-Sa 07:00-23:00					+47 69922601
node	6055856849	59.5527840	11.3354500	Kiwi Mysen	Kiwi		supermarket	Mo-Sa 07:00-23:00					+47 69893143
node	6055856850	59.5806800	11.1614970	Kiwi Vammaveien	Kiwi		supermarket	Mo-Sa 07:00-23:00					+47 69881600
node	6055856851	59.1198399	11.3897506	Kiwi Olav Vs gate	Kiwi		supermarket	Mo-Sa 07:00-23:00				https://kiwi.no/Finn-butikk/kiwi-597-olav-vs-gate	+47 69180455
node	6055856852	59.2048052	10.9745867	Kiwi Borgarveien	Kiwi		supermarket	Mo-Sa 07:00-23:00				https://kiwi.no/Finn-butikk/kiwi-535-borgarveien	+47 69321128
node	6055882859	59.9243959	10.7656121	Kiwi Rodeløkka	Kiwi		supermarket	Mo-Sa 07:00-23:00					+47 22377311
node	6055882860	59.9590014	10.8701566	Kiwi Ammerud	Kiwi		supermarket	"Mo-Fr 07:00-23:00, Sa 07:00-21:00"					+47 23336788
node	6055882861	59.9383765	10.8261044	Kiwi Brobekk	Kiwi		supermarket	Mo-Sa 07:00-23:00					+47 22631785
node	6055882863	59.9281825	10.7327287	Kiwi Bislett	Kiwi		supermarket	Mo-Sa 07:00-23:00					+47 22463430
node	6055882864	59.9116698	10.7525964	Kiwi Byporten	Kiwi		supermarket	"Mo-Fr 06:00-22:00, Sa 07:00-20:00"					+47 23362063
node	6055882865	59.8758879	10.8098173	Kiwi Cecilie Thoresens vei	Kiwi		supermarket	Mo-Sa 07:00-23:00					+47 22327190
node	6055882866	59.9278542	10.7893412	Kiwi Løren	Kiwi		supermarket	Mo-Sa 07:00-23:00					+47 22675300
node	6055882867	59.9503990	10.6926640	Kiwi Slemdal	Kiwi		supermarket	Mo-Sa 07:00-23:00				https://kiwi.no/Finn-butikk/Kiwi-Slemdal/	+47 22137700
node	6055885703	59.9120688	10.7865055	Kiwi Jordal	Kiwi		supermarket	Mo-Sa 07:00-23:00					+47 22199775
node	6055885704	59.9476721	10.8227774	Kiwi Tonsenhagen	Kiwi		supermarket	Mo-Sa 07:00-23:00					+47 22648805
node	6055885705	59.9226330	10.7158060	Kiwi Briskeby	Kiwi		supermarket	Mo-Sa 07:00-23:00					+47 22558001
node	6055885706	59.9219440	10.7928091	Kiwi Hovinveien	Kiwi		supermarket	Mo-Sa 07:00-23:00					+47 22714501
node	6055919709	60.6995523	10.3523825	Kiwi Hov	Kiwi		supermarket	Mo-Sa 07:00-23:00					+47 61123072
node	6055919710	60.3945719	10.5579213	Kiwi Jaren	Kiwi		supermarket	Mo-Sa 09:00-21:00					+47 61328877
node	6055919711	60.7303333	10.6167009	Kiwi Raufoss	Kiwi		supermarket	Mo-Sa 07:00-23:00					+47 61193633
node	6055919712	60.2028425	10.7151698	Kiwi Harestua	Kiwi		supermarket	Mo-Sa 07:00-23:00					+47 61323077
node	6055919713	60.7975150	10.6897220	Kiwi Gjøvik	Kiwi		supermarket	Mo-Sa 07:00-23:00					+47 61138920
node	6055919714	61.5778452	9.8589121	Kiwi Harpefoss	Kiwi		supermarket	"Mo-Fr 07:00-23:00, Sa 09:00-21:00"					+47 61296580
node	6055919715	61.8777777	9.0971227	Kiwi Vågå	Kiwi		supermarket	"Mo-Fr 07:00-23:00, Sa 07:00-21:00, Su 10:00-18:00"					+47 61237887
node	6055919716	60.6509860	10.9390889	Kiwi Skreia	Kiwi		supermarket	Mo-Sa 07:00-23:00					+47 61142500
node	6055919717	61.6652394	9.6992819	Kiwi Kvam	Kiwi		supermarket	"Mo-Fr 07:00-23:00, Sa 09:00-21:00, Su 11:00-21:00"					+47 61216850
node	6055919718	61.1242506	10.4687284	Kiwi Stampa	Kiwi		supermarket	Mo-Sa 07:00-23:00					+47 61252202
node	6055919902	60.1774150	10.2671870	Kiwi Hønengata	Kiwi		supermarket	Mo-Sa 07:00-23:00					+47 32126776
node	6055919903	59.8926605	9.9241016	Kiwi Åmot sentrum	Kiwi		supermarket	Mo-Sa 07:00-23:00					+47 32783805
node	6055919904	59.6258852	9.6252303	Kiwi Moane	Kiwi		supermarket	Mo-Sa 07:00-23:00					+47 32765477
node	6055919905	59.9003461	9.9062320	Kiwi Åmot	Kiwi		supermarket	Mo-Fr 07:00-23:00; Sa 08:00-21:00					+47 32784320
node	6055919907	59.7722260	9.9083670	Kiwi Hokksund	Kiwi		supermarket	Mo-Sa 07:00-23:00				https://kiwi.no/finn-butikk/kiwi-329-hokksund	+47 32751138
node	6055919908	59.5429150	10.5618750	Kiwi Tofte	Kiwi		supermarket	"Mo-Fr 07:00-23:00, Sa 08:00-21:00"					+47 32795222
node	6055919909	60.1523847	10.2531038	Kiwi Osloveien	Kiwi		supermarket	Mo-Sa 07:00-23:00					+47 32134032
node	6055919912	62.2774392	10.7738592	Kiwi Tynset	Kiwi		supermarket	Mo-Sa 07:00-23:00					+47 62480111
node	6055919913	60.9289617	10.7005492	Kiwi Moelv	Kiwi		supermarket	Mo-Sa 07:00-23:00					+47 62367977
node	6055919914	60.1939497	11.9906348	Kiwi Gjemselund	Kiwi		supermarket	Mo-Sa 07:00-23:00					+47 62825415
node	6055919915	60.8794160	10.9545374	Kiwi Mørkvedvegen	Kiwi		supermarket	Mo-Sa 07:00-23:00					+47 62350599
node	6055920297	60.5978422	8.3458192	Kiwi Hagafoss	Kiwi		supermarket	"Mo-Fr 07:00-23:00, Sa-Su 09:00-21:00"					+47 32091600
node	6055920298	59.6418625	9.6594031	Kiwi Gomsrud	Kiwi		supermarket	Mo-Sa 07:00-23:00					+47 32735200
node	6055920299	59.7714931	9.8817749	Kiwi Semsmoen	Kiwi		supermarket	"Mo-Fr 07:00-23:00, Sa 07:00-21:00"					+47 32751130
node	6055920300	59.6737342	9.6511391	Kiwi Baneveien	Kiwi		supermarket	Mo-Sa 07:00-23:00					+47 32734890
node	6055920301	60.2397096	9.9248164	Kiwi Sokna	Kiwi		supermarket	Mo-Sa 07:00-23:00					+47 32135812
node	6055920302	59.8180841	10.3280001	Kiwi Lierskogen	Kiwi		supermarket	Mo-Sa 07:00-23:00					+47 32844601
node	6055920303	60.0776675	10.2807555	Kiwi Vik	Kiwi		supermarket	Mo-Sa 07:00-23:00					+47 32159200
node	6055920304	61.0999683	10.4738558	Kiwi Søre Ål	Kiwi		supermarket	Mo-Sa 07:00-23:00					+47 61265000
node	6055920305	60.9854090	9.2411030	Kiwi Fagernes	Kiwi		supermarket	"Mo-Sa 07:00-23:00, Su 10:00-21:00"					+47 61361250
node	6055920307	60.8363920	10.0688150	Kiwi Dokka	Kiwi		supermarket	Mo-Sa 07:00-23:00					+47 61110600
node	6055920308	60.6839239	10.6214331	Kiwi Reinsvoll	Kiwi		supermarket	Mo-Sa 07:00-23:00					+47 61196300
node	6055920309	60.7960780	11.0892988	Kiwi CC Mart'n Hamar	Kiwi		supermarket	Mo-Sa 07:00-23:00					+47 62549552
node	6055920310	59.9491005	12.2038694	Kiwi Magnor	Kiwi		supermarket	"Mo-Fr 07:00-23:00, Sa 07:00-21:00"					+47 62837106
node	6055920311	60.8440269	11.0446194	Kiwi Nydal	Kiwi		supermarket	"Mo-Fr 07:00-23:00, Sa 09:00-21:00"					+47 62361100
node	6055920312	60.6749559	11.8344250	Kiwi Våler	Kiwi		supermarket	Mo-Sa 07:00-23:00					+47 62420289
node	6055920313	60.8204789	11.3445214	Kiwi Meierigården Løten	Kiwi		supermarket	Mo-Sa 07:00-23:00					+47 62593233
node	6055920314	60.1867644	12.0083334	Kiwi Kongsvinger	Kiwi		supermarket	Mo-Sa 07:00-23:00					+47 62826677
node	6055920315	60.4572842	12.0596776	Kiwi Kirkenær	Kiwi		supermarket	Mo-Sa 07:00-23:00					+47 62948244
node	6055920316	60.6111760	12.0131060	Kiwi Flisa	Kiwi		supermarket	Mo-Sa 07:00-23:00					+47 62951569
node	6057857066	68.9145730	15.0802700	Rema 1000 Myre	Rema 1000		supermarket	"Mo-Fr 07:00-22:00, Sa 08:00-22:00"					+47 76119980
node	6057857067	66.3039170	14.1278340	Rema 1000 Langneset	Rema 1000		supermarket	Mo-Sa 07:00-23:00					+47 75151380
node	6057857068	67.2580130	15.3830400	Rema 1000 Fauske	Rema 1000		supermarket	Mo-Sa 07:00-23:00					+47 75642480
node	6057857069	70.6312384	29.7126257	Rema 1000 Båtsfjord	Rema 1000		supermarket	Mo-Sa 07:00-23:00					+47 78984363
node	6057857070	70.9999700	25.9665650	Rema 1000 Honningsvåg	Rema 1000		supermarket	"Mo-Sa 07:00-23:00, Su 12:00-20:00"					+47 78475454
node	6057857071	69.4735510	25.5139340	Rema 1000 Karasjok	Rema 1000		supermarket	Mo-Sa 07:00-23:00					+47 78466550
node	6057857072	68.4199850	15.9898758	Rema 1000 Lødingen	Rema 1000		supermarket	Mo-Sa 07:00-23:00					+47 76930200
node	6057857074	67.9631170	15.9282160	Rema 1000 Innhavet	Rema 1000		supermarket	"Mo-Fr 09:00-22:00, Sa 09:00-21:00"					+47 48258908
node	6057857075	66.3220700	14.1672840	Rema 1000 Ranenget	Rema 1000		supermarket	"Mo-Sa 06:00-23:00, Su 11:00-23:00"					+47 75150666
node	6057857076	69.6648350	19.0215370	Rema 1000 Tomasjord	Rema 1000		supermarket	Mo-Sa 07:00-23:00					+47 77674400
node	6057857077	70.0806750	29.7065510	Rema 1000 Veisletta	Rema 1000		supermarket	Mo-Sa 07:00-23:00					+47 78953870
node	6057857078	66.0077200	12.5776440	Rema 1000 Lyngåsen	Rema 1000		supermarket	Mo-Sa 07:00-23:00					+47 75045200
node	6057857079	66.3177650	14.1444440	Rema 1000 Søderlundmyra	Rema 1000		supermarket	"Mo-Fr 06:00-23:00, Sa 07:00-23:00"					+47 75158405
node	6057857080	68.3432150	16.8299050	Rema 1000 Ballangen	Rema 1000		supermarket	Mo-Sa 07:00-23:00					+47 76928290
node	6057857081	70.6524150	23.6640560	Rema 1000 Storsvingen	Rema 1000		supermarket	Mo-Sa 07:00-23:00					+47 78414890
node	6057929423	63.3943690	10.3692030	Rema 1000 Hallset	Rema 1000		supermarket	Mo-Sa 07:00-23:00					+47 40404990
node	6057930929	63.3875170	10.4082870	Rema 1000 Fossegrenda	Rema 1000		supermarket	Mo-Sa 07:00-23:00					+47 46838687
node	6057930931	63.6002794	8.9756366	Rema 1000 Hitra	Rema 1000		supermarket	Mo-Sa 07:00-23:00					+47 72444144
node	6057930932	64.4655640	11.5107220	Rema 1000 Sandgata Namsos	Rema 1000		supermarket	Mo-Sa 07:00-23:00					+47 74270000
node	6057930933	63.7287770	8.8280360	Rema 1000 Frøya	Rema 1000		supermarket	Mo-Sa 07:00-23:00					+47 72448400
node	6057930934	64.8594990	11.2313500	Rema 1000 Rørvik	Rema 1000		supermarket	Mo-Sa 07:00-23:00					+47 74361555
node	6057930935	63.7918540	11.4854810	Rema 1000 Verdal	Rema 1000		supermarket	"Mo-Fr 07:00-23:00, Sa 08:00-21:00"					+47 74077320
node	6057930937	64.4638436	12.3059986	Rema 1000 Grong	Rema 1000		supermarket	Mo-Sa 07:00-23:00					+47 74331600
node	6057930938	63.6918460	9.6604610	Rema 1000 Brekstad	Rema 1000		supermarket	Mo-Sa 07:00-23:00					+47 72522880
node	6057931495	63.3060100	9.8389660	Rema 1000 OTI senteret	Rema 1000		supermarket	"Mo-Fr 07:00-22:00, Sa 08:00-21:00"					+47 72485470
node	6057931496	63.7944352	11.4807963	Rema 1000 Suljordet Verdal	Rema 1000		supermarket	Mo-Sa 07:00-23:00					+47 74045000
node	6057979796	62.6242280	7.0943050	Rema 1000 Vestnes	Rema 1000		supermarket	"Mo-Sa 07:00-23:00, Su 10:00-20:00"				https://www.rema.no/butikker/more-og-romsdal/vestnes/rema-1000-vestnes	+47 71180116
node	6057979797	62.6054112	6.4379648	Rema 1000 Brattvåg	Rema 1000		supermarket	Mo-Sa 07:00-23:00					+47 70218250
node	6057979799	61.4575190	5.8484430	Rema 1000 Øyrane	Rema 1000		supermarket	Mo-Sa 07:00-23:00					+47 57824000
node	6057979801	62.4326278	6.4131405	Rema 1000 Flisnes	Rema 1000		supermarket	Mo-Sa 07:00-23:00					+47 70141010
node	6057979803	63.0680830	7.6463580	Rema 1000 Averøy	Rema 1000		supermarket	Mo-Sa 07:00-23:00					+47 71516010
node	6057979804	62.9166960	7.4469540	Rema 1000 Eide	Rema 1000		supermarket	Mo-Sa 07:00-23:00					+47 71295060
node	6057979805	61.4515450	5.8491160	Rema 1000 Elvetorget	Rema 1000		supermarket	Mo-Sa 07:00-23:00					+47 57722430
node	6057979806	62.4705380	6.3521360	Rema 1000 Breivika	Rema 1000		supermarket	Mo-Sa 07:00-23:00					+47 46915598
node	6057979807	62.5285240	6.1161360	Rema 1000 Giske	Rema 1000		supermarket	Mo-Sa 07:00-23:00					+47 70185510
node	6057979808	62.3260660	5.6395800	Rema 1000 Fosnavåg	Rema 1000		supermarket	Mo-Sa 07:00-23:00					+47 70083800
node	6057979809	62.4409170	6.1946600	Rema 1000 Langevåg	Rema 1000		supermarket	Mo-Sa 07:00-23:00					+47 70190670
node	6057979810	62.4658685	6.3565590	Rema 1000 Moa	Rema 1000		supermarket	Mo-Sa 07:00-23:00					+47 70140383
node	6058014311	60.6542940	10.9347210	Rema 1000 Skreia	Rema 1000		supermarket	Mo-Sa 07:00-23:00					+47 61166600
node	6058014312	60.7194980	10.6124870	Rema 1000 Raufoss	Rema 1000		supermarket	Mo-Sa 07:00-23:00					+47 61191550
node	6058014313	60.6962380	10.3533080	Rema 1000 Hov	Rema 1000		supermarket	Mo-Sa 07:00-23:00					+47 61122012
node	6058014314	60.4066670	10.5331260	Rema 1000 Brandbu	Rema 1000		supermarket	Mo-Sa 07:00-23:00					+47 61328550
node	6058014315	61.0999733	10.4722150	Rema 1000 Søre Ål	Rema 1000		supermarket	Mo-Sa 07:00-23:00					+47 61054590
node	6058014316	60.8836270	11.5366610	Rema 1000 Terningen	Rema 1000		supermarket	Mo-Sa 06:00-23:00					+47 62400701
node	6058014317	60.2539890	11.6834499	Rema 1000 Skarnes	Rema 1000		supermarket	Mo-Sa 07:00-23:00					+47 62961220
node	6058014319	60.8061840	11.1484520	Rema 1000 Ridabu	Rema 1000		supermarket	"Mo-Fr 06:00-23:00, Sa 07:00-23:00"					+47 62596432
node	6058014320	60.1890690	11.9899748	Rema 1000 Kurudsand	Rema 1000		supermarket	Mo-Sa 07:00-23:00					+47 62812760
node	6058014321	60.7972400	11.0506000	Rema 1000 Bispehaugen	Rema 1000		supermarket	Mo-Sa 07:00-23:00					+47 62533560
node	6058014322	60.6134840	12.0223880	Rema 1000 Flisa	Rema 1000		supermarket	Mo-Sa 07:00-23:00					+47 62950020
node	6058177231	60.4682220	5.3251240	Rema 1000 Åsane senter	Rema 1000		supermarket	"Mo-Fr 07:00-23:00, Sa 07:00-21:00"					+47 55196520
node	6058177232	60.3061030	5.2690990	Rema 1000 Søreide	Rema 1000		supermarket	Mo-Sa 06:00-23:00					+47 55220300
node	6058177518	60.7978080	5.0099280	Rema 1000 Mongstad	Rema 1000		supermarket	"Mo-Fr 06:00-23:00, Sa 07:00-23:00"					+47 56341255
node	6058177519	60.4213880	5.4652410	Rema 1000 Øyrane torg	Rema 1000		supermarket	"Mo-Fr 07:00-23:00, Sa 07:00-20:00"					+47 55240495
node	6058177520	59.7797460	5.3977300	Rema 1000 Sagvåg	Rema 1000		supermarket	Mo-Sa 07:00-23:00					+47 53410777
node	6058177521	60.3705390	6.1569010	Rema 1000 Norheimsund	Rema 1000		supermarket	Mo-Sa 07:00-23:00					+47 56554466
node	6058177522	60.3712170	5.3027230	Rema 1000 Melkeplassen	Rema 1000		supermarket	Mo-Sa 07:00-23:00					+47 55341100
node	6058177524	60.0963650	5.2253114	Rema 1000 Storebø senter	Rema 1000		supermarket	"Mo-Sa 07:00-23:00, Su 10:00-16:00"					+47 56184200
node	6058221232	58.5715450	5.6910860	Rema 1000 Vigrestad	Rema 1000		supermarket	Mo-Sa 07:00-23:00					+47 51430000
node	6058221233	59.4203600	5.2788190	Rema 1000 Solvang	Rema 1000		supermarket	"Mo-Sa 07:00-23:00, Su 09:00-21:00"					+47 52727950
node	6058221234	58.9459860	5.5803500	Rema 1000 Myklebust	Rema 1000		supermarket	Mo-Sa 07:00-23:00					+47 51654500
node	6058221235	59.3973090	5.3345200	Rema 1000 Raglamyr	Rema 1000		supermarket	"Mo-Fr 07:00-23:00, Sa 07:00-21:00"					+47 52727260
node	6058221236	59.3775810	5.3063170	Rema 1000 Norheim	Rema 1000		supermarket	"Mo-Fr 07:00-22:00, Sa 08:00-20:00"					+47 52830006
node	6058221237	58.9208530	5.7247750	Rema 1000 Hinna	Rema 1000		supermarket	Mo-Sa 07:00-23:00					+47 51881508
node	6058221238	59.2931250	5.2913200	Rema 1000 Bygnes	Rema 1000		supermarket	Mo-Sa 07:00-23:00					+47 52827480
node	6058221239	58.9525810	5.6803800	Rema 1000 Madlakrossen	Rema 1000		supermarket	"Mo-Fr 07:00-22:00, Sa 08:00-20:00"					+47 51558080
node	6058221240	59.2644060	5.1927100	Rema 1000 Åkrehamn	Rema 1000		supermarket	Mo-Sa 07:00-23:00					+47 52815860
node	6058221470	59.4394620	5.0914440	Nærbutikken Røvær	Nærbutikken		supermarket	Mo-Su 05:45-24:00					+47 52718023
node	6058221471	58.9150490	5.7303440	Rema 1000 Stadionparken	Rema 1000		supermarket	"Mo-Fr 07:00-21:00, Sa 09:00-20:00"					+47 51444860
node	6058221473	58.8838960	5.6484720	Rema 1000 Sola	Rema 1000		supermarket	Mo-Sa 07:00-23:00					+47 51652800
node	6058221474	58.8961430	5.7245520	Rema 1000 Storaberget	Rema 1000		supermarket	Mo-Sa 07:00-23:00					+47 51576866
node	6058221475	58.9948750	5.6813890	Rema 1000 Dusavik	Rema 1000		supermarket	Mo-Sa 07:00-23:00					+47 46112012
node	6058221476	58.8499210	5.7382660	Rema 1000 Elvegata	Rema 1000		supermarket	"Mo-Fr 07:00-23:00, Sa 07:00-21:00"					+47 94813630
node	6058221477	59.4376810	5.2685110	Rema 1000 Kvala	Rema 1000		supermarket	Mo-Sa 07:00-23:00					+47 52735910
node	6058221478	58.8417010	5.7657610	Rema 1000 Skaarlia	Rema 1000		supermarket	Mo-Sa 07:00-23:00					+47 51624440
node	6058221479	58.6687931	5.6417543	Rema 1000 Nærbø	Rema 1000		supermarket	Mo-Sa 07:00-23:00					+47 51433100
node	6058273495	59.1643460	9.6357570	Rema 1000 Tollnes	Rema 1000		supermarket	Mo-Sa 07:00-23:00					+47 90280331
node	6058273496	58.4350870	8.7438070	Rema 1000 His	Rema 1000		supermarket	Mo-Sa 07:00-23:00					+47 37016950
node	6058273497	58.5833250	7.7970550	Rema 1000 Evje	Rema 1000		supermarket	"Mo-Sa 07:00-23:00, Su 10:00-18:00"					+47 37931000
node	6058273498	58.5081018	8.6293403	Rema 1000 Froland	Rema 1000		supermarket	Mo-Sa 07:00-23:00					+47 37037040
node	6058273499	58.2609290	8.3921550	Rema 1000 Tingsaker	Rema 1000		supermarket	Mo-Sa 07:00-23:00					+47 37040200
node	6058273500	58.4548000	8.7478310	Rema 1000 Maxis	Rema 1000		supermarket	"Mo-Fr 07:00-23:00, Sa 08:00-21:00"					+47 37099900
node	6058273502	58.1245700	7.9534430	Rema 1000 Vågsbygd	Rema 1000		supermarket	Mo-Sa 07:00-23:00					+47 38087600
node	6058273503	58.1771871	8.0425543	Rema 1000 Fagerholt	Rema 1000		supermarket	Mo-Sa 07:00-23:00					+47 38030400
node	6058273504	58.1793410	8.1263390	Rema 1000 Sørlandsparken	Rema 1000		supermarket	"Mo-Fr 07:00-22:00, Sa 08:00-21:00"					+47 38038770
node	6058275505	59.1742440	9.6161690	Rema 1000 Kjørbekk	Rema 1000		supermarket	"Mo-Fr 06:00-23:00, Sa 07:00-23:00"					+47 35530000
node	6058275506	59.2121370	9.5901610	Rema 1000 Falkum	Rema 1000		supermarket	Mo-Sa 07:00-23:00					+47 35546890
node	6058275507	59.1914060	9.5883900	Rema 1000 Moflata	Rema 1000		supermarket	Mo-Sa 07:00-23:00					+47 35904910
node	6058275508	59.2063900	9.6085920	Rema 1000 Arkaden	Rema 1000		supermarket	"Mo-Fr 08:00-20:00, Sa 09:00-18:00"					+47 35521540
node	6058275509	59.1487990	9.6626220	Rema 1000 Hovenga	Rema 1000		supermarket	"Mo-Fr 06:00-23:00, Sa 07:00-23:00"					+47 35556730
node	6058275510	58.8959560	9.2835790	Rema 1000 Sannidal	Rema 1000		supermarket	"Mo-Sa 07:00-23:00, Su 09:00-21:00"					+47 90364758
node	6058275511	59.4130020	9.0647110	Rema 1000 Skogen	Rema 1000		supermarket	Mo-Sa 07:00-23:00					+47 35953595
node	6058275512	59.1362261	9.6387098	Rema 1000 Down Town	Rema 1000		supermarket	Mo-Sa 07:00-23:00					+47 35553500
node	6058275513	59.1917440	9.6113140	Rema 1000 Gimsøy	Rema 1000		supermarket	"Mo-Sa 07:00-23:00, Su 09:00-21:00"					+47 35522730
node	6058275514	58.1508577	8.0265806	Rema 1000 Lund	Rema 1000		supermarket	Mo-Sa 07:00-23:00					+47 38093521
node	6058497609	59.4364513	10.6623748	Rema 1000 Thon senter Moss	Rema 1000		supermarket	"Mo-Fr 08:00-21:00, Sa 09:00-19:00"					+47 69251990
node	6058497610	59.1391550	11.3796460	Rema 1000 Brødløs	Rema 1000		supermarket	Mo-Sa 07:00-23:00					+47 69188123
node	6058497611	59.4467421	10.7044545	Rema 1000 Mosseporten	Rema 1000		supermarket	"Mo-Fr 08:00-22:00, Sa 08:00-19:00"					+47 69250060
node	6058497612	59.4175204	10.6746095	Rema 1000 Varnaveien	Rema 1000		supermarket	Mo-Sa 07:00-23:00					+47 69268990
node	6058497613	59.2742734	11.0822481	Rema 1000 Borg	Rema 1000		supermarket	Mo-Fr 10:00-20:00; Sa 10:00-18:00; Su off				https://www.rema.no/butikker/ostfold/sarpsborg/rema-1000-borg	+47 69145000
node	6058497614	59.4267400	11.3435930	Rema 1000 Skogveien	Rema 1000		supermarket	Mo-Sa 07:00-23:00					+47 69222221
node	6058497615	59.0458120	10.0758790	Rema 1000 Skreppestad	Rema 1000		supermarket	Mo-Sa 07:00-23:00					+47 33131070
node	6058497616	59.2224087	10.3037806	Rema 1000 Stokke	Rema 1000		supermarket	Mo-Sa 07:00-23:00					+47 33366945
node	6058497617	59.1211650	10.4006060	Rema 1000 Tjøme	Rema 1000		supermarket	"Mo-Sa 07:00-23:00, Su 09:00-21:00"					+47 33323000
node	6058497618	59.4907580	10.2937340	Rema 1000 Toppen	Rema 1000		supermarket	Mo-Sa 07:00-23:00					+47 33066400
node	6058497619	59.0161680	10.0211540	Rema 1000 Stavern	Rema 1000		supermarket	Mo-Sa 07:00-23:00					+47 33131420
node	6058497620	59.5834985	10.2101341	Rema 1000 Sande	Rema 1000		supermarket	Mo-Sa 07:00-23:00				https://www.rema.no/butikker/vestfold-og-telemark/sande/rema-1000-sande/	+47 33778722
node	6058497621	59.2830740	10.3331720	Rema 1000 Sem	Rema 1000		supermarket	Mo-Sa 06:00-24:00					+47 33334000
node	6058574245	59.9039462	10.7562749	Rema 1000 Sørenga	Rema 1000		supermarket	Mo-Sa 07:00-23:00					+47 22179966
node	6058574246	59.9235213	10.7722423	Rema 1000 Rodeløkka	Rema 1000		supermarket	Mo-Sa 07:00-23:00					+47 22719630
node	6058574248	59.9231970	10.7511930	Rema 1000 Vulkan	Rema 1000		supermarket	Mo-Sa 07:00-23:00					+47 22608908
node	6058574249	59.9254630	10.7259630	Rema 1000 Sporveisgata	Rema 1000		supermarket	Mo-Sa 07:00-23:00					+47 22606400
node	6058574251	59.9085120	10.5331970	Rema 1000 Gjettum	Rema 1000		supermarket	"Mo-Fr 06:00-24:00, Sa 07:00-23:00"					+47 47707816
node	6058574253	59.9286254	11.4435139	Rema 1000 Aurskog	Rema 1000		supermarket	Mo-Sa 07:00-23:00					+47 63855622
node	6058574254	59.8830097	11.5667358	Rema 1000 Bjørkelangen	Rema 1000		supermarket	"Mo-Fr 07:00-23:00, Sa 08:00-21:00"					+47 63856148
node	6058574255	59.8232960	10.8088040	Rema 1000 Kolbotn	Rema 1000		supermarket	Mo-Sa 07:00-23:00					+47 45287792
node	6058574256	59.6014960	10.7471360	Rema 1000 Vestby	Rema 1000		supermarket	Mo-Sa 07:00-23:00					+47 64952645
node	6058574257	59.8332054	10.4327814	Rema 1000 Asker sentrum	Rema 1000		supermarket	"Mo-Fr 06:00-23:00, Sa 07:00-23:00"					+47 66781150
node	6058574258	59.8264459	10.4225780	Rema 1000 Borgen	Rema 1000		supermarket	Mo-Sa 07:00-23:00					+47 66904400
node	6058576648	59.6038657	10.7424147	Rema 1000 Vestby storsenter	Rema 1000		supermarket	"Mo-Fr 09:00-21:00, Sa 09:00-18:00"					+47 64955086
node	6058576649	60.0760950	11.1361560	Rema 1000 Kløfta	Rema 1000		supermarket	"Mo-Fr 07:00-23:00, Sa 08:00-20:00"					+47 63982770
node	6058576650	59.7395400	10.7708390	Rema 1000 Vinterbro	Rema 1000		supermarket	"Mo-Fr 08:00-22:00, Sa 08:00-20:00"					+47 64940010
node	6058576651	59.8903930	10.5212910	Rema 1000 Sandvika	Rema 1000		supermarket	Mo-Sa 07:00-23:00					+47 67566300
node	6058576652	59.9281270	11.1624480	Rema 1000 Fetsund	Rema 1000		supermarket	Mo-Sa 06:00-24:00					+47 63885980
node	6058576653	59.7954810	11.4667410	Rema 1000 Løken	Rema 1000		supermarket	Mo-Sa 07:00-23:00					+47 63850100
node	6058576654	59.8069780	10.4867700	Rema 1000 Vollen	Rema 1000		supermarket	Mo-Sa 07:00-23:00					+47 47684578
node	6058576655	60.2582881	11.0352274	Rema 1000 Maura	Rema 1000		supermarket	Mo-Sa 07:00-23:00					+47 63999300
node	6058576656	59.9639090	11.0643970	Rema 1000 Åråsen	Rema 1000		supermarket	Mo-Sa 07:00-23:00					+47 63819611
node	6058576830	59.9179630	10.7637770	Rema 1000 Lakkegata	Rema 1000		supermarket	Mo-Sa 07:00-23:00					+47 22679034
node	6058576831	59.9097460	10.8130470	Rema 1000 Brynseng	Rema 1000		supermarket	Mo-Sa 07:00-23:00					+47 22657100
node	6058576833	59.9212850	10.7918060	Rema 1000 Hovin	Rema 1000		supermarket	Mo-Sa 07:00-23:00					+47 22350600
node	6058576835	59.9444370	10.8482990	Rema 1000 Veitvet	Rema 1000		supermarket	Mo-Sa 07:00-23:00					+47 22250565
node	6058576836	59.9064530	10.7956390	Rema 1000 Etterstad	Rema 1000		supermarket	Mo-Sa 07:00-23:00					+47 24071973
node	6058576838	59.9142900	10.7220110	Rema 1000 Vika	Rema 1000		supermarket	Mo-Sa 07:00-21:00					+47 22448500
node	6058576839	59.8752995	10.8112782	Rema 1000 Symra	Rema 1000	ØKSNE DAGLIGVARE AS	supermarket	Mo-Sa 07:00-23:00				https://www.rema.no/butikker/oslo/oslo/rema-1000-symra/	+47 22300100
node	6058590042	59.9632270	10.0003560	Rema 1000 Vikersund	Rema 1000		supermarket	Mo-Sa 07:00-23:00					+47 32789911
node	6058590043	59.7530090	9.8256730	Rema 1000 Ormåsen	Rema 1000		supermarket	Mo-Sa 07:00-23:00				https://www.rema.no/butikker/buskerud/ovre-eiker/rema-1000-ormasen/	+47 47709173
node	6058590044	60.1531600	10.2489140	Rema 1000 Eikli	Rema 1000		supermarket	Mo-Sa 07:00-23:00					+47 32114300
node	6058590045	60.1720440	10.2615630	Rema 1000 Hønengaten	Rema 1000		supermarket	Mo-Sa 07:00-23:00					+47 32127400
node	6058590046	59.6715470	9.6470440	Rema 1000 Sentrum Kongsberg	Rema 1000		supermarket	"Mo-Sa 07:00-23:00, Su 09:00-21:00"					+47 48387512
node	6058590047	59.7559720	10.0091010	Rema 1000 Kalosjegata	Rema 1000		supermarket	Mo-Sa 07:00-23:00				https://www.rema.no/butikker/buskerud/nedre-eiker/rema-1000-kalosjegata	+47 32871000
node	6058590050	60.5681550	9.1036420	Rema 1000 Nesbyen	Rema 1000		supermarket	"Mo-Sa 07:00-23:00, Su 09:00-21:00"					+47 32070010
node	6058590051	59.7444120	10.2068440	Rema 1000 Bragernes kvartal	Rema 1000		supermarket	Mo-Sa 07:00-23:00					+47 32838000
node	6058598843	60.0779020	10.2821110	Rema 1000 Vik	Rema 1000		supermarket	Mo-Sa 07:00-23:00					+47 32158310
node	6058598844	59.8923945	9.9255586	Rema 1000 Åmot	Rema 1000		supermarket	Mo-Sa 07:00-23:00					+47 32782780
node	6058598845	59.7553660	10.1249320	Rema 1000 Åssiden	Rema 1000		supermarket	Mo-Sa 07:00-23:00					+47 32885100
node	6058635349	60.0335401	11.3523414	Kiwi Auli	Kiwi		supermarket	Mo-Sa 07:00-23:00					+47 63852998
node	6058635350	59.8872080	10.5185890	Kiwi Kjørbo	Kiwi		supermarket	Mo-Sa 07:00-23:00					+47 67549660
node	6058635351	60.1436634	11.1618698	Kiwi Meierigården	Kiwi		supermarket	Mo-Sa 07:00-23:00					+47 63977837
node	6058635353	59.7866240	10.4363440	Kiwi Heggedal	Kiwi		supermarket	Mo-Sa 07:00-23:00					+47 66796049
node	6058635354	60.2811452	11.1762711	Kiwi Råholt	Kiwi		supermarket	Mo-Sa 07:00-23:00					+47 63955107
node	6058635355	60.0726937	11.1353694	Kiwi KB Kløfta	Kiwi		supermarket	Mo-Sa 07:00-23:00					+47 63970527
node	6058636045	59.7458441	10.6081872	Kiwi Fagerstrand	Kiwi		supermarket	Mo-Sa 07:00-23:00					+47 66960352
node	6058636047	59.8837394	11.5707851	Kiwi Bjørkelangen	Kiwi		supermarket	Mo-Sa 07:00-23:00					+47 63855030
node	6058636048	59.7950990	11.4641670	Kiwi Løken	Kiwi		supermarket	Mo-Sa 07:00-23:00					+47 63862229
node	6058636049	59.8286754	10.4726250	Kiwi Vettre	Kiwi		supermarket	Mo-Sa 07:00-23:00					+47 66782090
node	6058636050	60.1516727	11.4115801	Kiwi Vormsund	Kiwi		supermarket	Mo-Sa 07:00-23:00					+47 63907895
node	6058636052	59.9472176	10.6223269	Kiwi Eiksmarka	Kiwi		supermarket	Mo-Sa 07:00-23:00					+47 67146422
node	6058636053	59.5182824	10.7118635	Kiwi Sletta	Kiwi		supermarket	"Mo-Fr 07:00-23:00, Sa 08:00-22:00"				https://kiwi.no/Finn-butikk/kiwi-518-sletta	+47 64982702
node	6058636054	59.9276858	11.4457002	Kiwi Aurskog	Kiwi		supermarket	Mo-Sa 07:00-23:00					+47 63863104
node	6058769623	59.7410997	10.2216704	Meny Brakerøya	Meny		supermarket	"Mo-Fr 08:00-22:00, Sa 08:00-20:00"				https://meny.no/finn-butikk/meny-brakeroya/	+47 32254350
node	6058769624	60.0009944	11.0397420	Meny Skedsmo senter	Meny		supermarket	"Mo-Fr 08:00-22:00, Sa 09:00-20:00"					+47 64838770
node	6058769625	59.0687759	10.0471711	Meny Nanset	Meny		supermarket	"Mo-Fr 08:00-20:00, Sa 08:00-18:00"					+47 33165100
node	6058769626	63.7899891	11.4866120	Meny Verdal	Meny		supermarket	"Mo-Fr 08:00-22:00, Sa 09:00-20:00"					+47 74049300
node	6058769627	63.3579449	10.3748768	Meny Tiller	Meny		supermarket	"Mo-Fr 08:00-21:00, Sa 09:00-20:00"					+47 72896700
node	6058769628	60.1439090	11.1893650	Meny Gystadmarka	Meny		supermarket	"Mo-Fr 07:00-22:00, Sa 08:00-21:00"					+47 63986698
node	6058769629	59.7578469	9.9948265	Meny Krokstadelva	Meny		supermarket	"Mo-Fr 08:00-22:00, Sa 08:00-20:00"				https://meny.no/finn-butikk/meny-krokstadelva/	+47 32232020
node	6058769630	59.8558234	10.4892485	Meny Holmen	Meny		supermarket	"Mo-Fr 08:00-22:00, Sa 08:00-20:00"					+47 66776920
node	6058769631	62.3422080	5.6336574	Meny Fosnavåg	Meny		supermarket	"Mo-Fr 08:00-22:00, Sa 08:00-20:00"					+47 70089670
node	6058769699	60.4726130	5.3328540	Kiwi Gullgruven	Kiwi		supermarket	Mo-Sa 07:00-23:00					+47 55960000
node	6058769700	59.8746681	10.8099355	Meny Lambertseter	Meny		supermarket						+47 23386700
node	6058769701	60.1643122	10.2545010	Meny Kuben	Meny		supermarket	Mo-Fr 10:00-20:00; Sa 10:00-18:00					+47 32115800
node	6058769702	59.9599104	10.8812708	Meny Grorud	Meny		supermarket	"Mo-Fr 09:00-21:00, Sa 09:00-20:00"					+47 22918520
node	6058769704	59.2840307	11.1084602	Meny Sarpsborg	Meny		supermarket	"Mo-Fr 07:00-20:00, Sa 09:00-18:00"					+47 69130200
node	6058769705	59.2697999	10.4118726	Meny Farmandstredet	Meny		supermarket	"Mo-Fr 09:00-20:00, Sa 09:00-18:00"					+47 33018600
node	6058769706	59.8930210	9.9259660	Spar Åmot	Spar		supermarket	"Mo-Fr 07:00-21:00, Sa 08:00-20:00"				https://spar.no/Finn-butikk/spar-amot	+47 32778600
node	6058769707	59.0407390	10.0680750	Meny Gloppe	Meny		supermarket	"Mo-Fr 07:00-22:00, Sa 08:00-20:00, Su 10:00-18:00"					+47 33121600
node	6058769708	58.8824092	5.6523667	Helgø Meny Sola	Meny		supermarket	"Mo-Fr 07:00-22:00, Sa 08:00-21:00"					+47 51641200
node	6058769955	59.9468700	11.0051610	Meny Strømmen	Meny		supermarket	"Mo-Fr 08:00-21:00, Sa 08:00-20:00"					+47 64843200
node	6058769956	60.1529855	10.2552396	Meny Osloveien	Meny		supermarket	"Mo-Fr 07:00-22:00, Sa 08:00-20:00"					+47 32179200
node	6058769957	59.2801767	10.3650258	Meny Jarlsberg	Meny		supermarket	"Mo-Fr 07:00-22:00, Sa 08:00-20:00"					+47 33381100
node	6058769958	59.7777680	10.4862070	Meny Rortunet	Meny		supermarket	"Mo-Fr 08:00-21:00, Sa 08:00-20:00"					+47 31291000
node	6058769959	59.5661906	9.2226645	Meny Tuven	Meny		supermarket	"Mo-Fr 09:00-21:00, Sa 09:00-18:00"					+47 35029070
node	6058769960	62.4685100	6.2918080	Meny Lerstad	Meny		supermarket	"Mo-Fr 07:00-23:00, Sa 09:00-21:00"					+47 70117800
node	6058769962	59.5886732	10.2118070	Meny Klokkerjordet	Meny		supermarket	"Mo-Fr 06:30-22:00, Sa 08:00-21:00"				https://meny.no/finn-butikk/meny-klokkerjordet/	+47 33785800
node	6058769963	59.9187650	10.9535800	Meny Triaden	Meny		supermarket	"Mo-Fr 08:00-21:00, Sa 08:00-20:00"					+47 67981600
node	6058769964	59.4112200	9.0713297	Meny Bø	Meny		supermarket	"Mo-Fr 09:00-21:00, Sa 09:00-20:00"				https://meny.no/finn-butikk/meny-bo/	+47 35060150
node	6058770040	58.1451110	7.9945990	Meny Torvet	Meny		supermarket	Mo-Fr 08:00-21:00; Sa 08:00-19:00				https://meny.no	+47 38100999
node	6058770041	60.8789169	11.5668546	Meny Elverum	Meny		supermarket	"Mo-Fr 09:00-20:00, Sa 09:00-18:00"					+47 62435570
node	6058770042	60.2974675	5.3310116	Meny Lagunen	Meny		supermarket	"Mo-Fr 09:00-22:00, Sa 09:00-20:00"					+47 55106600
node	6058770043	60.4653190	5.3220250	Meny Åsane storsenter	Meny		supermarket	"Mo-Fr 08:00-22:00, Sa 09:00-20:00"					+47 55253250
node	6058770044	60.3256930	5.3675570	Meny Midtun	Meny		supermarket	"Mo-Fr 07:00-22:00, Sa 08:00-20:00"					+47 55927660
node	6058770045	58.9150070	5.7303470	Helgø Meny Stadionparken	Meny		supermarket	"Mo-Fr 07:00-21:00, Sa 09:00-19:00"					+47 52870500
node	6058770046	59.4474072	10.7050980	Meny Mosseporten	Meny		supermarket	"Mo-Fr 08:00-21:00, Sa 09:00-18:00"					+47 69210600
node	6058770047	60.3632210	5.2335810	Meny Vestkanten	Meny		supermarket	"Mo-Fr 09:00-22:00, Sa 09:00-20:00"					+47 55501850
node	6058770048	59.8321064	10.4296022	Meny Hagaløkkveien	Meny		supermarket	"Mo-Fr 08:00-22:00, Sa 08:00-20:00"					+47 66766900
node	6058770061	59.2823139	9.2689970	Spar Ulefoss	Spar		supermarket	"Mo-Fr 08:00-21:00, Sa 08:00-20:00"					+47 35948840
node	6058770062	59.9145590	10.8420043	Meny Tveita	Meny		supermarket	"Mo-Fr 08:00-21:00, Sa 09:00-19:00"					+47 22758720
node	6058770063	59.3777350	5.3074630	Meny Oasen Haugesund	Meny		supermarket	"Mo-Fr 07:00-22:00, Sa 08:00-19:00"					+47 52811200
node	6058770064	59.1497530	9.6639270	Meny Hovenga	Meny		supermarket	"Mo-Fr 08:00-22:00, Sa 09:00-20:00"					+47 35562900
node	6058770065	58.8780117	5.7223027		Extra		supermarket						
node	6058770066	59.1214514	9.6589602	Meny Flåtten	Meny		supermarket	"Mo-Fr 07:00-22:00, Sa 07:00-20:00"					+47 35933000
node	6058770068	59.7739790	10.8032300	Meny Greverud	Meny		supermarket	"Mo-Fr 07:00-22:00, Sa 08:00-20:00"					+47 66822750
node	6058770069	59.9241162	10.4859052	Meny Rykkinn	Meny		supermarket	"Mo-Fr 08:00-22:00, Sa 08:00-20:00"					+47 67153960
node	6058770327	59.8362591	10.4344640	Meny Trekanten	Meny		supermarket	"Mo-Fr 08:00-21:00, Sa 09:00-19:00"					+47 66764700
node	6058770329	60.0763955	11.1357785	Meny Romerikssenteret	Meny		supermarket	"Mo-Fr 08:00-21:00, Sa 09:00-20:00"					+47 63942700
node	6058770330	58.4746451	8.7474419	Meny Harebakken	Meny		supermarket	"Mo-Fr 09:00-21:00, Sa 09:00-19:00"					+47 37062100
node	6058770331	59.9408802	10.5012952	Meny Bærums verk	Meny		supermarket	"Mo-Fr 08:00-22:00, Sa 08:00-20:00"					+47 67175420
node	6058770332	59.8938431	10.8406337	Meny Oppsal	Meny		supermarket	"Mo-Fr 08:00-22:00, Sa 09:00-20:00"					+47 22757020
node	6058770333	59.2876658	11.0884546	Spar Tune	Spar		supermarket	"Mo-Fr 09:00-20:00, Sa 09:00-18:00"					+47 69101800
node	6058770334	58.1604747	8.0822221	Meny Rona	Meny		supermarket	"Mo-Fr 07:00-23:00, Sa 08:00-20:00"					+47 38179600
node	6058770335	58.2608740	8.3948480	Meny Lillesand	Meny		supermarket	"Mo-Fr 07:00-22:00, Sa 08:00-20:00"					+47 37294500
node	6058770336	59.0459572	9.6945044	Meny Brotorvet	Meny		supermarket	"Mo-Fr 08:00-21:00, Sa 08:00-19:00"					+47 35963680
node	6058846807	61.6194170	4.8185420	Nærbutikken Batalden	Nærbutikken		supermarket	Mo-Su 07:00-23:00					+47 46172070
node	6058846809	59.8570590	6.0171610	Nærbutikken Lyngnes	Nærbutikken		supermarket	Mo-Su 06:00-22:00					+47 53479115
node	6058846812	59.2593380	5.1902620	Joker Haugen	Joker		supermarket	"Mo-Fr 08:00-19:00, Sa 08:00-18:00, Su 10:00-19:00"					+47 52815273
node	6058846813	63.6289080	8.7311560	Nærbutikken Melandsjø	Nærbutikken		supermarket	Mo-Su 06:00-24:00					+47 72445930
node	6058846814	68.3472840	15.5107770	Nærbutikken Vågehamn	Nærbutikken		supermarket	"Mo-Th 10:00-17:00, Fr 10:00-18:00, Sa 10:00-15:00"					+47 76935645
node	6058846815	69.8518280	18.8195340	Nærbutikken Kvaløyvågen	Nærbutikken		supermarket	"Mo-Fr 10:00-17:30, Sa 10:00-15:00"					+47 95203332
node	6058846816	61.3316540	5.1223820	Nærbutikken Hellestrand	Nærbutikken		supermarket	"Mo-Fr 09:30-17:00, Sa 10:00-15:00, Su 16:00-17:00"					+47 57734244
node	6058848979	70.2459200	23.3956060	Nærbutikken Korsfjord handel	Nærbutikken		supermarket	"Mo-Th 09:00-16:00, Fr 09:00-18:30, Sa 09:00-13:00"				https://narbutikken.no/Butikken/Finnmark/Narbutikken-Korsfjord-Handel/	+47 78439107
node	6058848980	59.6456910	6.8015640	Nærbutikken Nesflaten	Nærbutikken		supermarket	"Mo-Fr 10:00-18:00, Sa 10:00-15:00"					+47 90976370
node	6058848981	69.9539570	19.6671160	Nærbutikken Stakkvik	Nærbutikken		supermarket	24/7					+47 91725403
node	6058848984	61.6764100	12.0072200	Nærbutikken Engerdal	Nærbutikken		supermarket	"Mo-Th 10:00-17:00, Fr 10:00-18:00, Sa 09:00-14:00"					+47 62458773
node	6058850750	60.6592990	5.3510410	Nærbutikken Eikangervåg	Nærbutikken		supermarket	"Mo-Th 09:00-17:00, Fr 09:00-18:00, Sa 09:00-13:00"					+47 56364046
node	6058850751	60.1689980	5.4246890	Nærbutikken Hagavik	Nærbutikken		supermarket	"Mo-Fr 06:30-16:30, Sa 08:00-15:00, Su 10:30-16:00"					+47 56305850
node	6058850752	59.7876040	6.1008110	Nærbutikken Tørris Wågen	Nærbutikken		supermarket	"Mo-Th 09:00-17:00, Fr 09:00-18:00, Sa 09:00-15:00"					+47 53479926
node	6058850754	58.9985730	5.7847660	Joker Vassøy	Joker		supermarket	"Mo-Fr 09:00-18:15, Sa 09:15-15:15"					+47 51895550
node	6058850755	59.1651250	8.5009320	Nærbutikken Nissedal	Nærbutikken		supermarket	24/7					+47 99389827
node	6058850756	61.4724679	10.1331732	Nærbutikken Børson dagligvare	Nærbutikken		supermarket	Mo-Su 10:00-18:00					+47 61281600
node	6058850757	70.2210096	21.7161060				supermarket						
node	6058850758	61.5563922	11.0130192	Nærbutikken Trea	Nærbutikken		supermarket	"Mo-Th 10:00-18:00, Fr 10:00-19:00, Sa 10:00-17:00"					+47 90502815
node	6058850886	64.6369000	11.3445610	Joker Jøa	Joker		supermarket	24/7					+47 74286799
node	6058850888	60.8182430	5.3830500	Nærbutikken Krossøy	Nærbutikken		supermarket	"Mo-Th 09:00-17:00, Fr 09:00-19:00, Sa 09:00-14:00"					+47 56365028
node	6058850890	66.0675860	13.4448540	Nærbutikken Drevvatn	Nærbutikken		supermarket	Mo-Su 07:00-24:00					+47 48052240
node	6058850891	60.7453720	5.3864600	Nærbutikken Kvingo	Nærbutikken		supermarket	24/7					+47 56367125
node	6058850892	61.8613000	5.3125630	Nærbutikken Leirgulen	Nærbutikken		supermarket	"Mo-Fr 10:00-17:00, Sa 10:00-15:00"					+47 90597752
node	6058850893	66.8048884	13.2352098	Nærbutikken Swensen landhandel	Nærbutikken		supermarket	"Mo-Fr 07:00-22:00, Sa 07:00-20:00, Su 11:00-20:00"					+47 75751013
node	6058850894	69.2851580	17.1474890	Nærbutikken Sifjord	Nærbutikken		supermarket	"Mo-We 10:00-17:00, Th-Fr 10:00-18:00, Sa 10:00-16:00"					+47 90046097
node	6058850895	59.9030210	10.6145210	Nærbutikken Oksenøya	Nærbutikken		supermarket	"Mo-Fr 09:30-20:00, Sa 09:30-18:00, Su 10:00-20:00"					+47 96710281
node	6058850896	62.7312120	7.4222410	Nærbutikken Vågane	Nærbutikken		supermarket	"Mo-Th 06:00-18:00, Fr 06:00-19:00, Sa 06:00-18:00, Su 17:00-19:00"					+47 71240777
node	6058850899	60.3225910	8.9223230	Nærbutikken Øygardsgrend	Nærbutikken		supermarket	24/7					+47 32744160
node	6058850901	67.8349670	14.7880880	Nærbutikken Nordskot	Nærbutikken		supermarket	24/7					+47 75779807
node	6058850902	58.8183270	7.4708680	Nærbutikken Bortelid	Nærbutikken		supermarket	"Mo-Th 10:00-16:00, Fr 10:00-19:00, Sa 10:00-16:00, Su 12:00-16:00"					+47 95900550
node	6058850904	61.2263690	10.5123090	Joker Gaia	Joker		supermarket	Mo-Su 09:00-20:00					+47 91300106
node	6058850905	71.0616020	28.2482060	Nærbutikken Gamvik	Nærbutikken		supermarket	Mo-Sa 07:00-23:00					+47 95873903
node	6058850907	62.3404260	8.0621190	Nærbutikken Verma	Nærbutikken		supermarket	Mo-Su 06:00-23:00					+47 92976045
node	6058851051	69.3385420	17.1053400	Nærbutikken Torsken	Nærbutikken		supermarket	"Mo-Fr 09:30-17:00, Sa 09:30-15:00, Su 12:00-16:00"					+47 77855390
node	6058851052	58.5323930	8.1184490	Nærbutikken Engesland	Nærbutikken		supermarket	Mo-Su 06:00-23:00					+47 94077810
node	6058851053	67.7058340	15.8500190	Nærbutikken Mørsvikbotn	Nærbutikken		supermarket	24/7					+47 40525466
node	6058851055	60.0386350	5.4357040	Nærbutikken Bruntveit	Nærbutikken		supermarket	Mo-Su 07:00-23:00					+47 53432703
node	6058851056	59.8034413	6.2135766	Joker Åkrafjorden	Joker		supermarket	Mo-Su 07:00-23:00					+47 53771480
node	6058851057	59.9081723	9.5249899	Nærbutikken Lyngdal	Nærbutikken		supermarket	24/7					+47 41374487
node	6058851058	62.6065190	7.2944750	Nærbutikken Vågstranda	Nærbutikken		supermarket	"Mo-Th 10:00-18:00, Fr 10:00-19:00, Sa 10:00-18:00"					+47 71229770
node	6058851059	64.3272630	10.4466090	Nærbutikken Sandviksberget	Nærbutikken		supermarket	"Mo-Fr 10:00-18:00, Sa 10:00-16:00"					+47 72577680
node	6058851060	60.2897760	5.6670450	Nærbutikken Holmefjord	Nærbutikken		supermarket	24/7					+47 56581378
node	6058851061	61.3026850	5.1782060	Nærbutikken Hellevik	Nærbutikken		supermarket	"Mo-Fr 10:00-17:00, Sa 10:00-16:00, Su 12:00-16:00"					+47 40525459
node	6058851063	61.5344361	5.1827111	Nærbutikken Stavang landhandel	Nærbutikken		supermarket	Mo-Su 07:00-23:00					+47 57748512
node	6058851064	66.6567076	13.0761392	Nærbutikken Rødøy	Nærbutikken		supermarket	Mo-Su 06:00-24:00					+47 75096150
node	6058851066	59.2234400	6.1005220	Nærbutikken Randøy	Nærbutikken		supermarket	"Mo-Th 09:00-18:00, Fr 09:00-20:00, Sa 09:00-16:00"					+47 51752947
node	6058851069	60.7005820	5.3261820	Nærbutikken Myking handel	Nærbutikken		supermarket	"Mo-Fr 09:00-18:00, Sa 09:00-15:00"					+47 56364002
node	6058851181	60.4796650	5.6793890	Snarkjøp Bruvik	Snarkjøp		supermarket						
node	6058851182	59.3133020	5.4604830	Joker Slåttevik	Joker		supermarket	"Mo-Fr 08:00-20:00, Sa 08:00-18:00"					+47 52777121
node	6058851183	65.9111820	12.1688130	Nærbutikken Brasøy	Nærbutikken		supermarket	"Mo-Th 10:00-16:00, Fr 10:00-17:30, Sa 10:00-15:00"					+47 75059600
node	6058851184	62.2548090	7.2345390	Nærbutikken Norddal	Nærbutikken		supermarket	"Mo-Fr 10:00-18:00, Sa 10:00-16:00"					+47 94800683
node	6058851186	69.9728840	29.6384310	Nærbutikken Bugøynes	Nærbutikken		supermarket	"Mo-Fr 10:00-17:00, Sa 10:00-15:00"					+47 78990251
node	6058851187	61.4898850	5.3904920	Nærbutikken Vevring	Nærbutikken		supermarket	"Mo-Tu 07:00-23:00, We 10:00-17:00, Th 14:00-17:00, Fr 10:00-17:00, Sa-Su 07:00-23:00"					+47 57818805
node	6058851189	66.1513260	12.7271990	Løkta kolonial			supermarket	"Mo-Fr 10:00-17:00, Sa 10:00-14:00"					+47 75054242
node	6058851190	60.4077490	5.3255940	Nærbutikken Sandviken	Nærbutikken		supermarket	"Mo-Fr 08:00-22:00, Sa 08:00-20:00, Su 10:00-20:00"					+47 55324479
node	6058851193	60.1897203	5.7610783	Nærbutikken Sævareid	Nærbutikken		supermarket	"Mo-Th 09:00-17:00, Fr 09:00-18:00, Sa 09:00-15:00"					+47 94038635
node	6058851194	58.6583470	8.6299700	Nelaug Dagligvare			supermarket						
node	6058851195	59.9373830	10.6493470	Joker Rustad Ullern	Joker		supermarket	"Mo-Fr 08:00-21:00, Sa-Su 09:00-21:00"					+47 93927763
node	6058851196	59.9417200	10.7597270	Nærbutikken Bjølsen	Nærbutikken		supermarket	Mo-Su 08:00-23:00					+47 47977914
node	6058851197	58.8398230	6.7772100	Nærbutikken Omlid	Nærbutikken		supermarket	24/7					+47 90818973
node	6058891628	70.8590630	29.0906570	Spar Berlevåg	Spar		supermarket	"Mo-Fr 09:00-21:00, Sa 10:00-18:00"					+47 78981227
node	6058891629	68.6208172	14.4455715	Spar Bø i Vesterålen	Spar		supermarket	"Mo-Fr 08:00-21:00, Sa 09:00-20:00"					+47 76135777
node	6058891632	67.2799296	14.5458030	Eurospar Hunstad	Spar		supermarket	"Mo-Fr 07:00-23:00, Sa 08:00-22:00"					+47 75560008
node	6058891634	66.1093076	12.4903017	Spar Dønna	Spar		supermarket	"Mo-Fr 09:00-20:00, Sa 09:00-18:00"					+47 75055101
node	6058891635	65.8629137	13.1958156	Spar Halsøy	Spar		supermarket	"Mo-Fr 07:00-22:00, Sa 08:00-21:00"					+47 75174333
node	6058891636	67.1014750	15.3922120	Spar Rognan	Spar		supermarket	"Mo-Fr 08:00-22:00, Sa 09:00-21:00"					+47 75690367
node	6058926692	62.3422700	5.8683040	Spar Ulsteinvik	Spar		supermarket	"Mo-Fr 08:00-22:00, Sa 09:00-20:00"					+47 70011424
node	6058926693	59.2777446	5.2428559	Spar Vea	Spar		supermarket	"Mo-Fr 06:30-22:00, Sa 08:00-20:00"					+47 52844700
node	6058926694	62.3159888	5.8438243	Spar Straumane	Spar		supermarket	"Mo-Fr 08:00-21:00, Sa 09:00-20:00"					+47 70010785
node	6058926695	60.8340679	5.2632830	Spar Hosteland	Spar		supermarket	"Mo-Fr 09:00-20:00, Sa 09:00-18:00"					+47 56166050
node	6058927338	60.2026925	5.4566800	Spar Amfi Os	Spar		supermarket	"Mo-Fr 08:00-21:00, Sa 09:00-19:00"					+47 56309926
node	6058927339	62.3288549	5.6344584	Spar Fosnavåg	Spar		supermarket	"Mo-Fr 08:00-22:00, Sa 08:00-20:00, Su 10:00-21:00"					+47 70088752
node	6058927340	62.7397560	7.1736020	Eurospar	Eurospar		supermarket	"Mo-Fr 08:00-22:00, Sa 09:00-20:00"					+47 71247920
node	6058927341	58.4516081	6.0076557	Spar Svanedalgården	Spar		supermarket	"Mo-Fr 07:00-22:00, Sa 08:00-20:00"					+47 51462720
node	6058927342	60.0438180	5.5222400	Spar Tysnes	Spar		supermarket	"Mo-Fr 07:00-22:00, Sa 08:00-20:00, Su 11:00-18:00"				https://spar.no/finn-butikk/spar-tysnes	+47 53431209
node	6058927343	58.6151654	5.6470462	Spar Varhaug	Spar		supermarket	"Mo-Fr 06:30-21:00, Sa 08:00-20:00"					+47 51430136
node	6058927344	62.5224293	7.1283142	Spar Tresfjord	Spar		supermarket	Mo-Sa 00:00-24:00					+47 71184717
node	6058927346	61.9817494	5.1359776	Spar Raudeberg	Spar		supermarket	Mo-Sa 08:00-21:00					+47 57855737
node	6058927347	62.8038580	6.8889410	Spar Aukra	Spar		supermarket	"Mo-Fr 08:00-22:00, Sa 09:00-20:00"					+47 71174160
node	6058927644	59.4167812	5.4048119	Spar Frakkagjerd	Spar		supermarket	"Mo-Fr 07:00-22:00, Sa 08:00-20:00"					+47 52777325
node	6058927645	60.4211150	5.4653300	Spar Øyrane torg	Spar		supermarket	"Mo-Fr 07:00-22:00, Sa 08:00-20:00"					+47 55249350
node	6058927646	61.8415920	4.9646922	Spar Bremanger	Spar		supermarket	"Mo-Fr 08:00-18:00, Sa 08:00-16:00"					+47 57791308
node	6058927647	62.4648170	6.3515225	Eurospar Moa	Spar		supermarket	"Mo-Fr 09:00-21:00, Sa 09:00-19:00"					+47 70178181
node	6058927648	60.2844533	5.2520755	Spar Blomsterdalen	Spar		supermarket	"Mo-Fr 06:30-22:00, Sa 09:00-20:00"					+47 55220020
node	6058927649	62.6737170	6.6762380	Spar Midsund	Spar		supermarket	"Mo-Fr 08:00-20:00, Sa 09:00-22:00"					+47 46813576
node	6058929495	59.4173900	5.2958040	Spar Sørhaug	Spar		supermarket	"Mo-Fr 07:00-22:00, Sa 08:00-20:00"					+47 52721828
node	6058929496	58.4524230	5.9749430	Spar Eigerøy	Spar		supermarket	"Mo-Fr 06:30-21:00, Sa 09:00-20:00"					+47 51465018
node	6058929497	62.3923300	6.5799980	Eurospar Sykkylven	Spar		supermarket	Mo-Sa 07:00-23:00					+47 70251009
node	6058929498	61.3757753	5.6537009	Spar Bygstad	Spar		supermarket	"Mo-Fr 09:00-20:00, Sa 09:00-18:00"					+47 57717904
node	6058929499	60.1853990	5.4082350	Spar Nore Neset	Spar		supermarket	"Mo-Fr 06:30-22:00, Sa 08:00-20:00"					+47 56300800
node	6058929500	60.2593600	6.5743460	Spar Nå	Spar		supermarket	"Mo-Fr 08:00-20:00, Sa 09:00-20:00"					+47 53662180
node	6058929501	62.1969480	6.1283280	Eurospar Ørsta	Spar		supermarket	"Mo-Fr 08:00-22:00, Sa 09:00-20:00"					+47 70066051
node	6058929502	62.3718107	6.0279234	Eurospar Hareid	Spar		supermarket	"Mo-Fr 07:00-23:00, Sa 08:00-21:00"					+47 70093310
node	6058929503	62.3010750	6.0832490	Spar Vartdal	Spar		supermarket	"Mo-Fr 08:00-21:00, Sa 09:00-20:00"					+47 70042145
node	6058929504	62.5500218	6.2783045	Spar Søvik	Spar		supermarket	"Mo-Fr 07:00-21:00, Sa 09:00-21:00"					+47 70212442
node	6058971181	60.7918590	11.0775088	Rema 1000 Grandsenteret	Rema 1000		supermarket	Mo-Sa 07:00-23:00					+47 90280962
node	6058971182	60.5687990	9.1023270	Spar Nesbyen	Spar		supermarket	"Mo-Fr 08:00-21:00, Sa 09:00-20:00, Su 11:00-17:00"					+47 32071850
node	6058971184	59.6956670	8.0660390	Spar Rauland	Spar		supermarket	"Mo-Fr 08:00-21:00, Sa 08:00-20:00, Su 10:00-18:00"					+47 35073164
node	6058971573	60.4252658	11.6401519	Spar Mosenteret	Spar		supermarket	"Mo-Fr 08:00-21:00, Sa 09:00-20:00"					+47 62974122
node	6058971574	58.5836420	7.7986010	Spar Evje	Spar		supermarket	"Mo-Fr 07:00-22:00, Sa 07:00-21:00"					+47 37930020
node	6058971576	60.0432051	9.6343849	Spar Prestfoss	Spar		supermarket	Mo-Sa 00:00-24:00					+47 32711350
node	6058971577	60.8451450	11.2000420	Spar Vang	Spar		supermarket	"Mo-Fr 08:00-22:00, Sa 09:00-20:00"					+47 62536440
node	6058971578	59.4891220	10.3170070	Spar Kullboden	Spar		supermarket	"Mo-Fr 07:00-22:00, Sa 08:00-20:00"					+47 33096300
node	6058971579	59.1770728	9.6133972	Spar Kjørbekk	Spar		supermarket	"We-Fr 06:30-22:00, Sa 08:00-20:00"					+47 35505350
node	6058971583	59.8818658	10.6104618	Spar Snarøya	Spar		supermarket	"Mo-Fr 08:00-22:00, Sa 09:00-20:00"					+47 67110500
node	6058975110	59.9608427	10.7911957	Spar Kjelsås	Spar		supermarket	"Mo-Fr 08:00-22:00, Sa 09:00-20:00"					+47 22224222
node	6058975111	59.9278082	11.1611320	Spar Fetsund	Spar	Norgesgruppen	supermarket	"Mo-Fr 08:00-21:00, Sa 09:00-20:00"					+47 63881310
node	6058975113	60.6999280	8.9440600	Spar Gol	Spar		supermarket	"Mo-Fr 08:00-21:00, Sa 09:00-18:00"					+47 32029790
node	6058975114	58.2936403	6.6658681	Spar Flekkefjord	Spar		supermarket	"Mo-Fr 08:00-22:00, Sa 09:00-20:00"				https://spar.no/Finn-butikk/spar-flekkefjord	+47 38321230
node	6058975115	60.8334930	10.0806940	Spar Dokka	Spar		supermarket	"Mo-Fr 08:00-22:00, Sa 08:00-20:00"					+47 61114500
node	6058975116	59.7409497	10.2240498	Spar CC Drammen	Spar		supermarket	"Mo-Fr 08:00-22:00, Sa 08:00-20:00"					+47 32277300
node	6058975117	60.5287710	8.2095530	Spar Geilobrua	Spar		supermarket	"Mo-We 09:00-18:00, Th-Fr 09:00-20:00, Sa 09:00-18:00"					+47 91107637
node	6058975886	60.3540120	10.5731090	Spar Gran	Spar		supermarket	"Mo-Fr 08:00-22:00, Sa 09:00-20:00"					+47 61331694
node	6058975887	59.0884131	9.0656149	Spar Drangedal	Spar		supermarket	"Mo-Fr 08:00-21:00, Sa 08:00-20:00"					+47 35984780
node	6058975888	60.8231765	9.5535430	Spar Bagn	Spar		supermarket	"Mo-Fr 08:00-21:00, Sa 09:00-18:00"					+47 61346480
node	6058975889	62.1084621	10.6320584	Spar Alvdal	Spar		supermarket	"Mo-Fr 09:00-20:00, Sa 09:00-18:00"					+47 62487600
node	6058975987	59.7605497	9.9039807	Eurospar Eikersenteret	Spar		supermarket	"Mo-Fr 07:00-22:00, Sa 08:00-21:00"				https://spar.no/finn-butikk/eurospar-eikersenteret	+47 32754400
node	6059016926	62.5823430	6.9311460	Joker Tomrefjord	Joker		supermarket	"Mo-Fr 09:00-21:00, Sa 09:00-20:00"					+47 71182185
node	6059016928	62.2064458	5.5713076	Joker Larsnes	Joker		supermarket	"Mo-Fr 08:00-21:00, Sa 09:00-20:00"					+47 70028037
node	6059016931	62.5856054	7.4979740	Joker Eidsbygda	Joker		supermarket	"Mo-Fr 09:00-20:00, Sa 09:00-18:00"					+47 71223812
node	6059016932	62.7947980	7.6336090	Joker Kleive	Joker		supermarket	"Mo-Fr 07:00-22:00, Sa 09:00-20:00"					+47 71242100
node	6059016935	60.6475250	9.8549970	Nærbutikken Begnadalen	Nærbutikken		supermarket	Mo-Su 06:00-24:00					+47 90622088
node	6059016936	60.8667810	9.2105660	Joker Fjellbu	Joker		supermarket	"Mo-Th 09:00-18:00, Fr 09:00-19:00, Sa 09:00-17:00, Su 11:00-16:00"					+47 61364015
node	6059016937	60.6989460	10.2816460	Vestsida Landhandleri			supermarket						
node	6059016938	61.1315580	9.0839040	Joker Heggenes	Joker		supermarket	Mo-Sa 09:00-18:00					+47 61340075
node	6059016939	60.9375109	10.0299036	Vest-Torpa landhandel			supermarket						
node	6059016940	60.7625100	10.9402490	Joker Tingnes	Joker		supermarket	"Mo-Fr 07:00-21:00, Sa-Su 09:00-20:00"					+47 62353252
node	6059016941	60.7254410	11.7989920	Joker Braskereidfoss	Joker		supermarket	"Mo-Fr 08:00-21:00, Sa 09:00-20:00"					+47 62423392
node	6059016944	60.6409540	12.0335400				supermarket						
node	6059022428	64.8826675	13.5600202	Joker Røyrvik	Joker		supermarket	Mo-Sa 05:00-24:00					+47 40857710
node	6059022429	62.7792871	9.5981003	Joker Nerskogen	Joker		supermarket	"Mo-Th 09:00-18:00, Fr 09:00-21:00, Sa 09:00-18:00, Su 12:00-18:00"					+47 91626523
node	6059022430	63.6324900	9.8277190	Joker Hasselvika	Joker		supermarket	"Mo-Fr 09:00-19:00, Sa 09:00-16:00"					+47 73854117
node	6059022431	64.0385050	10.0555420	Joker Stoksund	Joker		supermarket	"Mo-Th 09:00-18:00, Fr 09:00-20:00, Sa 09:00-18:00"					+47 72534145
node	6059022432	63.6539070	8.7766420	Joker Dolmøy	Joker		supermarket	Mo-Su 07:00-23:00					+47 72442167
node	6059022452	70.9465910	27.3270920	Joker Kjøllefjord	Joker		supermarket	Mo-Sa 09:00-21:00					+47 78498225
node	6059022453	69.5320060	19.6401890	Joker Sjursnes	Joker		supermarket	"Mo-Th 10:00-17:00, Fr 10:00-19:00, Sa 10:00-15:00"					+47 77691200
node	6059022455	66.0804670	12.5820160	Joker Karusellberget	Joker		supermarket	"Mo-Fr 09:00-19:00, Sa 09:00-18:00"					+47 75053700
node	6059022456	69.9084760	20.1602430	Joker Lenangen	Joker		supermarket	"Mo-Fr 09:00-20:00, Sa 10:00-18:00"					+47 98451519
node	6059022458	69.5412730	20.5451480	Joker Manndalen	Joker		supermarket	"Mo-Fr 08:00-21:00, Sa 08:00-20:00"					+47 77716105
node	6059022459	66.5109940	13.0072330	Nærbutikken Tonnes	Nærbutikken		supermarket	Mo-Su 06:00-24:00					+47 75091000
node	6059022460	66.3564740	14.3216690	Joker Røssvoll	Joker		supermarket	"Mo-Fr 09:00-20:00, Sa 09:00-18:00"					+47 75159920
node	6059022461	70.0747140	29.7815160	Joker Vadsø	Joker		supermarket	"Mo-Fr 09:00-20:00, Sa 10:00-18:00"					+47 78953626
node	6059022462	66.3627124	12.6035372	Joker Sleneset	Joker		supermarket	Mo-Sa 06:00-22:00					+47 75094163
node	6059022463	67.2804308	14.3849001	Joker Parkveien Bodø	Joker		supermarket	"Mo-Fr 07:00-24:00, Sa-Su 09:00-24:00"					+47 45502340
node	6059022465	68.7925890	16.5309680	Joker Matrix	Joker		supermarket	"Mo-Sa 09:00-23:00, Su 11:00-23:00"					+47 77040000
node	6059022466	68.4074220	16.6756510	Joker Kjeldebotn	Joker		supermarket	24/7					+47 76926212
node	6059022467	69.0202920	18.8992940	Joker Rundhaug	Joker		supermarket	"Mo-Fr 09:00-18:00, Sa 09:00-15:00"					+47 46965709
node	6059028780	62.0843650	6.8695030	Joker Hellesylt	Joker		supermarket	"Mo-Fr 09:00-21:00, Sa 09:00-19:00, Su 11:00-18:00"					+47 90157581
node	6059028781	62.5595940	6.6171850	Joker Vatne	Joker		supermarket	"Mo-Fr 07:00-20:00, Sa 09:00-20:00"					+47 70213690
node	6059028782	63.4206810	7.8279030	Joker Vestsmøla	Joker		supermarket	24/7					+47 71543129
node	6059028783	62.8516240	8.5206860	Joker Ålvundfjord	Joker		supermarket	"Mo-Fr 09:00-19:00, Sa 10:00-18:00, Su 12:00-15:00"					+47 71698344
node	6059028784	62.9116833	8.2057206	Joker Tingvoll	Joker		supermarket	"Mo-Fr 08:00-22:00, Sa 08:00-20:00"					+47 71531189
node	6059030244	61.7396250	5.9170850	Joker Hyen	Joker		supermarket	"Mo-We 09:00-17:00, Th-Fr 09:00-18:00, Sa 09:00-14:00"					+47 57869804
node	6059030247	61.3495937	6.1189935	Joker Viksdalen	Joker		supermarket	Mo-Sa 06:00-23:00					+47 57719800
node	6059030249	61.0200600	5.4619036	Joker Brekke	Joker		supermarket	Mo-Sa 07:00-22:00					+47 57785572
node	6059030250	61.4585580	5.4161160	Joker Kvammen	Joker		supermarket	Mo-Sa 07:00-23:00					+47 48255054
node	6059030251	61.5702985	6.4822317	Joker Skei i Jølster	Joker		supermarket	"Mo-Fr 06:00-21:00, Sa 08:00-20:00"					+47 57728122
node	6059030373	61.2542820	4.9919510	Joker Korssund	Joker		supermarket	"Mo-Fr 10:00-18:00, Sa 10:00-16:00"					+47 48269463
node	6059030377	61.8377736	4.9385683	Joker Bremanger	Joker		supermarket	"Mo-Fr 09:00-18:00, Sa 09:00-16:00"					+47 57791200
node	6059030380	61.2893180	5.0249840	Joker Grytøyra	Joker		supermarket	"Mo-Th 09:00-17:00, Fr 09:00-19:00, Sa 09:00-16:00"				https://joker.no/finn-butikk/joker-grytoyra	+47 97742679
node	6059030740	61.8369810	5.6744420	Nærbutikken Ålfoten	Nærbutikken		supermarket	Mo-Sa 07:00-23:00					+47 57795832
node	6059030742	60.8986270	4.8380350	Joker Byrknesøy	Joker		supermarket	"Mo-Fr 08:00-19:00, Sa 09:00-18:00"					+47 57782202
node	6059030743	61.9186440	7.1697960	Joker Hjelledalen	Joker		supermarket	Mo-Su 06:00-24:00					+47 41416798
node	6059030744	61.1645630	5.9368820	Joker Kyrkjebø	Joker		supermarket	"Mo-Fr 08:00-20:00, Sa 09:00-18:00"				https://joker.no/finn-butikk/joker-kyrkjebo	+47 57711130
node	6059030746	61.2859280	4.6326450	Joker Bulandet	Joker		supermarket	Mo-Sa 06:00-24:00				https://joker.no/finn-butikk/joker-bulandet	+47 57732144
node	6059030747	61.5742020	5.8257730	Joker Naustedalen	Joker		supermarket	Mo-Sa 07:00-23:00					+47 95887215
node	6059030750	62.1738267	5.4413348	Joker Åram	Joker		supermarket	Mo-Sa 09:00-18:00					+47 70026006
node	6059030755	60.5993720	9.7438510	Joker Hedalen	Joker		supermarket	"Mo-Fr 07:00-20:00, Sa 09:00-18:00"					+47 61349503
node	6059030758	61.1382180	8.8204370	Joker Ryfoss	Joker		supermarket	"Mo-Fr 08:00-20:00, Sa 09:00-18:00"					+47 97068077
node	6059030761	60.5531230	12.0221640	Joker Amundsen	Joker		supermarket	"Mo-Fr 08:00-19:00, Sa-Su 09:00-18:00"					+47 62954000
node	6059030762	60.2556730	11.6732340	Joker Skarnes	Joker		supermarket	"Mo-Fr 07:00-20:00, Sa 09:00-20:00, Su 09:00-22:00"					+47 62961087
node	6059030763	62.5274830	11.1091070	Joker Dalsbygda	Joker		supermarket	"Mo-Fr 09:00-18:00, Sa 09:00-16:00"					+47 62470090
node	6059030764	60.1786700	12.0251310	Joker Kongsvinger	Joker		supermarket	"Mo-Fr 09:00-21:00, Sa-Su 10:00-20:00"					+47 90163847
node	6059030765	61.3009170	11.7648390	Joker Osen	Joker		supermarket	"Mo-Fr 08:00-20:00, Sa 08:00-18:00, Su 10:00-15:00"					+47 62444139
node	6059030768	60.0966790	12.3219350	Joker Austmarka	Joker		supermarket	"Mo-Fr 08:00-20:00, Sa 09:00-19:00"					+47 62828221
node	6059031186	62.2093260	6.4759560	Joker Bellingen	Joker		supermarket	"Mo-Sa 09:30-21:00, Su 12:00-18:00"					+47 48927767
node	6059031188	62.5581920	6.0696430	Joker Vikane	Joker		supermarket	Mo-Sa 00:00-24:00				https://joker.no/finn-butikk/joker-vikane	+47 70183770
node	6059063637	60.7469470	8.8677230	Joker Robru	Joker		supermarket	24/7					+47 32077505
node	6059063638	59.6960788	9.7964204	Joker Darbu	Joker		supermarket	"Mo-Fr 08:00-20:00, Sa 09:00-18:00"				https://joker.no/finn-butikk/joker-darbu	+47 97690257
node	6059063639	59.6670340	9.6667250	Joker Risteigen	Joker		supermarket	"Mo-Fr 07:00-22:00, Sa 08:00-21:00, Su 09:00-21:00"					+47 97316565
node	6059063640	60.6646200	8.7119080	Joker Torpo	Joker		supermarket	24/7					+47 32083107
node	6059063641	60.1686650	9.0108500	Joker Egedahl	Joker		supermarket	"Mo-Th 08:00-19:00, Fr 08:00-20:00, Sa 09:00-18:00"					+47 32745152
node	6059063642	59.8633891	9.4279532	Joker Flesberg	Joker		supermarket	"Mo-Fr 07:00-20:00, Sa 08:00-18:00, Su 10:00-18:00"				https://joker.no/finn-butikk/joker-flesberg	+47 32760280
node	6059063643	59.5715740	9.2602150	Joker Meaksmoen	Joker		supermarket	Mo-Su 09:00-22:00					+47 35011111
node	6059063644	59.7549580	8.7909017	Joker Tuddal	Joker		supermarket	24/7					+47 35024105
node	6059063645	59.2139340	9.6028680	Joker Duestien	Joker		supermarket	"Mo-Fr 08:00-20:00, Sa 09:00-18:00, Su 09:00-20:00"					+47 35523341
node	6059063646	58.7920870	9.3723670	Joker Westgaard	Joker		supermarket	"Mo-Sa 09:00-19:00, Su 10:00-16:00"					+47 35987279
node	6059063663	58.6279920	8.8552260	Joker Nes verk	Joker		supermarket	Mo-Sa 00:00-24:00					+47 37161339
node	6059063664	58.7208940	9.2323320	Joker Risør	Joker		supermarket	Mo-Su 08:00-22:00					+47 37150979
node	6059063665	58.1568800	8.0050000	Joker Oddernesveien	Joker		supermarket	"Mo-Sa 08:00-22:00, Su 10:00-22:00"					+47 38093100
node	6059063666	58.2703520	7.6586230	Joker Finsland	Joker		supermarket	"Mo-Fr 08:00-20:00, Sa 08:00-19:00"					+47 38180033
node	6059063667	58.3751460	7.2224800	Joker Tingvatn	Joker		supermarket	"Mo-Th 09:00-19:00, Fr 09:00-20:00, Sa 09:00-18:00"					+47 38348755
node	6059063669	58.2395345	7.1794740	Snarkjøp Kvås	Snarkjøp		convenience						+47 916 97 574
node	6059063670	58.2626020	7.8310240	Joker Homstean	Joker		supermarket	"Mo-Sa 09:00-20:00, Su 10:00-20:00"					+47 38139737
node	6059063671	58.1620713	8.0074198	Joker Gimle	Joker		supermarket	"Mo-Fr 08:00-20:00, Sa 09:00-19:00, Su 10:00-20:00"					+47 38108232
node	6059063672	58.3850780	7.5278070	Joker Bjelland	Joker		supermarket	"Mo-Th 09:00-19:00, Fr 09:00-20:00, Sa 09:00-19:00"					+47 38286168
node	6059063777	59.5942970	5.5904910	Joker Vikebygd	Joker		supermarket	"Mo-Th 08:00-19:00, Fr 08:00-20:00, Sa 09:00-18:00"					+47 92965404
node	6059063778	59.3388710	6.0291530	Joker Jelsa	Joker		supermarket	"Mo-Th 09:00-18:00, Fr 09:00-19:00, Sa 09:00-18:00"				https://joker.no/finn-butikk/joker-jelsa	+47 93414479
node	6059063779	59.5299150	5.6885740	Joker Vats	Joker		supermarket	"Mo-Fr 08:00-19:00, Sa 09:00-17:00"					+47 52765946
node	6059063781	59.2354710	5.9384170	Joker Ombo	Joker		supermarket	"Mo-Th 08:00-17:00, Fr 08:00-18:00, Sa 09:00-15:00"					+47 51710111
node	6059063782	59.4102580	6.0179740	Joker Vatlandsvåg	Joker		supermarket	Mo-Sa 00:00-24:00					+47 52796100
node	6059063783	59.3200140	5.5947760	Joker Hervik	Joker		supermarket	"Mo-Fr 09:00-18:00, Sa 09:00-16:00"					+47 52774590
node	6059063784	59.2273360	5.8360130	Joker Helgøysund	Joker		supermarket	"Mo-Fr 09:00-19:00, Sa 09:00-17:00, Su 12:00-16:00"					+47 51710374
node	6059064178	59.1841280	9.5124130	Joker Klovholt	Joker		supermarket	"Mo-Fr 06:00-21:00, Sa-Su 09:00-21:00"					+47 35596943
node	6059064179	59.4986390	8.1990400	Joker Høydalsmo	Joker		supermarket	"Mo-Sa 08:00-20:00, Su 09:00-20:00"					+47 92017404
node	6059064180	59.0545270	9.6983690	Joker Brevik	Joker		supermarket	"Mo-Sa 08:00-22:00, Su 09:00-22:00"					+47 35570201
node	6059064181	59.5631780	8.5756070	Joker Flatdal	Joker		supermarket	24/7					+47 90594626
node	6059064182	59.6023249	8.7042833	Bygdebutikken Hjartdal			convenience						
node	6059064183	58.4545640	7.9166020	Joker Iveland	Joker		supermarket	"Mo-Fr 09:00-20:00, Sa 09:00-18:00"					+47 47630978
node	6059064184	58.3882400	7.9097290	Joker Skaiaa	Joker		supermarket	"Mo-Fr 09:00-20:00, Sa 09:00-18:00, Su 12:00-18:00"				https://joker.no/finn-butikk/joker-skaiaa	+47 96042051
node	6059064285	58.4094620	8.6388660	Joker Rykene	Joker		supermarket	"Mo-Fr 08:00-21:00, Sa 09:00-20:00"					+47 37093302
node	6059064286	58.6896080	9.1431460	Joker Hopestrand	Joker		supermarket	"Mo-Sa 09:00-18:00, Su 12:00-16:00"					+47 37154022
node	6059064289	58.8319520	5.6626440	Gabbi & Di			supermarket						
node	6059064290	59.6118250	5.4751080	Joker Førde	Joker		supermarket	"Mo-Fr 08:00-18:00, Sa 09:00-18:00"					+47 48058063
node	6059064292	60.4240020	6.6210600	Joker Utne	Joker		supermarket	"Mo-Fr 09:00-18:00, Sa 09:00-16:00"					+47 53666941
node	6059064293	60.1298920	5.0914800	Joker Bakkasund	Joker		supermarket	"Mo-Fr 09:00-19:00, Sa 09:00-18:00, Su 12:00-16:00"					+47 56183190
node	6059064296	59.7398890	5.2333750	Joker Finnås	Joker		supermarket	Mo-Sa 08:00-20:00					+47 53425301
node	6059064385	59.1972750	5.9563620	Joker Skartveit	Joker		supermarket	Mo-Su 07:00-23:00					+47 51710712
node	6059064387	60.2382270	5.4420275	Joker Søfteland	Joker		supermarket	"Mo-Fr 06:00-21:00, Sa 09:00-20:00"					+47 56307390
node	6059064388	59.9481539	5.6281625	Joker Onarheim	Joker		supermarket	"Mo-Fr 08:00-19:00, Sa 09:00-18:00"					+47 53430700
node	6059064389	60.1520768	5.7353649	Joker Revnestranden	Joker		supermarket	"Mo-Fr 09:00-19:00, Sa 09:00-18:00"					+47 56583207
node	6059064390	59.9880700	5.0805500	Joker Stolmen	Joker		supermarket	"Mo-Th 09:00-19:00, Fr 09:00-20:00, Sa 09:00-18:00, Su 16:00-17:00"					+47 56185013
node	6059064391	59.5908810	5.1545220	Joker Espevær	Joker		supermarket	"Mo-Th 09:00-18:00, Fr 09:00-19:30, Sa 09:00-14:30"					+47 53424285
node	6059110177	59.2461510	10.4737900	Joker Jarlsø	Joker		supermarket	Mo-Su 08:00-21:00					+47 40076058
node	6059110178	59.1347510	10.2221100	Joker Sandefjord stasjon	Joker		supermarket	"Mo-Fr 07:00-24:00, Sa-Su 08:00-24:00"					+47 48899598
node	6059110180	59.2103650	10.9834940	"Joker Langvik, Gamle Fredrikstad"	Joker		supermarket	"Mo-Fr 09:00-19:00, Sa 09:00-18:00, Su 10:00-20:00"					+47 91607370
node	6059110182	59.7462774	11.8086432	Joker Rømskog	Joker		supermarket	"Mo-Fr 08:00-20:00, Sa 09:00-18:00, Su 10:00-16:00"					+47 69859136
node	6059110183	59.2126390	10.9361530	Joker Agentgaten	Joker		supermarket	"Mo-Fr 07:00-23:00, Sa-Su 09:00-23:00"					+47 69301001
node	6059110184	59.9458230	10.8441420	Joker Linderudsletta	Joker		supermarket	"Mo-Fr 08:00-22:00, Sa-Su 10:00-22:00"					+47 46889528
node	6059110185	59.9561650	10.7893150	Joker Kjelsås	Joker		supermarket	"Mo-Fr 08:00-22:00, Sa-Su 09:00-21:00"					+47 22153249
node	6059110186	59.9114170	10.7518450	Joker Oslo S	Joker		supermarket	"Mo-Fr 05:00-24:00, Sa-Su 06:00-24:00"				https://joker.no/finn-butikk/joker-oslo-s	+47 22172504
node	6059110187	59.9175640	10.7872580	Joker Tiedemannsbyen	Joker		supermarket	"Mo-Fr 07:00-23:00, Sa 08:00-23:00, Su 09:00-23:00"					+47 22190010
node	6059110188	59.9548142	10.6655324	Joker Holmenkollen	Joker		supermarket	"Mo-Fr 09:00-21:00, Sa-Su 10:00-21:00"					+47 46574016
node	6059110192	59.9138720	10.7248720	Joker Ruseløkka	Joker		supermarket	"Mo-Fr 07:00-23:00, Sa-Su 08:00-23:00"					+47 22558900
node	6059110193	59.5129433	10.1237894	Spar Sundbyfoss	Spar		supermarket	"Mo-Fr 07:00-21:00, Sa 08:00-20:00"					+47 33058072
node	6059110194	59.9295200	10.7613330	Joker Toftes gate	Joker		supermarket	"Mo-Fr 07:00-24:00, Sa-Su 08:00-24:00"					+47 91925655
node	6059110195	59.9612250	10.7445520	Joker Nordberg	Joker		supermarket	"Mo-Sa 08:00-23:00, Su 09:00-23:00"					+47 47976295
node	6059110197	59.9203163	10.7673128	Joker Trondheimsveien	Joker		supermarket	"Mo-Th 07:00-23:50, Fr 08:00-24:00, Sa-Su 09:00-24:00"					+47 47486433
node	6059110286	59.9163820	10.8204440	Joker Teisen	Joker		supermarket	24/7					+47 48405715
node	6066506150	59.8493320	10.6595490	Circle K Flaskebekk	Circle K		convenience	"Mo-Fr 06:00-22:00, Sa 08:00-22:00, Su 08:00-23:00"					+4766911557
node	6091116536	59.2725017	10.4173146	Narvesen	Narvesen		supermarket						
node	6096878184	65.8399010	13.1903400	Bunnpris & Gourmet Mosjøen	Bunnpris		supermarket	"Mo-Sa 07:00-00:00, Su 10:00-00:00"					+47 75170770
node	6096879944	68.9146360	15.0939640	Bunnpris Myre	Bunnpris		supermarket	Mo-Fr 07:00-22:00; Sa 09:00-21:00; Su 10:00-21:00					+47 76133110
node	6096879945	65.5967660	13.9902310	Bunnpris Hattfjelldal	Bunnpris		supermarket	"Mo-Fr 09:00-21:00, Sa 09:00-18:00"					+47 75184278
node	6096879946	66.7104400	13.2795380	Bunnpris Vågaholmen	Bunnpris		supermarket	"Mo-Fr 08:30-20:00, Sa 10:00-16:00"					+47 75098900
node	6096879947	68.8047880	16.5488080	Bunnpris Havnegata	Bunnpris		supermarket	"Mo-Fr 08:00-23:00, Sa 09:00-22:00, Su 10:00-22:00"					+47 77070400
node	6096879948	67.2763350	14.3829430	Bunnpris Aspmyra	Bunnpris		supermarket	"Mo-Fr 08:00-22:00, Sa 09:00-21:00, Su 10:00-22:00"					+47 75529506
node	6096879985	66.0222930	12.6351350	Bunnpris Sandnessjøen	Bunnpris		supermarket	"Mo-Fr 08:00-21:00, Sa 09:00-20:00"					+47 75043066
node	6096879986	66.3061040	14.1347130	Bunnpris & Gourmet Mo	Bunnpris		supermarket	"Mo-Fr 07:00-23:00, Sa 08:00-23:00"					+47 75169598
node	6096879987	68.0980870	16.3774680	Bunnpris Kjøpsvik	Bunnpris		supermarket	"Mo-Fr 08:00-21:00, Sa 09:00-20:00"					+47 75774406
node	6096879988	66.3179660	14.1942230	Bunnpris Gruben	Bunnpris		supermarket	"Mo-Fr 07:00-23:00, Sa 08:00-23:00"					+47 75150010
node	6096879989	67.8986160	15.1972830	Bunnpris Bogøy	Bunnpris		supermarket	"Mo-Fr 09:00-21:00, Sa 09:00-18:00"					+47 75777207
node	6096879990	69.3052730	16.0753760	Bunnpris Andenes	Bunnpris		supermarket	"Mo-Fr 07:00-23:00, Sa 08:00-22:00, Su 09:00-21:00"					+47 76142581
node	6096879991	65.8236840	13.2218340	Bunnpris Olderskog	Bunnpris		supermarket	"Mo-Fr 08:00-22:00, Sa 09:00-21:00"					+47 75013007
node	6096938690	63.3782970	10.3645010	Bunnpris Romolslia	Bunnpris		supermarket	"Mo-Fr 07:00-22:00, Sa 09:00-21:00"					+47 72845690
node	6096938692	63.7492870	11.2740730	Bunnpris Levangernesset	Bunnpris		supermarket	"Mo-Fr 07:00-22:00, Sa 09:00-21:00"					+47 74080345
node	6096938696	63.3002750	10.4841350	Bunnpris Klæbu	Bunnpris		supermarket	"Mo-Fr 08:00-22:00, Sa 09:00-21:00, Su 11:00-21:00"					+47 72830510
node	6097040189	61.3315160	5.0207450	Joker Atløy	Joker		supermarket	Mo-Sa 06:00-23:00					+47 91863838
node	6097040190	61.1370600	5.3481310	Bunnpris Leirvik	Bunnpris		supermarket	"Mo-Fr 09:00-20:00, Sa 09:00-18:00"					+47 57788174
node	6097040191	61.5926350	5.0113020	Bunnpris Havreneset	Bunnpris		supermarket	"Mo-Fr 08:00-22:00, Sa 08:00-21:00"					+47 57741555
node	6097040192	61.3107970	7.8033720	Bunnpris Årdal	Bunnpris		supermarket	"Mo-Fr 07:00-23:00, Sa 08:00-21:00"					+47 57662860
node	6097042349	62.8902410	8.0802880	Bunnpris Angvik	Bunnpris		supermarket	"Mo-Fr 09:00-21:00, Sa 09:00-20:00"					+47 71292620
node	6097042350	62.1995920	6.1236080	Bunnpris Ørsta	Bunnpris		supermarket	"Mo-Sa 09:00-21:00, Su 10:00-23:00"					+47 70033018
node	6097042351	62.3859530	6.5549430	Bunnpris Ikornnes	Bunnpris		supermarket	"Mo-Fr 08:00-22:00, Sa 09:00-22:00"					+47 91829271
node	6097042352	63.2686400	8.5293940	Bunnpris Aure	Bunnpris		supermarket	"Mo-Fr 08:00-22:00, Sa 08:00-20:00"					+47 71646270
node	6097042353	63.4607520	8.0115380	Bunnpris Smøla	Bunnpris		supermarket	"Mo-Fr 08:00-22:00, Sa 08:00-20:00, Su 11:00-20:00"					+47 71540404
node	6097042354	62.6214670	7.0942880	Bunnpris Vestnes	Bunnpris		supermarket	"Mo-Fr 08:00-22:00, Sa 09:00-22:00, Su 10:00-22:00"					+47 71180124
node	6097042355	63.1233420	8.5607310	Bunnpris Valsøyfjord	Bunnpris		supermarket	"Mo-Fr 09:00-18:00, Sa 09:00-16:00"					+47 71555156
node	6097042356	62.3333000	6.5943000	Bunnpris Straumgjerde	Bunnpris		supermarket	"Mo-Fr 08:00-22:00, Sa 08:00-20:00"					+47 70251507
node	6097047814	62.4822090	6.8175700	Bunnpris Sjøholt	Bunnpris		supermarket	"Mo-Fr 07:00-23:00, Sa 08:00-22:00"					+47 70270305
node	6097047815	63.0636890	7.4986800	Bunnpris Langøya	Bunnpris		supermarket	"Mo-Fr 09:00-20:00, Sa 09:00-18:00"					+47 71515395
node	6097047816	62.4379860	6.2349640	Bunnpris Vedde	Bunnpris		supermarket	"Mo-Fr 07:00-23:00, Sa 08:00-21:00, Su 10:00-21:00"					+47 70193010
node	6097047817	63.1106637	7.7811339	Bunnpris Futura	Bunnpris		supermarket	"Mo-Fr 08:00-21:00, Sa 08:00-19:00"					+47 71584550
node	6097047818	63.0931040	7.8416220	Bunnpris Freitorget	Bunnpris		supermarket	"Mo-Fr 08:00-22:00, Sa 08:00-21:00"					+47 71528060
node	6097047819	62.7758680	8.0633220	Bunnpris Eidsvåg	Bunnpris		supermarket	"Mo-Fr 07:00-22:00, Sa 08:00-21:00"					+47 71231800
node	6097047820	62.7794621	6.9922527	Extra Hollingen	Extra		supermarket	Mo-Sa 07:00-23:00				https://www.coop.no/butikker/extra/extra-hollingen-2809	+47 47 51 71 20
node	6097047821	62.5971630	6.4461160	Bunnpris Brattvåg	Bunnpris		supermarket	"Mo-Fr 07:00-21:00, Sa 08:00-20:00"					+47 95072851
node	6097047822	62.8053690	6.8897660	Bunnpris Aukra	Bunnpris		supermarket	"Mo-Fr 07:00-22:00, Sa 09:00-20:00, Su 11:00-20:00"					+47 71174503
node	6097047823	63.1100850	7.7289810	Bunnpris Kongens plass	Bunnpris		supermarket	"Mo-Sa 07:00-23:00, Su 10:00-23:00"					+47 71670399;+47 47667803
node	6098837278	58.4609340	8.7742110	Bunnpris Arendal	Bunnpris		supermarket	"Mo-Sa 07:00-22:00, Su 09:00-22:00"					+47 37131007
node	6098837279	60.6174430	5.1787640	Bunnpris Austmarka	Bunnpris		supermarket	"Mo-Fr 07:00-22:00, Sa 09:00-20:00"					+47 56374180
node	6098837280	59.4110260	5.2736820	Bunnpris Markedet	Bunnpris		supermarket	"Mo-Fr 09:00-20:00, Sa 09:00-18:00"					+47 52716411
node	6098837281	60.0626739	6.5506926	Bunnpris Odda	Bunnpris		supermarket	"Mo-Fr 08:00-22:00, Sa 08:00-21:00, Su 10:00-18:00"					+47 53644344
node	6098838852	60.4648140	5.3620670	Bunnpris Ulvedalen	Bunnpris		supermarket	"Mo-Fr 08:00-22:00, Sa 08:00-21:00, Su 10:00-22:00"					+47 55192440
node	6098838853	60.2404250	5.0432900	Bunnpris Spildepollen	Bunnpris		supermarket	"Mo-Fr 07:00-22:00, Sa 08:00-20:00"					+47 91920916
node	6098838854	60.4237990	5.2397300	Bunnpris Florvåg	Bunnpris		supermarket	"Mo-Fr 07:00-23:00, Sa 08:00-22:00, Su 10:00-22:00"					+47 56147270
node	6098838855	60.2564870	5.2402920	Bunnpris Hjellestad	Bunnpris		supermarket	"Mo-Fr 07:00-21:00, Sa 08:00-21:00, Su 09:00-21:00"					+47 55120580
node	6098838856	59.0892970	9.0652280	Bunnpris Drangedal	Bunnpris		supermarket	"Mo-Fr 08:00-21:00, Sa 09:00-20:00, Su 11:00-19:00"					+47 35996488
node	6098902574	59.8149950	10.4673530	Bunnpris Blakstad	Bunnpris		supermarket	"Mo-Fr 08:00-22:00, Sa 09:00-22:00, Su 10:00-22:00"					+47 66900311
node	6098902575	59.4413480	10.6932830	Bunnpris Vålerveien	Bunnpris		supermarket	"Mo-Fr 07:00-22:00, Sa-Su 09:00-21:00"					+47 69255158
node	6098902576	59.7049280	11.2943430	Bunnpris Båstad	Bunnpris		supermarket	"Mo-Fr 08:00-22:00, Sa 09:00-20:00, Su 10:00-18:00"					+47 69828060
node	6098905070	60.7225690	10.6120020	Bunnpris Raufoss	Bunnpris		supermarket	"Mo-Fr 07:00-23:00, Sa 08:00-21:00"					+47 90820253
node	6109135499	59.9204710	10.7170480	Rema 1000 Briskeby	Rema 1000		supermarket	Mo-Sa 07:00-23:00					+47 22551000
node	6120221537	59.9151751	10.7256638	Joker Henrik Ibsens gate	Joker		supermarket						+47 40074741
node	6120221725	59.9213439	10.7270395	7-Eleven Hegdehaugsveien	7-Eleven		convenience	24/7					+47 22606056
node	6120221726	59.9193820	10.7340260	7-Eleven Holbergs plass	7-Eleven		convenience	24/7					+47 22204610
node	6135905557	63.4056440	10.4004720	Kiwi Sorgenfri	Kiwi		supermarket	Mo-Sa 07:00-23:00				https://kiwi.no/finn-butikk/kiwi-sorgenfri/	+47 73942200
node	6138013098	59.9575490	11.0499830	Foodora Market			supermarket						
node	6159333174	61.8849078	8.2635796	Bunnpris	Bunnpris		supermarket						
node	6167773029	59.0753760	9.6828390	Rema 1000 Heistad	Rema 1000		supermarket	Mo-Sa 07:00-23:00					+47 35551280
node	6202773368	69.7876884	20.5679943	Giævers landhandel		Johs H Giæver AS	supermarket	Mo-Sa 09:00-16:00				https://www.lyngen-havnnes.no/butikken	+4777764400
node	6222711713	60.8479870	5.0836220	Bunnpris Eidsbotn	Bunnpris		supermarket	"Mo-Fr 07:00-21:00, Sa 09:00-20:00"					+47 57783821
node	6222711714	62.2331480	8.3529770	Bunnpris Lesjaskog	Bunnpris		supermarket	"Mo-Fr 10:00-17:00, Sa 10:00-15:00"					+47 61244511
node	6222869304	59.8770730	8.5873980	Rema 1000 Rjukan	Rema 1000		supermarket	"Mo-Fr 07:00-23:00, Sa 08:00-21:00, Su 10:00-18:00"					+47 35091000
node	6222869305	63.5854340	9.9616920	Rema 1000 Rissa	Rema 1000		supermarket	Mo-Sa 07:00-23:00					+47 73851130
node	6222869306	69.2278756	17.9769624	Rema 1000 Meierigata	Rema 1000		supermarket	Mo-Sa 07:00-23:00					+47 77844800
node	6222869307	58.9729730	5.7216370	Rema 1000 Bjergsted	Rema 1000		supermarket	Mo-Sa 07:00-23:00					+47 90959829
node	6222869308	60.4061140	5.1933500	Rema 1000 Strusshamn	Rema 1000		supermarket	Mo-Sa 07:00-23:00					+47 56147000
node	6222869310	67.2806040	14.5451830	Rema 1000 Hunstad	Rema 1000		supermarket	"Mo-Sa 07:00-23:00, Su 10:00-22:00"					+47 75527700
node	6223061708	70.2177620	21.7132590	Nærbutikken Sør-Tverrfjord	Nærbutikken		supermarket	Mo-Su 09:00-23:00					+47 48205463
node	6223061709	59.9317050	10.7827260	Nærbutikken Schouterrassen	Nærbutikken		supermarket	"Mo-Fr 08:00-23:00, Sa-Su 09:00-23:00"					+47 46663783
node	6223061711	59.9774380	11.3624130	Joker Blaker	Joker		supermarket	"Mo-Fr 06:00-21:00, Sa-Su 09:00-21:00"					+47 47979243
node	6223061712	70.6299710	21.9815720	Joker Sørvær	Joker		supermarket	"Mo 09:00-16:30, Tu 09:00-19:00, We-Fr 09:00-16:30, Sa 09:00-16:00"					+47 41245007
node	6223061713	61.3157800	5.3635090	Joker Flekke	Joker		supermarket	"Mo-Fr 08:00-20:00, Sa 10:00-18:00"					+47 91999126
node	6223061715	59.8337730	10.4361910	Joker Asker stasjon	Joker		supermarket	"Mo-Fr 07:00-24:00, Sa-Su 09:00-24:00"					+47 40411126
node	6223061716	59.9372360	11.1516550	Joker Garderåsen	Joker		supermarket	Mo-Su 09:00-21:00					+47 91660095
node	6223061717	59.7716710	10.8493970	Joker Langhus	Joker		supermarket	"Mo-Fr 06:00-23:00, Sa-Su 09:00-23:00"					+47 64865210
node	6223061718	59.8297717	11.7198632	Joker Setskog	Joker		supermarket	"Mo-Fr 09:00-20:00, Sa 09:00-18:00, Su 13:00-16:00"					+47 63862970
node	6223061719	60.1423460	11.1616710	Joker Jessheim hageby	Joker		supermarket	"Mo-Fr 08:00-23:00, Sa-Su 09:00-23:00"					+47 46506856
node	6223061720	59.9354534	10.5973847	Snarkjøp Hosle	Snarkjøp		supermarket	"Mo-Fr 08:00-23:00, Sa-Su 09:00-23:00"					+47 40 57 34 83
node	6223061721	60.8076699	11.0796201	Kiwi Mæhlumsløkka	Kiwi		supermarket	Mo-Sa 07:00-23:00					+47 62524966
node	6223061722	59.7194844	10.8087279	Kiwi Nordbyveien	Kiwi		supermarket	Mo-Sa 07:00-23:00					+47 64941480
node	6223061724	58.4733289	8.8160438	Kiwi Krøgenes	Kiwi		supermarket	Mo-Sa 07:00-23:00					+47 37093300
node	6223061725	64.0146629	11.4951744	Spar Sentrum Steinkjer	Spar		supermarket	"Mo-Fr 07:00-22:00, Sa 09:00-21:00"					+47 74167677
node	6223061726	64.8571020	11.2874920	Spar Ottersøy	Spar		supermarket	"Mo-Fr 08:00-21:00, Sa 08:00-20:00"					+47 74394322
node	6223061727	64.4666600	11.4958670	Spar Røthe Namsos	Spar		supermarket	"Mo-Fr 08:00-21:00, Sa 09:00-20:00"					+47 74209300
node	6223061728	64.4636724	11.7613785	Spar Skage	Spar		supermarket	"Mo-Fr 08:00-21:00, Sa 09:00-18:00"					+47 74285950
node	6223061730	58.4598830	8.7641950	Spar Arendal sentrum	Spar		supermarket	"Mo-Fr 08:00-20:00, Sa 09:00-18:00"					+47 37005400
node	6223061731	64.0117057	11.4909755	Bunnpris Steinkjer	Bunnpris		supermarket	"Mo-Sa 08:00-22:00, Su 10:00-23:00"					+47 91600669
node	6223061732	64.4939764	11.9489163	Spar Overhalla	Spar		supermarket	"Mo-Fr 08:00-21:00, Sa 09:00-18:00"					+47 74281203
node	6223061733	63.2507311	11.0952291	Spar B. Langseth	Spar		supermarket	"Mo-Fr 08:00-21:00, Sa 09:00-20:00"					+47 73810170
node	6223190687	71.0997350	25.3780900	Matkroken Gjesvær	Matkroken		supermarket	"Mo-Fr 11:00-16:00, Sa 10:00-14:00"				https://www.coop.no/butikker/coop-marked-matkroken/matkroken-gjesvaer-4404	+47 41 31 67 37
node	6223190688	70.3185284	22.8717706	Matkroken Kvalfjord	Matkroken		supermarket	"Mo-Fr 10:00-13:30, Sa 10:00-13:00"				https://www.coop.no/butikker/coop-marked-matkroken/matkroken-kvalfjord-4433	+47 78 43 86 24
node	6223190689	70.2405200	22.3492950	Coop Prix Øksfjord	Coop Prix		supermarket	Mo-Sa 09:00-20:00				https://www.coop.no/butikker/coop-prix/coop-prix-oksfjord-1969	+47 97 73 16 92
node	6223190690	65.3120160	12.1664900	Coop Prix Vik i Helgeland	Coop Prix		supermarket	"Mo-Fr 08:00-22:00, Sa 08:00-20:00"				https://www.coop.no/butikker/coop-prix/coop-prix-vik-i-helgeland-1727	+47 75 02 90 04
node	6223190692	62.4932980	6.6058400	Extra Digernes	Extra		supermarket	Mo-Sa 07:00-23:00				https://www.coop.no/butikker/extra/extra-digernes-2626	+47 97 99 49 97
node	6223190693	60.4633050	5.2951770	Extra Haukedalen	Extra		supermarket	Mo-Sa 07:00-23:00				https://www.coop.no/butikker/extra/extra-haukedalen-2649	+47 55 13 00 10
node	6223190694	60.7987030	11.0467050	Extra Maxi	Extra		supermarket	"Mo-Fr 07:00-22:00, Sa 08:00-21:00"				https://www.coop.no/butikker/extra/extra-maxi-2639	+47 91 54 18 24
node	6223190695	58.2512250	7.9657430	Extra Vikeland	Extra		supermarket	Mo-Sa 07:00-23:00				https://www.coop.no/butikker/extra/extra-vikeland-4720	+47 38 15 23 80
node	6223190697	59.6745718	10.6576417	Extra Drøbak	Extra		supermarket	"Mo-Sa 07:00-23:00, Su 09:00-21:00"				https://www.coop.no/butikker/extra/extra-drobak-2650	+47 64 93 50 00
node	6223190698	59.2695631	10.7700140	Extra Manstad kjøtt og delikatesse	Extra		supermarket	"Mo-Fr 08:00-17:00, Sa 08:00-16:00"					
node	6223448581	59.9103553	10.7530787	7-Eleven Flytogterminalen	7-Eleven		convenience	24/7					+47 64821884
node	6223448583	63.4207750	10.3891600	7-Eleven St.Olavs hospital	7-Eleven		convenience	"Mo-Fr 06:00-23:00, Sa-Su 09:00-22:00"					+47 48116114
node	6223448786	59.9140185	10.7324278	7-Eleven Saga	7-Eleven		convenience	24/7					+47 22834501
node	6223448787	59.9123321	10.7532522	7-Eleven Vaterlandspassasjen	7-Eleven		convenience	"Mo-Fr 05:00-01:00, Sa-Su 07:00-01:00"					+47 22 17 07 55
node	6223448789	59.9136810	10.7433945	7-Eleven Grensen	7-Eleven		convenience	"Mo-Th 06:00-24:00, Fr 06:00-04:30, Sa-Su 09:00-24:00"					+47 98844386
node	6226012496	69.6417660	18.9427040	Coop Prix Strandkanten	Coop Prix		supermarket	"Mo-Fr 07:00-00:00, 09:00-18:00; Sa 08:00-00:00"				https://coop.no/butikker/prix/strandkanten-2596/	
node	6235440806	58.3539515	8.6518568	Moysand camping			convenience						
node	6244921031	70.7949061	23.4097141	Akkarfjord samvirkelag			supermarket						
node	6258931214	58.4654508	8.7129334	Holdbart			supermarket						
node	6269524971	59.8192900	10.4409868	Kiwi Bondi	Kiwi		supermarket	Mo-Sa 07:00-23:00					+47 66758000
node	6280775555	60.3755920	5.3531350	Deli de Luca			convenience	Mo-Fr 07:00-23:00				https://delideluca.no/	+47 53 00 49 48
node	6282709859	62.0998185	7.2040654				convenience	08:00-22:00					
node	6343062336	69.5610140	19.1840505	Isaksens Kiosk			convenience	Mo-Fr 10:00-21:00; Sa 11:00-21:00; Su 14:00-21:00					
node	6365979414	60.3796074	5.3247694	Kiwi Damsgårdssundet	Kiwi		supermarket	Mo-Sa 07:00-23:00					+47 55500900
node	6394787080	60.4738920	5.3356050	Global food			convenience	Mo-Fr 10:00-20:00; Sa 10:00-19:00; Su 12:00-18:00				https://globalfood.no/	+47 55 55 86 00
node	6415316171	60.1474060	11.1690050	Mango Eksotisk Mat As			convenience	"Mo-Sa 10:00-18:00, 09:00-18:00; Su 13:00-18:00"					+4790541552
node	6432672547	60.3868903	5.2952524	Nor Kiosk			convenience						
node	6449043553	59.9174400	10.9575760	Rema 1000 Løkenhagen	Rema 1000		supermarket	Mo-Sa 07:00-23:00					+47 67977700
node	6449043554	59.1065830	10.9053950	Rema 1000 Hvaler	Rema 1000		supermarket	"Mo-Sa 07:00-23:00, Su 10:00-18:00"					+47 69377000
node	6449043555	59.9346150	10.7914740	Rema 1000 Sinsenveien	Rema 1000		supermarket	Mo-Sa 07:00-23:00					+47 22223200
node	6449043557	63.3342640	10.3604850	Rema 1000 Sandmoen	Rema 1000		supermarket	"Mo-Fr 06:00-23:00, Sa 07:00-23:00"					+47 93816911
node	6449064061	59.9299900	10.7918190	Joker Løren stasjon	Joker		supermarket	"Mo-Sa 07:00-24:00, Su 09:00-24:00"					+47 97344732
node	6449138722	60.7396150	11.3636240	Joker Åsbygda	Joker		supermarket	"Mo-Fr 08:00-20:00, Sa 09:00-18:00"					+47 91903980
node	6449138724	59.9108560	10.7388010	Joker Akersgata	Joker		supermarket	"Mo-Fr 07:00-24:00, Sa-Su 09:00-22:00"					+47 22426699
node	6449138725	67.5067630	12.0645560	Joker Røst	Joker		supermarket	"Mo-Fr 09:00-18:00, Sa 10:00-15:00"				https://joker.no/finn-butikk/joker-rost	+47 76096103
node	6449138726	58.8874400	5.6483810	Joker Brustadbua Sola	Joker		supermarket	"Mo-Fr 08:00-21:00, Sa-Su 09:00-21:00"					+47 51870824
node	6449138727	59.0544360	10.0098490	Kiwi Farriseidet	Kiwi		supermarket	Mo-Sa 07:00-23:00					+47 33112100
node	6449138729	60.3205613	5.3696897	Kiwi Midtun	Kiwi		supermarket	Mo-Sa 07:00-23:00					+47 55180400
node	6449138730	69.6358840	18.9314520	Eurospar Strandveien	Spar		supermarket	Mo-Sa 07:00-23:00					+47 48014899
node	6449138731	59.1301450	10.2262430	Spar Hvaltorvet	Spar		supermarket	"Mo-Fr 08:00-20:00, Sa 08:00-18:00"					+47 33480800
node	6449138732	58.9701040	5.7323070	Spar Torget	Spar		supermarket	"Mo-Fr 08:00-21:00, Sa 09:00-20:00"					+47 47701550
node	6449138733	59.9271596	10.7706765	Spar Dælenenggata	Spar		supermarket	"Mo-Fr 07:00-22:00, Sa 08:00-20:00"					+47 90409005
node	6462875985	69.6739690	29.9623140	Extra Sandnes Kirkenes	Extra		supermarket	Mo-Sa 07:00-23:00				https://www.coop.no/butikker/extra/extra-sandnes-kirkenes-2625	+47 47 75 97 92
node	6462875987	67.1338930	16.0709450	Coop Prix Sulitjelma	Coop Prix		supermarket	Mo-Sa 06:00-24:00				https://www.coop.no/butikker/coop-prix/coop-prix-sulitjelma-2623	+47 75 64 01 00
node	6462875988	63.5088990	10.8259680	Extra Skatval	Extra		supermarket	Mo-Sa 07:00-23:00				https://www.coop.no/butikker/extra/extra-skatval-1711	+47 40 00 12 48
node	6462875990	58.7765617	5.6273575	Extra Kleppekrossen	Extra		supermarket	Mo-Sa 07:00-23:00				https://www.coop.no/butikker/extra/extra-kleppekrossen-2647	+47 48 01 59 96
node	6462875991	58.7795480	5.6268580	Coop Marked Kleppe	Coop Marked		convenience	"Mo-Fr 09:00-20:00, Sa 09:00-18:00, Su 09:00-21:00"					
node	6462875992	58.4392790	6.0097150	Extra Bøesenteret	Extra		supermarket	Mo-Sa 07:00-23:00				https://www.coop.no/butikker/extra/extra-boesenteret-2657	+47 90 64 98 00
node	6462875993	58.1799130	8.1314100	Extra Sørlandssenteret	Extra		supermarket	"Mo-Fr 10:00-21:00, Sa 10:00-19:00"				https://www.coop.no/butikker/extra/extra-sorlandssenteret-2659	+47 91 59 25 00
node	6462875996	59.4172411	10.6840436	Extra Varnaveien	Extra		supermarket	Mo-Sa 07:00-23:00				https://www.coop.no/butikker/extra/extra-varnaveien-2624	+47 69 27 70 00
node	6462875998	59.8938034	10.8060967	Extra Ryensvingen	Extra		supermarket	"Mo-Sa 07:00-23:00, Su 09:00-21:00"				https://www.coop.no/butikker/extra/extra-ryensvingen-2667	+47 22 71 60 00
node	6477512662	61.1155424	10.4630273				convenience						
node	6502636644	60.3860363	5.3324018	Mango Supermarked			convenience	Mo-Su 10:30-21:00					+47 463 77 177
node	6564661197	59.8878190	10.5217010	Extra Thon senter Sandvika	Extra		supermarket	"Mo-Fr 09:00-21:00, Sa 09:00-19:00"					
node	6564682711	63.4167630	11.7389100	Rema 1000 Meråker	Rema 1000		supermarket	Mo-Sa 07:00-22:00					+47 74810099
node	6564682712	59.7168882	10.8362896	Rema 1000 Ski storsenter	Rema 1000		supermarket	"Mo-Fr 09:00-21:00, Sa 09:00-19:00"					+47 91114442
node	6564734442	69.5761300	20.2197670	Spar Lyngseidet	Spar		supermarket	"Mo-Fr 08:00-21:00, Sa 09:00-20:00"					+47 93240005
node	6568173134	70.2665517	22.1091539	Snarkjøp Nuvsvåg	Snarkjøp	Nuvsvåg Dagligvarer AS	convenience	Mo-Sa 10:00-13:00				http://www.snarkjopnuvsvag.no	
node	6595124234	58.1467193	8.0292312				convenience						
node	6604174386	59.6033679	9.1437892				convenience						
node	6617472202	61.0900827	8.7390313	Snarkjøp Syndingstøga	Snarkjøp	Syndingstøga AS	convenience						
node	6637422911	58.0952060	6.8053880	Snarkjøp Farsund	Snarkjøp	Torvets Kolonial AS	convenience						
node	6684680110	61.1179479	10.4639639	Mesna mat			supermarket						
node	6717371763	59.9199870	10.7464200	Rustal matmarked			supermarket	Mo-Su 13:00-22:00; SC unknown					
node	6755212560	59.7202840	10.8332060	Kiwi Ski stasjon	Kiwi		supermarket	Mo-Sa 07:00-23:00					+47 64869600
node	6757996172	70.4750430	25.0691080	Matkroken Russenes	Matkroken		supermarket	Mo-Fr 09:00-17:00; Sa 10:00-16:00				https://www.coop.no/butikker/coop-marked-matkroken/matkroken-russenes-4461	+47 78 46 38 55
node	6762237254	59.7786732	9.9175500	Kiwi Lerberg	Kiwi		supermarket	Mo-Sa 07:00-23:00					+47 32757750
node	6763705112	60.3815610	5.3173670	Rema 1000 Gyldenpris	Rema 1000		supermarket	Mo-Sa 07:00-23:00					+47 55161500
node	6763705113	59.7740620	10.8042350	Rema 1000 Greverud	Rema 1000		supermarket	Mo-Sa 07:00-23:00					+47 90161618
node	6763705114	59.9168398	10.8067346	Rema 1000 Valle	Rema 1000		supermarket	"Mo-Fr 07:00-22:00, Sa-Su 09:00-21:00"					+47 22758800
node	6763729479	68.5607921	14.9127165	Extra Stokmarknes	Extra		supermarket	Mo-Sa 07:00-23:00				https://www.coop.no/butikker/extra/extra-stokmarknes-2673	+47 90 98 61 11
node	6763729480	60.8583686	5.9761444	Coop Marked Øvre Helland	Coop Marked		supermarket	"Mo-Tu 09:00-17:00, Th-Fr 09:00-17:00, Sa 10:00-15:00"					
node	6763729481	59.7597380	10.0591400	Extra Herstrøm	Extra		supermarket	Mo-Sa 07:00-23:00				https://www.coop.no/butikker/extra/extra-herstrom-2654	+47 91 82 87 00
node	6763729482	59.9410340	10.9802950	Coop Mega Fjellhamar	Coop Mega		supermarket	"Mo-Fr 07:00-22:00, Sa 08:00-21:00"				https://www.coop.no/butikker/coop-mega/coop-mega-fjellhamar-2527	+47 67 90 16 55
node	6763808127	67.2837457	14.3863445	Kiwi Meierikvartalet	Kiwi		supermarket	Mo-Sa 07:00-23:00					+47 75521820
node	6763808128	59.7626440	5.4564310	Spar Heiane	Spar		supermarket	"Mo-Fr 06:00-22:00, Sa 08:00-21:00"					+47 53417500
node	6763808129	59.9139770	10.7878450	Spar Ensjø	Spar		supermarket	"Mo-Fr 07:00-22:00, Sa 09:00-20:00"					+47 22681200
node	6763808130	69.6540180	18.9604580	Joker Storgatbakken	Joker		supermarket	"Mo-Fr 08:00-23:00, Sa-Su 10:00-23:00"					+47 97318882
node	6763808131	59.1312720	10.2188510	Joker Tomta	Joker		supermarket	"Mo-Fr 07:00-21:00, Sa 07:00-18:00"					+47 91537950
node	6763808133	59.9626355	10.6443091	Kiwi Bogstad	Kiwi		supermarket	"Mo-Sa 07:00-23:00, Su 09:00-23:00"					+47 22519989
node	6763875670	62.2093322	6.4753281	Joker Sæbø	Joker		supermarket	"Mo-Fr 09:30-21:00, Sa 09:30-18:00, Su 12:00-18:00"					+47 70040016
node	6786441986	67.9347012	13.0888655	Circle K Reine			supermarket	"PH,Mo-Su 09:00-21:00"					+4776092439
node	6818068128	59.8922143	5.0950054	Skjeret landhandel			convenience						
node	6823768987	67.2836173	14.3854326	Brødrene Khalaf			convenience						
node	6840424480	70.0405300	22.9525160	Coop Prix Talvik	Coop Prix		supermarket	Mo-Sa 09:00-20:00				https://www.coop.no/butikker/coop-prix/coop-prix-talvik-2734	+47 48 23 81 74
node	6851218173	69.9602630	23.2291430	Bunnpris & Gourmet Bossekop	Bunnpris		supermarket	"Mo-Fr 07:00-23:00, Sa 08:00-23:00, Su 10:00-22:00"					+47 78444080
node	6854003801	65.8419440	13.1891250	Rema 1000 Mosjøen	Rema 1000		supermarket	"Mo-Fr 06:30-21:00, Sa 08:00-20:00"					+47 75177000
node	6854003806	65.8415499	13.1914832	Europris			supermarket						
node	6861974670	59.5826780	11.1654540	Fresh Deli Asiatiske Avdeling			convenience	"Mo-Su,PH 10:00-20:00"					
node	6864100545	59.2678905	11.1693108	Kiwi Skjeberg	Kiwi		supermarket	Mo-Sa 07:00-23:00					+47 69140932
node	6871205906	60.3098578	5.3536484	Orcideija			convenience	Mo-Th 14:00-20:00; Fr-Su 11:00-20:00					
node	6872857949	60.3936791	5.3228518	Asian Food Market		Mo-Fr 10:00-19:00; Sa 11:00-18:00	convenience						
node	6887742913	59.5846590	11.1353780	Rema 1000 Hurrahølet	Rema 1000		supermarket	Mo-Sa 07:00-23:00					+47 69887260
node	6887742914	59.5814151	11.1694673	Kiwi Askim	Kiwi		supermarket	Mo-Sa 07:00-23:00					+47 69888063
node	6900232059	60.2840650	5.2539820	Bep 250			convenience	Mo-Fr 10:00-20:00; Sa 10:00-18:00; Su 12:00-17:00				https://www.nickumi.com/	+47 466 97 999
node	6910354501	62.7392349	7.1828956	Asia Marked			convenience	Mo-Fr 10:00-20:00; Sa 10:00-19:00					
node	6919444836	67.2795666	14.4170981	Chilli			convenience						
node	6943168039	59.9139763	10.5010084	Kolsås Frukt og Grønt			convenience	Mo-Sa 09:00-18:00; Su 10:00-18:00					
node	6949651686	59.9631414	11.0614635	Meny Åråsen	Meny		supermarket	"Mo-Fr 07:00-22:00, Sa 08:00-20:00"					+47 63803300
node	6952558036	63.4223930	10.3936960	Joker Samfundet	Joker		supermarket	"Mo-Fr 06:30-23:00, Sa-Su 09:00-22:00"					+47 90592885
node	6952558038	58.4605773	6.0014885	Kiwi Eiekrysset	Kiwi		supermarket	Mo-Sa 07:00-23:00					+47 51498890
node	6952558039	59.9274987	10.7952327	Spar Hasle	Spar		supermarket	"Mo-Fr 08:00-21:00, Sa 09:00-20:00"					+47 22650099
node	6952558040	59.2292730	9.5982110	Spar Rising	Spar		supermarket	"Mo-Fr 08:00-22:00, Sa 09:00-20:00"					+47 35905820
node	6952663185	61.9100190	6.0025590	Rema 1000 Stokkenes	Rema 1000		supermarket	Mo-Sa 07:00-23:00					+47 90100456
node	6952663186	62.4641170	6.2660990	Rema 1000 Gåseid	Rema 1000		supermarket	Mo-Sa 07:00-23:00					+47 70140700
node	6952663187	60.2927770	5.2833790	Rema 1000 Sandsli	Rema 1000		supermarket	Mo-Sa 07:00-23:00					+47 55220700
node	6952663188	68.8632570	18.3490090	Rema 1000 Bardu	Rema 1000		supermarket	Mo-Sa 07:00-23:00					+47 77181911
node	6952663189	63.1105681	7.7774125	Rema 1000 Futura	Rema 1000		supermarket	Mo-Sa 07:00-21:00					+47 91758080
node	6957520785	63.4170417	11.7390852				supermarket						
node	6962657515	62.7380943	7.1653472	Asan Mat			convenience	Mo-Fr 10:30-19:00; Sa 10:30-18:30					+47 950 24 649
node	6962657518	62.7369355	7.1614793	Habibi Kolonial			convenience	Mo-Sa 09:00-23:00; Su 10:00-23:00					
node	6964185945	68.9148420	15.1014680	Extra Myre	Extra		supermarket	Mo-Sa 07:00-23:00				https://www.coop.no/butikker/extra/extra-myre-2676	+47 94 79 95 75
node	6964185946	60.4345248	11.0701776	Coop Prix Hurdal	Coop Prix		supermarket	"Mo-Fr 07:00-22:00, Sa 07:00-21:00"				https://www.coop.no/butikker/coop-prix/coop-prix-hurdal-2638	+47 63 98 71 21
node	6964185947	59.7843380	10.4864520	Extra Slemmestad	Extra		supermarket	Mo-Sa 07:00-23:00				https://www.coop.no/butikker/extra/extra-slemmestad-2610	+47 31 28 00 99
node	6964185948	59.7308180	10.7347470	Extra Nesset	Extra		supermarket	"Mo-Sa 07:00-23:00, Su 10:00-20:00"				https://www.coop.no/butikker/extra/extra-nesset-2632	+47 64 87 01 00
node	6983506024	59.5848955	11.1664572	Extra Askim	Extra		supermarket	Mo-Sa 07:00-23:00				https://www.coop.no/butikker/extra/extra-askim-2455	+47 69 88 77 88
node	6985747719	58.9701922	5.7405084	Polski Sklep			convenience						+47 463 70 096
node	7011010229	62.7427600	7.2294780	Bunnpris Kviltorp	Bunnpris		supermarket	Mo-Sa 07:00-22:00					+47 71251001
node	7016702569	67.2853724	14.3895876	Asia-Marked			convenience						
node	7056016778	67.2806470	14.5479950	Extra Hunstad	Extra		supermarket	Mo-Sa 07:00-23:00				https://www.coop.no/butikker/extra/extra-hunstad-2858	+47 47 75 40 19
node	7069932046	67.2836332	14.3839192	Noor Dagligvarer			convenience						
node	7070302520	59.9561333	11.0527282	Norsk og asiatisk dagligvare			convenience	Mo-Fr 10:00-24:00; Sa 12:00-24:00; Su 12:00-23:00					
node	7070560243	59.5819430	11.1607660	Iman Multishop			convenience	Mo-Su 10:00-20:00					
node	7089341138	61.7473616	9.7231700	Rustugsetra			convenience	10:00-17:00					
node	7101202198	59.7882621	10.8009415	Kiwi Myrvoll	Kiwi		supermarket	Mo-Sa 07:00-23:00					+47 66995800
node	7140706032	59.0652250	5.9187570	Rema 1000 Tau	Rema 1000		supermarket	Mo-Sa 07:00-23:00					+47 51741650
node	7140706033	59.1966470	9.5997450	Rema 1000 Herkules	Rema 1000		supermarket	"Mo-Fr 08:00-21:00, Sa 08:00-20:00"					+47 90245752
node	7140763759	59.9282844	10.7139847	Joker Arbosgate	Joker		supermarket	24/7					+47 47269488
node	7140763760	59.9088530	10.7554620	Joker Barcode	Joker		supermarket	24/7					+47 91849329
node	7140763761	59.9452050	10.7716000	Meny Lillo Gård	Meny		supermarket	"Mo-Fr 08:00-22:00, Sa 08:00-20:00"					+47 22224300
node	7140763762	60.5307340	5.1564630	Kiwi Holme	Kiwi		supermarket	Mo-Sa 07:00-23:00				https://kiwi.no/Finn-butikk/kiwi-810-holme	+47 56177620
node	7140763763	60.8036620	11.0445609	Kiwi Storhamar	Kiwi		supermarket	Mo-Sa 07:00-23:00					+47 62535520
node	7140763764	59.4271342	5.2638899	Kiwi Gard senter	Kiwi		supermarket	Mo-Sa 07:00-23:00					+47 52727215
node	7140763765	62.4790555	6.6644636	Kiwi Vallekrysset	Kiwi		supermarket	Mo-Sa 07:00-23:00					+47 70275220
node	7140763766	60.4031546	5.0003466	Kiwi Ågotnes torg	Kiwi		supermarket	Mo-Sa 07:00-23:00					+47 56334680
node	7140763767	61.9099355	5.9954311	Kiwi Nordfjordeid	Kiwi		supermarket	Mo-Sa 07:00-23:00					+47 57860166
node	7140991163	70.9457470	27.3539025	Mix Mossakiosken	Mix		convenience	Mo-Fr 10:00-22:00; Sa 11:00-21:00; Su 15:00-20:00					
node	7141286373	60.5904486	4.8432829	Snarkjøp Heggholmen	Snarkjøp	Heggholmen Servicesenter AS	convenience						
node	7141286374	58.0566535	7.7099362	Snarkjøp Trysnes	Snarkjøp	Trysnes Brygge AS	convenience						
node	7141286375	68.1830983	15.6665080	Snarkjøp Tranøy	Snarkjøp	Dalshammeren AS	convenience						
node	7141286377	70.6568482	26.5896720	Snarkjøp Veidnes Bygdehandel	Snarkjøp	Veidnes Bygdehandel	convenience						
node	7141286378	58.0096067	7.5452526	Snarkjøp Tregde Feriesenter	Snarkjøp	Tregde Ferie AS	convenience						
node	7141286379	58.1203389	8.0919032	Snarkjøp Tømmerstø	Snarkjøp	Kjøpmann Vik AS	convenience						
node	7141286380	58.6490572	9.1200406	Snarkjøp Gjeving	Snarkjøp	Gjeving Mathus AS	convenience	Mo-Fr 10:00-18:00; Sa 10:00-15:00					+47 469 13 525
node	7141286381	59.7653656	9.4650681	Snarkjøp Blefjell	Snarkjøp	RH - Entreprenør AS	convenience						+47 948 00 089
node	7141286382	60.5761605	5.4766132	Snarkjøp Mjøsvågen	Snarkjøp		convenience						
node	7141286383	70.7205308	29.3185165	Kongsfjord Landhandel			convenience						
node	7141308485	58.5288992	8.3540022	Snarkjøp Herefoss	Snarkjøp	HEREFOSS HANDEL AS	convenience						
node	7141308486	66.1679431	12.3521416	Snarkjøp Vandve	Snarkjøp	Vandve Kystferie AS	convenience						
node	7141308487	60.3778170	5.9881901	Snarkjøp Kvamskogen	Snarkjøp	Kvamskogen Landhandleri AS	convenience						
node	7141308488	58.1725968	7.8280696	Snarkjøp Hortemo	Snarkjøp	Hortemo Kolonial AS	convenience						
node	7141308489	68.3221146	14.2018974	Snarkjøp Gimsøy	Snarkjøp	Gimsøy Landhandel Lofoten AS	convenience						
node	7141308490	70.2488386	21.7893077	Snarkjøp Bergsfjord	Snarkjøp	C. Bucks Eftf AS	convenience						
node	7141308492	66.5880912	12.2383626	Snarkjøp Selvær	Snarkjøp	Butikken i Selvær	convenience						
node	7141308493	70.0530709	20.6324455	Snarkjøp Arnøyhamn	Snarkjøp	Bygdebutikken AS	convenience						
node	7141308494	58.7891098	7.3559048	Snarkjøp Ljosland	Snarkjøp	Stovesjappa AS	convenience						
node	7141308496	60.6485595	6.1154936	Snarkjøp Evanger	Snarkjøp	Evanger Landhandleri AS	convenience	Mo-Th 10:00-18:00; Fr 10:00-20:00; Sa 10:00-18:00					
node	7141308497	59.0456935	9.7324748	Snarkjøp Sandøya	Snarkjøp	Sandøya Handelshus	convenience						
node	7141308498	66.2030770	12.9675018	Snarkjøp Neverdal	Snarkjøp	Elena Khokhlova handel ANS	convenience						
node	7197943118	59.2048233	10.4117041	Mix Skjervekiosken	Mix		convenience	Mo-Fr 08:00-22:00; Sa-Su 09:00-22:00					
node	7286550341	58.9498367	5.7416278	Kiwi Hillevåg	Kiwi		supermarket	Mo-Sa 07:00-23:00					+47 51619500
node	7290147954	59.5830871	11.1665894	Mix Askimtorget	Mix		convenience	Mo-Fr 10:00-20:00; Sa 10:00-18:00				https://mix.no/	+47 69 88 88 91
node	7331903378	58.7802362	5.6277734	Holdbart			supermarket						
node	7340698136	60.7300505	10.6157903	Arne Wangen Storkiosk			convenience						
node	7340698216	60.7276223	10.6149186	Storgata Asia Butikken			convenience						
node	7340698485	60.7258914	10.6136875	Syrian Asia Mat			convenience						
node	7341033273	60.7960246	10.6911778	Oscar			convenience						
node	7342478261	60.7940321	10.6876655	4 seasons ferske varer			convenience						
node	7342495146	60.7959069	10.6922185	ASIA kiosken			convenience	Mo-Sa 11:00-18:00					
node	7350730013	60.1669950	10.2552810	Jin Cheng Frukt & Grønt			supermarket	"Mo-Fr 09:00-19:00, Sa 09:00-18:00, Su 12:00-18:00"					
node	7390281498	60.6647927	10.6731078				convenience						
node	7400854578	68.4369772	17.4268463	Joker Narvik	Joker		supermarket	"Mo-Fr 07:00-21:00, Sa 09:00-21:00, Su 10:00-21:00"					+47 48122863
node	7400854579	59.9104960	10.7444310	Joker Kvadraturen	Joker		supermarket	24/7					+47 95750162
node	7400854581	59.6197904	10.4710650	Kiwi Klokkarstua	Kiwi		supermarket	Mo-Sa 07:00-23:00					+47 67906100
node	7418476071	68.3881730	14.4183210	Matkroken Laukvik	Matkroken		supermarket	"Mo-Fr 10:00-18:00, Sa 10:00-16:00"				https://www.coop.no/butikker/coop-marked-matkroken/matkroken-laukvik-4235	+47 41 65 05 50
node	7418476072	58.7413920	5.6400530	Extra Bryne	Extra		supermarket	Mo-Sa 07:00-23:00				https://www.coop.no/butikker/extra/extra-bryne-2900	+47 91 91 95 00
node	7418476073	59.0654578	5.9216725	Extra Tau	Extra		supermarket	Mo-Sa 07:00-23:00				https://www.coop.no/butikker/extra/extra-tau-1316	+47 51 74 03 30
node	7418476074	59.1862530	9.6116083	Extra Gråtenmoen	Extra		supermarket	"Mo-Sa 06:30-23:00, Su 09:00-21:00"				https://www.coop.no/butikker/extra/extra-gratenmoen-2679	+47 35 58 80 70
node	7418476075	59.1379117	10.1815324	Extra Pindsle	Extra		supermarket	"Mo-Sa 07:00-23:00, Su 09:00-21:00"				https://www.coop.no/butikker/extra/extra-pindsle-2656	+47 90 36 55 50
node	7418476076	59.1283780	10.2450640	Extra Kamfjordjordet	Extra		supermarket	Mo-Sa 07:00-23:00				https://www.coop.no/butikker/extra/extra-kamfjordjordet-2611	+47 46 83 25 50
node	7418476077	59.9243680	10.6731550	Coop Mega Harbitz torg	Coop Mega		supermarket	"Mo-Fr 07:00-22:00, Sa 08:00-21:00"				https://www.coop.no/butikker/coop-mega/coop-mega-harbitz-torg-2653	+47 23 30 00 07
node	7418476078	59.8268908	10.7841648	Coop Prix Holmlia	Coop Prix		supermarket	"Mo-Fr 07:00-23:00, Sa 08:00-23:00"				https://www.coop.no/butikker/coop-prix/coop-prix-holmlia-2680	+47 23 30 00 90
node	7418476079	59.9118381	10.7660048	Extra Grønlandsleiret	Extra		supermarket	Mo-Sa 07:00-23:00				https://www.coop.no/butikker/extra/extra-gronlandsleiret-2678	+47 23 30 00 06
node	7418510646	67.2583380	15.3961990	Bunnpris & Gourmet Fauske	Bunnpris		supermarket	"Mo-Sa 08:00-22:00, Su 10:00-22:00"					+47 75646016
node	7418510647	59.9456122	10.7775669	Bunnpris Storo	Bunnpris		supermarket	"Mo-Fr 07:00-23:00, Sa-Su 09:00-23:00"					+47 48027763
node	7418589330	58.7193370	9.2263630	Rema 1000 Kragsgate	Rema 1000		supermarket	"Mo-Sa 07:00-23:00, Su 10:00-18:00"					+47 37150011
node	7418589332	59.9143700	10.7745270	Rema 1000 Tøyen	Rema 1000	Rema 1000	supermarket	Mo-Sa 07:00-23:00				https://www.rema.no/butikker/oslo/oslo/rema-1000-toyen	+47 22681500
node	7418589333	61.1201180	10.4590830	Rema 1000 Fåberggata	Rema 1000		supermarket	Mo-Sa 07:00-23:00					+47 61260000
node	7434439434	58.4608140	8.7637950	Asia com			convenience						
node	7434439435	58.4608730	8.7643530	Mango Market			convenience						
node	7501524739	60.4630920	5.3164850	Extra Ulset	Extra		supermarket	"Mo-Fr 06:00-23:00, Sa 07:00-23:00"				https://www.coop.no/butikker/extra/extra-ulset-4579	+47 55 19 13 10
node	7501585264	67.2853770	14.3835960	Joker Sjøgata	Joker		supermarket	24/7					+47 45502340
node	7501585265	64.3885470	11.4007130	Joker Bangsund	Joker		supermarket	"Mo-Fr 08:00-22:00, Sa-Su 10:00-22:00"					+47 74287444
node	7501585266	59.9130680	10.7495660	Joker Skippergata Oslo	Joker		supermarket	24/7					+47 40141010
node	7501585267	66.2962577	13.5502615	Joker Utskarpen	Joker		supermarket	"Mo-Fr 09:00-20:00, Sa 10:00-18:00"					+47 75147000
node	7501585268	59.9133484	10.7321361	Joker Klingenberg	Joker		supermarket	"Mo-Fr 07:00-24:00, Sa 09:00-24:00, Su 10:00-21:00"					+47 22655556
node	7501585270	58.0291410	7.4600650	Kiwi Marnargården	Kiwi		supermarket	"Mo-Sa 07:00-23:00, Su 10:00-18:00"					+47 38020300
node	7501640886	69.9708630	23.3718830	Rema 1000 Elvebakken	Rema 1000		supermarket	Mo-Sa 07:00-23:00					+47 78450760
node	7501640887	58.9166320	5.6035500	Rema 1000 Risavika	Rema 1000		supermarket	Mo-Sa 07:00-23:00					+47 99343548
node	7501640888	59.1164164	9.6623602	Rema 1000 Stridsklev	Rema 1000		supermarket	Mo-Sa 06:00-23:00					+47 35550010
node	7548950157	59.9072958	10.7613004	Kiwi Barcode	Kiwi		supermarket	Mo-Sa 07:00-23:00					+47 22172700
node	7577666036	59.1248455	11.3629868	Mix Tex-Pizza'n	Mix		convenience	Mo-Fr 07:00-22:00; Sa 08:00-22:00; Su 09:00-22:00					+47 91 63 24 64
node	7589882170	61.4459069	5.8882481	Kiwi Førde	Kiwi		supermarket	Mo-Sa 07:00-23:00					+47 57728922
node	7611948017	60.9158440	10.7004355				convenience						
node	7622955176	58.1757830	8.1209420	Skog & Hage		T O Slettebøe AS	supermarket						
node	7639871941	61.6010420	5.0424030	Extra Florø	Extra	COOP NORDVEST SA	supermarket	Mo-Sa 07:00-23:00; Su 10:00-22:00				https://coop.no/butikker/extra/floro-2160/	+4757748620
node	7643844514	63.4422944	10.4337775	Kiwi Lilleby	Kiwi		supermarket	Mo-Sa 07:00-23:00					+47 73502650
node	7661096989	69.9673895	23.2672305	Fagmøbler Alta			supermarket	Mo-Fr 10:00-17:00					+47 78439742
node	7702468233	58.3426034	8.5916492	Al-Mostafa Asian Food			supermarket	Mo-Sa 10:00-18:00					+47 96 85 92 77
node	7715636771	60.8851249	11.5323766	Kiwi Grindalsmoen	Kiwi		supermarket	Mo-Sa 07:00-23:00					+47 62418523
node	7715636772	59.5712605	11.3297849	Spar Momarken	Spar		supermarket	"Mo-Fr 08:00-22:00, Sa 08:00-20:00"					+47 69880010
node	7725795104	60.3156140	5.2712720	Extra Søreide	Extra		supermarket	Mo-Sa 07:00-23:00				https://www.coop.no/butikker/extra/extra-soreide-2641	+47 55 12 09 00
node	7725795105	60.7023480	8.9357750	Extra Gol	Extra		supermarket	"Mo-Sa 06:00-23:00, Su 09:00-21:00"					
node	7725813566	59.2192060	10.9219000	Rema 1000 Fjeldberg	Rema 1000		supermarket	Mo-Sa 07:00-23:00					+47 69317733
node	7725813567	60.8612907	11.5662535	Rema 1000 Hanstad	Rema 1000		supermarket	Mo-Sa 07:00-23:00					+47 62410000
node	7747065702	60.1646071	10.2574856	Mix Sentrum Stopp	Mix		convenience	Mo-Fr 07:00-20:00; Sa 10:00-17:00; Su 10:00-20:00					
node	7781372785	59.9497522	10.6533475	Hovseter Frukt & Grønt		Family-operated	convenience	Mo-Sa 08:30-19:00; Su 10:00-18:00				https://hovseter-frukt-og-grnt.business.site/	+4795240081
node	7788521341	59.8985742	10.6214896				convenience						
node	7796995893	59.4373190	10.6637620	Hoang Asia Mat - HAM 3 - Moss			supermarket	Mo-Fr 10:00-18:00; Sa 10:00-17:00				https://www.hoangasia.no/	+47 46519999
node	7812508845	69.2274260	17.9772510	Tippekiosken			convenience						
node	7812508860	69.2359864	18.0938489	Mix Finnfjordbotn	Mix		convenience	Mo-Fr 09:30-22:00; Sa 10:00-22:00; Su 12:00-22:00					
node	7835074506	58.2026125	8.0744006	Point			convenience						
node	7904884786	59.9157800	10.7526300	EKO market			supermarket	"Mo-Fr 10:00-20:00; Sa,Su 10:00-18:00"					
node	7917373641	70.3710160	31.1197020	Rema 1000 Vardø	Rema 1000		supermarket	Mo-Sa 07:00-23:00					+47 78986755
node	7927765414	63.4336408	10.3954723	Albaraka			convenience	Mo-Sa 10:00-19:00; Su 11:00-17:00				https://www.facebook.com/Albaraka.as/	
node	7935383013	59.9591950	11.0501780	Bunnpris Lundkvartalet	Bunnpris		supermarket	"Mo-Fr 07:00-22:00, Sa-Su 09:00-22:00"					+47 63801400
node	7935391572	59.2598310	11.1022160	Rema 1000 Årum	Rema 1000		supermarket	Mo-Sa 07:00-23:00					+47 69335590
node	7935391573	60.3365140	5.3451760	Rema 1000 Paradis	Rema 1000		supermarket	Mo-Sa 07:00-23:00				https://www.rema.no/	+47 55103300
node	7935635653	59.6659803	9.6829207	Spar Kongsberg	Spar		supermarket	"Mo-Fr 07:00-22:00, Sa 08:00-20:00"					+47 32717100
node	7935635654	59.9431024	10.8363484	Kiwi Linderud senter	Kiwi		supermarket	Mo-Sa 07:00-23:00					+47 22720200
node	7935635655	59.9300167	10.6558927	Joker Ullern	Joker		supermarket	"Mo-Sa 07:00-23:00, Su 09:00-23:00"					+47 45561551
node	7935639785	58.0378000	7.4557220	Joker Frøysland	Joker		supermarket	"Mo-Fr 09:00-20:00, Sa 10:00-20:00, Su 10:00-22:00"					+47 90216350
node	7935639786	58.1456237	7.9911918	Joker Lillemarkens	Joker		supermarket	"Mo-Fr 08:30-19:00, Sa 09:30-17:00, Su 10:00-20:00"					+47 46807744
node	7935639787	59.9668330	10.7729570	Joker Frysja	Joker		supermarket	"Mo-Fr 07:00-23:00, Sa-Su 09:00-21:00"					+47 47511072
node	7935639788	59.9297360	10.7959790	Joker Løren	Joker		supermarket	"Mo-Fr 07:00-24:00, Sa-Su 08:00-24:00"					+47 97345242
node	7935639790	60.7728713	11.1154159	Spar Bekkelaget	Spar		supermarket	"Mo-Fr 07:00-22:00, Sa 09:00-20:00"					+47 62577700
node	7936404773	63.4419700	10.4358230	Extra Lilleby	Extra		supermarket	Mo-Sa 07:00-23:00				https://www.coop.no/butikker/extra/extra-lilleby-2664	+47 90 75 78 50
node	7936404774	62.5492610	9.1154880	Matkroken Sunndalsporten	Matkroken		supermarket	Mo-Su 06:00-24:00				https://www.coop.no/butikker/coop-marked-matkroken/matkroken-sunndalsporten-4240	+47 48 17 46 16
node	7947230846	59.6305463	8.4036103	Snarkjøp Åmotsdal	Snarkjøp	Åmotsdalsbui AS	convenience						+47 900 51 612
node	7996587801	68.8000440	16.5426230	Rungfa Thai Food			convenience	Mo-Sa 10:00-20:00					+47 401 88 235
node	7996609005	68.7998350	16.5421950	Kamil's Internasjonal Matbutikk			convenience	Mo-Fr 09:00-19:00; Sa 10:00-18:00; Su 12:00-17:00					+47 461 58 475
node	8062547968	59.2487459	11.0259755	Rema 1000 Torp	Rema 1000		supermarket	Mo-Sa 07:00-23:00					+47 69337300
node	8117470478	70.0184300	20.9757760	Bunnpris Skjervøy	Bunnpris		supermarket	"Mo-Fr 07:00-22:00, Sa 08:00-22:00"					+47 47768542
node	8174466690	60.1975046	5.4589088				supermarket						
node	8176551637	58.9738200	5.7224610	Extra Bjergsted	Extra		supermarket	Mo-Sa 07:00-23:00				https://www.coop.no/butikker/extra/extra-bjergsted-2688	+47 46 83 72 07
node	8266607732	60.3489371	5.2841757	Rema 1000 Knudsenkvartalet	Rema 1000		supermarket	Mo-Sa 07:00-23:00					+47 55166400
node	8290463948	63.4105820	10.4178659	Circle K Nardo	Circle K		convenience						
node	8323301351	59.5808650	11.2797770	Rema 1000 Slitu	Rema 1000		supermarket	Mo-Sa 07:00-23:00				Rema.no	+47 69884800
node	8358498725	63.5207450	9.1091490	Rema 1000 Sandstad	Rema 1000		supermarket	Mo-Sa 07:00-23:00					+47 73531705
node	8358498726	59.9087392	10.4787475	Rema 1000 Vøyenenga	Rema 1000		supermarket	Mo-Sa 07:00-23:00					+47 67153500
node	8358498728	60.2072030	10.7164704	Rema 1000 Harestua	Rema 1000		supermarket	Mo-Sa 07:00-23:00					+47 61322000
node	8358498729	63.4288382	10.5272783	Rema 1000 Ranheimsfjæra	Rema 1000		supermarket	Mo-Sa 07:00-23:00					+47 72831000
node	8358498730	58.7815870	5.6178430	Rema 1000 Verdalen	Rema 1000		supermarket	Mo-Sa 07:00-23:00					+47 51420555
node	8359649286	59.7963405	10.8222417	Kiwi Sofiemyr	Kiwi		supermarket	Mo-Sa 07:00-23:00					+47 66820200
node	8359649287	59.9296790	10.6204500	Joker Jar	Joker		supermarket	"Mo-Fr 06:00-24:00, Sa-Su 08:00-24:00"					+47 46810952
node	8359649288	60.4180860	5.3076800	Joker Nyhavn	Joker		supermarket	"Mo-Fr 07:00-22:00, Sa-Su 09:00-22:00"					+47 48990808
node	8359649290	59.6687308	9.6537908	Kiwi Sølvparken	Kiwi		supermarket	Mo-Sa 07:00-23:00					+47 32721200
node	8359649291	68.4376944	17.4492490	Kiwi Narvikfjellet	Kiwi		supermarket	Mo-Sa 07:00-23:00					+47 76955599
node	8359649292	58.8968125	5.7037161	Kiwi Tvedtsenteret	Kiwi		supermarket	"Mo-Fr 06:00-23:00, Sa 08:00-21:00"					+47 51584500
node	8359649293	69.6464550	18.9526510	Eurospar Storgata	Spar		supermarket	Mo-Sa 07:00-23:00					+47 90847450
node	8359649295	59.7683910	9.9118698	Spar Hokksund	Spar		supermarket	"Mo-Fr 07:00-22:00, Sa 08:00-20:00"				https://spar.no/finn-butikk/spar-hokksund	+47 32250290
node	8359649296	59.7433994	10.1558708	Meny Gulskogen	Meny		supermarket	"Mo-Fr 08:00-22:00, Sa 08:00-20:00"					+47 32884900
node	8359707108	68.7719060	16.1742600	Extra Borkenes	Extra		supermarket	Mo-Sa 07:00-23:00				https://www.coop.no/butikker/extra/extra-borkenes-1959	+47 97 43 82 55
node	8359707109	63.4301624	10.3909541	Extra Leuthenhaven	Extra		supermarket	Mo-Sa 07:00-23:00				https://www.coop.no/butikker/extra/extra-leuthenhaven-4246	+47 73 51 24 57
node	8359707110	58.7419581	5.6369275	Extra Kåsen	Extra		supermarket	Mo-Sa 07:00-23:00				https://www.coop.no/butikker/extra/extra-kasen-2658	+47 48 01 59 83
node	8359707111	58.1555070	8.0815670	Matkroken Strømmehaven	Matkroken		supermarket	"Tu-Fr 10:00-13:00, Su 10:00-18:00"				https://www.coop.no/butikker/coop-marked-matkroken/matkroken-strommehaven-4242	+47 48 05 95 41
node	8359707112	60.9713170	9.2893880	Extra Leira	Extra		supermarket	Mo-Sa 07:00-23:00				https://www.coop.no/butikker/extra/extra-leira-2690	+47 61 36 00 10
node	8359707114	60.1476947	10.2512124	Extra Hvervenkastet	Extra		supermarket	"Mo-Sa 07:00-23:00, Su 10:00-22:00"				https://www.coop.no/butikker/extra/extra-hvervenkastet-2631	+47 32 12 00 12
node	8359707115	59.7548050	10.8296300	Extra Langhus	Extra		supermarket	Mo-Sa 07:00-23:00				https://www.coop.no/butikker/extra/extra-langhus-4325	+47 64 91 41 10
node	8359707116	59.9458936	10.6431704	Coop Mega Røa	Coop Mega		supermarket	"Mo-Fr 09:00-22:00, Sa 09:00-20:00"				https://www.coop.no/butikker/coop-mega/coop-mega-roa-2616	+47 22 40 30 20
node	8359730017	59.9421270	10.8975320	Extra Furuset	Extra		supermarket	"Mo-Fr 07:00-22:00, Sa 08:00-20:00"				https://www.coop.no/butikker/extra/extra-furuset-2630	+47 22 22 00 44
node	8408229253	69.6812430	18.9711530	Mix Campus Tromsø	Mix		convenience	Mo-Th 07:00-18:00; Fr 07:00-16:30					+47 77 64 90 42
node	8436780327	59.2089876	9.6103618	Matkroken City Skien	Matkroken		supermarket	24/7					
node	8436781154	59.2059986	9.6067286	Skien Asiamat			convenience						
node	8612143333	58.1892930	7.9291240	Bunnpris Strai	Bunnpris		supermarket	"Mo-Fr 07:00-22:00, Sa 08:00-21:00"					+47 38118180
node	8637215022	59.9277900	10.7521070	Rema 1000 Darres gate	Rema 1000		supermarket	Mo-Sa 07:00-23:00					+47 22306400
node	8637215023	59.9355976	10.9289689	Rema 1000 Karihaugen	Rema 1000		supermarket	Mo-Sa 07:00-23:00					+47 22325500
node	8637215024	60.1671063	10.2564174	Rema 1000 Sentrumskvartalet	Rema 1000		supermarket	Mo-Sa 07:00-21:00					+47 32121012
node	8637215025	60.2968550	5.3261970	Rema 1000 Lagunen	Rema 1000		supermarket	Mo-Sa 07:00-23:00					+47 55520200
node	8637215026	58.2719072	7.9717880	Rema 1000 Husmorgården	Rema 1000		supermarket	Mo-Sa 07:00-23:00					+47 38155500
node	8637215027	58.1625275	8.0213021	Rema 1000 Bjørndalssletta	Rema 1000		supermarket	Mo-Sa 07:00-23:00					+47 38090800
node	8637240654	60.5481180	5.2876850	Bunnpris Knarvik	Bunnpris		supermarket	"Mo-Fr 07:00-20:15, Sa 08:00-18:15"					
node	8637274872	64.4977190	11.1505070	Matkroken Statland	Matkroken		supermarket	"Mo-Fr 10:00-18:00, Sa 10:00-16:00"				https://www.coop.no/butikker/coop-marked-matkroken/matkroken-statland-4254	+47 41 51 46 11
node	8637274874	63.3099865	9.8564678	Extra Orkanger	Extra		supermarket	"Mo-Sa 07:00-23:00, Su 10:00-22:00"				https://www.coop.no/butikker/extra/extra-orkanger-1770	+47 97 99 47 95
node	8637274875	62.3706730	6.0280300	Extra Hareid	Extra		supermarket	"Mo-Sa 07:00-23:00, Su 10:00-22:00"				https://www.coop.no/butikker/extra/extra-hareid-1543	+47 97 99 49 21
node	8637274876	61.3358830	10.0917030	Matkroken Skeikampen	Matkroken		supermarket	"Mo-Th 09:00-18:00, Fr 09:00-21:00, Sa-Su 09:00-18:00"				https://www.coop.no/butikker/coop-marked-matkroken/matkroken-skeikampen-4253	+47 61 22 32 24
node	8637274877	58.4809888	5.8729327	Coop Prix Hellvik	Coop Prix		supermarket	"Mo-Fr 07:00-22:00, Sa 08:00-20:00"				https://www.coop.no/butikker/coop-prix/coop-prix-hellvik-2669	+47 91 11 26 22
node	8637274878	58.8512560	5.7356900	Extra Bystasjonen	Extra		supermarket	"Mo-Sa 06:00-24:00, Su 09:00-24:00"				https://www.coop.no/butikker/extra/extra-bystasjonen-2693	+47 95 20 74 00
node	8637274879	59.0558210	5.9196080	Extra Prestamarka	Extra		supermarket	"Mo-Fr 06:00-23:00, Sa 07:00-23:00"				https://www.coop.no/butikker/extra/extra-prestamarka-4741	+47 51 74 61 75
node	8637274881	60.1571180	10.2568640	Extra Osloveien Øst	Extra		supermarket	Mo-Sa 07:00-23:00				https://www.coop.no/butikker/extra/extra-osloveien-ost-2698	+47 32 12 32 00
node	8637274882	59.9266508	10.7770279	Coop Mega Carl Berner	Coop Mega		supermarket	"Mo-Fr 07:00-22:00, Sa 08:00-21:00"				https://www.coop.no/butikker/coop-mega/coop-mega-carl-berner-2643	+47 22 68 08 68
node	8637285060	59.8346574	10.4328489	Kiwi Bankveien	Kiwi		supermarket	Mo-Sa 07:00-23:00					+47 66798760
node	8637285061	69.6607829	18.9680388	Kiwi Stakkevollvegen 11	Kiwi		supermarket	Mo-Sa 07:00-23:00					+47 77650700
node	8637285062	59.8984759	10.8057028	Kiwi Ryenstubben	Kiwi		supermarket	Mo-Sa 07:00-23:00					+47 23300600
node	8637285063	69.6837558	19.0004857	Kiwi Isrenna	Kiwi		supermarket	Mo-Sa 07:00-23:00					+47 77658044
node	8637285064	69.2397650	19.2361600	Spar Storsteinnes	Spar		supermarket	"Mo-Fr 07:00-22:00, Sa 08:00-21:00"					+47 91610581
node	8688188066	62.9070350	6.9157594	Mix Bud Spiseri og Catering	Mix		convenience	Mo-Fr 10:00-20:00; Sa-Su 11:00-20:00					
node	8783772188	60.8953420	11.5837570	Europris Elverum			supermarket						
node	8797768039	59.7435010	10.2035600	Deli Deluca Bragernes torg			convenience	Mo-Fr 07:00-21:00; Sa-Su 09:00-23:00				https://delideluca.no/	+47 911 26 980
node	8808729354	59.9360419	10.7246174	Joker Blindernveien	Joker		supermarket	"Mo-Fr 07:00-24:00, Sa-Su 08:00-24:00"					+47 90073922
node	8849085704	59.9454440	11.0061490	Yellow		Yellow Import AS	supermarket	Mo-Sa 09:00-21:00				https://www.facebook.com/Yellow-426042030903361/	
node	8849091677	59.9453420	11.0070950	Alle Dager		Alle Dager AS	supermarket	Mo-Sa 08:30-21:00; Su 09:00-21:00					+47 954 00 200
node	8866281450	59.4114908	9.0697168	Asiamat			supermarket						
node	8871269886	59.7436440	10.2030200	Hoang Asia Mat - HAM 2			convenience	Mo-Sa 10:00-17:00				https://www.hoangasia.no/	+47 465 19 999
node	8882390622	59.7444570	10.1816200	Condifa			supermarket	Mo-Fr 08:00-16:00				https://www.condifa.com/	+4732899332
node	8887724469	59.9440320	10.7603660	Rema 1000 Bjølsen	Rema 1000		supermarket	"Mo-Fr 06:00-24:00, Sa 07:00-24:00"					+47 22151560
node	8887724470	62.7392270	7.1858390	Rema 1000 Moldegård	Rema 1000		supermarket	Mo-Sa 07:00-23:00					+47 71251600
node	8887724471	59.1477447	10.1920830	Rema 1000 Haukerød	Rema 1000		supermarket	"Mo-Sa 07:00-23:00, Su 09:00-21:00"					+47 33479000
node	8887724472	58.8133730	5.6976820	Rema 1000 Skjæveland	Rema 1000		supermarket	Mo-Sa 06:00-23:00					+47 51520010
node	8887724473	60.1346075	11.1604883	Rema 1000 Byporten Jessheim	Rema 1000		supermarket	"Mo-Fr 06:00-23:00, Sa 07:00-23:00"					+47 63980011
node	8887724474	61.1138520	10.4495968	Rema 1000 Strandtorget	Rema 1000		supermarket	Mo-Sa 07:00-23:00					+47 61252525
node	8887724475	60.3928150	5.3261680	Rema 1000 Xhibition	Rema 1000		supermarket	Mo-Sa 07:00-23:00					+47 55558850
node	8887841463	58.6246570	8.9277930	Joker Tvedestrand	Joker		supermarket	Mo-Sa 07:00-22:00					+47 37166600
node	8888021388	58.4592577	8.7502797	Coop Mega Arendal	Coop Mega		supermarket	"Mo-Fr 07:00-22:00, Sa-Su 09:00-21:00"				https://www.coop.no/butikker/coop-mega/coop-mega-arendal-2621	+47 41 42 52 00
node	8888021389	58.4834817	8.8648619	Extra Kongshavn	Extra		supermarket	Mo-Sa 07:00-23:00				https://www.coop.no/butikker/extra/extra-kongshavn-4736	+47 37 08 83 07
node	8888021390	59.4012077	10.4622913	Extra Horten handelspark	Extra		supermarket	Mo-Sa 07:00-23:00				https://www.coop.no/butikker/extra/extra-horten-handelspark-2629	+47 90 59 87 00
node	8888021391	60.1413910	11.1802398	Extra Saga senter	Extra		supermarket	Mo-Sa 07:00-23:00					
node	8888021393	59.8977559	10.6215575	Coop Prix Fornebu	Coop Prix		supermarket	24/7				https://www.coop.no/butikker/coop-prix/coop-prix-fornebu-2699	+47 67 13 14 00
node	8888021394	59.9130430	10.7351970	Matkroken Fridtjof Nansens plass	Matkroken		supermarket	"Mo-Fr 07:00-22:00, Sa 10:00-22:00, Su 10:00-21:00"				https://www.coop.no/butikker/coop-marked-matkroken/matkroken-fridtjof-nansens-plass-4256	+47 22 42 30 00
node	8893227545	59.9492660	11.0096710	Sultan marked			supermarket	Mo-Sa 09:00-21:00					+4793424253
node	8914761524	60.8822786	10.9369476	Rema 1000 Brumunddal	Rema 1000		supermarket	Mo-Sa 07:00-23:00					+47 62364440
node	8933802894	63.4191189	10.3964954	Extra Elgeseter	Extra		supermarket	Mo-Sa 07:00-23:00				https://www.coop.no/butikker/extra/extra-elgeseter-2684	+47 48 00 39 40
node	8936872084	63.3582090	10.3769022	Holdbart			supermarket	Mo-Fr 10:00-20:00; Sa 10:00-18:00					
node	8960086351	58.2935777	6.6638876	Rema 1000 Flekkefjord	Rema 1000		supermarket	Mo-Sa 07:00-23:00					+47 38324700
node	8992689143	59.7376470	10.2070660	Elite Mat AS			supermarket	Mo-Fr 09:00-20:00; Sa 09:00-19:00					+47 478 71 510
node	9015069087	60.8081980	11.0802300	Kiwi Mæhlumsløkka	Kiwi		supermarket	Mo-Sa 07:00-23:00					
node	9018214112	59.7240708	11.0491914	Europris		Europris	supermarket						
node	9048945160	63.8482103	11.4013846	God mat lokalt			convenience					https://godmatlokalt.no/	
node	9133367060	59.7534690	10.1248450	102 Asia Mat			supermarket	Mo-Fr 10:00-19:00; Sa 10:00-17:00				https://102asiamat.no/	+47 97788102
node	9134763459	63.1123263	7.7306892	Habibi Kolonial			convenience	Mo-Sa 09:00-23:00; Su 10:00-23:00					
node	9168854302	59.9126235	10.7267570	Meny Vika	Meny		supermarket	"Mo-Fr 07:00-21:00, Sa 09:00-20:00"					+47 22123200
node	9168854304	60.3894032	5.2869780	Meny Laksevåg	Meny		supermarket	"Mo-Fr 07:00-21:00, Sa 09:00-20:00"					+47 55345500
node	9168854305	59.4366214	10.6625553	Meny Amfi Moss	Meny		supermarket	"Mo-Fr 08:00-21:00, Sa 09:00-19:00"					+47 69270100
node	9168854306	58.8794781	5.7266859	Kiwi Porsmyrveien	Kiwi		supermarket	Mo-Sa 07:00-23:00					+47 51660900
node	9168854307	59.9189194	10.5870394	Kiwi Bekkestua	Kiwi		supermarket	Mo-Sa 07:00-23:00					+47 67106768
node	9168854309	59.9126530	10.7371070	Joker Rosenkrantz gate	Joker		supermarket	"Mo-Th 07:00-24:00, Fr 07:00-02:00, Sa 08:00-02:00, Su 09:00-24:00"					+47 94298964
node	9168854310	59.7469404	10.2178546	Joker Toppenhaug	Joker		supermarket	"Mo-Fr 07:00-22:00, Sa 08:00-20:00, Su 09:00-21:00"					+47 90992937
node	9168854311	59.2838076	5.3075319	Joker Haugen Kopervik	Joker		supermarket	"Mo-Fr 08:00-19:00, Sa 09:00-18:00, Su 10:00-20:00"					+47 52815273
node	9168854312	59.2532247	5.8364183	Joker Eriksholmen	Joker		supermarket	"Mo-Fr 09:00-19:00, Sa 09:00-17:00, Su 12:00-16:00"					+47 51710499
node	9168854313	60.7204313	11.1949039	Kiwi Stange bruk	Kiwi		supermarket	Mo-Sa 07:00-23:00					+47 62571059
node	9169989739	58.9574930	5.7406138	Extra Paradis	Extra		supermarket	Mo-Sa 07:00-23:00				https://www.coop.no/butikker/extra/extra-paradis-2692	+47 97 55 44 92
node	9169989740	58.1481823	7.9903536	Coop Prix Byhaven	Coop Prix		supermarket	"Mo-Fr 07:00-22:00, Sa 07:00-20:00"				https://www.coop.no/butikker/coop-prix/coop-prix-byhaven-2716	+47 90 77 14 00
node	9169989742	60.8876307	10.9341116	Extra Fabrikkvegen	Extra		supermarket	Mo-Sa 07:00-23:00				https://www.coop.no/butikker/extra/extra-fabrikkvegen-2685	+47 94 83 86 22
node	9169989743	60.8092973	11.0562311	Coop Prix Ajer	Coop Prix		supermarket	"Mo-Sa 08:00-20:00, Su 09:00-21:00"				https://www.coop.no/butikker/coop-prix/coop-prix-ajer-2620	+47 90 94 46 67
node	9169989744	59.8287290	10.4105140	Extra Drengsrud	Extra		supermarket	Mo-Sa 07:00-23:00				https://www.coop.no/butikker/extra/extra-drengsrud-4247	+47 66 90 65 00
node	9170106231	58.1517773	8.0786392	Rema 1000 Strømme	Rema 1000		supermarket	Mo-Sa 07:00-23:00					+47 38040000
node	9170106232	60.0658750	6.5470460	Rema 1000 Smelteverket	Rema 1000		supermarket	"Mo-Sa 07:00-23:00, Su 11:00-19:00"				https://www.rema.no/butikker/vestland/odda/rema-1000-smelteverket	+47 52727270
node	9170106233	59.9799200	11.2409620	Rema 1000 Sennerudtoppen	Rema 1000		supermarket	Mo-Sa 07:00-23:00					+47 66777776
node	9170106234	60.3890420	5.2895710	Rema 1000 Laksevåg	Rema 1000		supermarket	Mo-Sa 07:00-23:00					+47 55947340
node	9170106235	59.9402740	10.6508090	Rema 1000 Røa næringspark	Rema 1000		supermarket	Mo-Sa 07:00-23:00					+47 22688599
node	9170276197	59.9221830	10.6828728	Bunnpris Skøyen Atrium	Bunnpris		supermarket	"Mo-Fr 06:30-22:00, Sa-Su 09:00-22:00"					+47 91678600
node	9170276198	68.4384824	17.4246799	Bunnpris & Gourmet Narvik	Bunnpris		supermarket	"Mo-Fr 09:00-21:00, Sa 09:00-19:00"					+47 91676858
node	9170276199	63.4133284	10.4138807	Bunnpris Lerkendal	Bunnpris		supermarket	"Mo-Fr 07:00-23:00, Sa 09:00-21:00"					+47 91678230
node	9170276200	59.9214500	10.7623360	Bunnpris Millskvartalet	Bunnpris		supermarket	Mo-Su 09:00-22:00					
node	9170276201	59.8593542	5.7740930	Coop Prix Husnes	Coop Prix		supermarket	"Mo-Sa 06:00-24:00, Su 09:00-21:00"					
node	9177262955	59.9215391	10.6804855	Maschmanns Matmarked			convenience	"Su-We 11:00-18:00; Th, Sa 10:00-18:00; Fr 10:00-19:00"				https://www.maschmanns.no/	+47 22 55 33 44
node	9227734331	60.5452169	5.2845173	Asia Matbutikk Knarvik			supermarket					https://facebook.com/pages/category/Specialty-Grocery-Store/Asia-Matbutikk-Knarvik-649769938456681	
node	9235183518	60.2024365	5.4560567	Asia Mat			supermarket						
node	9403070190	59.2376181	10.9655580	Extra Stabburveien	Extra		supermarket	Mo-Sa 07:00-23:00				https://www.coop.no/butikker/extra/extra-stabburveien-2694	+47 69 33 50 09
node	9426141125	59.4334953	10.6502194	Bunnpris Glassverket	Bunnpris		supermarket	"Mo-Fr 07:00-22:00, Sa 08:00-21:00"					+47 47651480
node	9426334997	59.9119939	10.7562684	Joker Oslo bussterminal	Joker		supermarket	"Mo-Fr 06:00-24:00, Sa-Su 07:00-24:00"					+47 93898876
node	9426334998	59.8166270	10.2883717	Kiwi Ringveien Tranby	Kiwi		supermarket	Mo-Sa 07:00-23:00					+47 32854000
node	9426334999	59.9464414	10.7762118	Kiwi Storo	Kiwi		supermarket	Mo-Sa 07:00-23:00					+47 22226575
node	9426528365	69.3103869	16.0981579	Extra Andenes	Extra		supermarket	Mo-Sa 07:00-23:00				https://www.coop.no/butikker/extra/extra-andenes-2666	+47 91 63 05 31
node	9426528366	63.2222251	11.0345806	Extra Selbu	Extra		supermarket	Mo-Sa 07:00-23:00				https://www.coop.no/butikker/extra/extra-selbu-2717	+47 90 40 34 30
node	9426528367	60.4363833	5.3185380	Extra Eidsvåg Bergen	Extra		supermarket	Mo-Sa 07:00-23:00				https://www.coop.no/butikker/extra/extra-eidsvag-bergen-2712	+47 55 24 64 58
node	9426528368	58.3346558	8.5887127	Extra Grimstad	Extra		supermarket	"Mo-Sa 07:00-23:00, Su 09:00-22:00"				https://www.coop.no/butikker/extra/extra-grimstad-2725	+47 90 60 12 00
node	9426528369	59.8960220	10.5614183	Extra Høvik	Extra		supermarket	Mo-Sa 07:00-23:00				https://www.coop.no/butikker/extra/extra-hovik-2671	+47 67 54 79 10
node	9428517840	59.8811756	8.7360515	Pose sekk			supermarket	"Mo-Th,Su 10:00-17:00; Fr-Sa 09:00-18:00"					
node	9490614299	58.7353012	5.6462798	Minimarket			supermarket						
node	9493941141	59.9337961	10.7817661	Sinsen Dagligvarer			convenience						
node	9524832941	66.8344320	13.7748861	Snarkjøp Neverdal			convenience						
node	9530684677	59.9134192	10.7523975	Chili Hoang			convenience	Mo-Fr 09:00-19:00; Sa 10:00-19:00; Su 12:00-18:00					
node	9538628981	63.4344369	10.3982836	Foodora Market			supermarket	Mo-Th 09:00-22:00; Fr-Su 09:00-23:00				https://www.foodora.no/darkstore/yar9/foodora-market-midtbyen	
node	9608083241	63.4369352	10.4315626	Bunnpris Rosendal	Bunnpris		supermarket	"Mo-Fr 08:00-22:00, Sa 09:00-21:00, Su 10:00-22:00"					+47 90404274
node	9608083242	68.8751975	17.8343864	Bunnpris Sjøvegan	Bunnpris		supermarket	"Mo-Fr 07:00-22:00, Sa 09:00-20:00"					+47 90711130
node	9608107580	59.9137849	10.7515510	Rema 1000 Storgata	Rema 1000		supermarket	Mo-Sa 07:00-23:00					+47 22252200
node	9608107581	63.4056535	10.3991604	Rema 1000 Sorgenfri	Rema 1000		supermarket	Mo-Sa 07:00-23:00					+47 73528000
node	9608107582	59.8264951	10.4482401	Rema 1000 Risenga	Rema 1000		supermarket	Mo-Sa 07:00-23:00					+47 66906600
node	9608140364	59.2052940	9.5916279	Joker Hesselbergsgate	Joker		supermarket	24/7					+47 90619430
node	9608140365	59.9133526	10.7468576	Kiwi Torggata Oslo	Kiwi		supermarket	Mo-Sa 07:00-23:00					+47 22602225
node	9608140366	59.4691886	10.7844154	Kiwi Augerød	Kiwi		supermarket	Mo-Sa 07:00-23:00				https://kiwi.no/Finn-butikk/kiwi-286-augerod	+47 69287000
node	9608140367	68.7035659	15.4148543	Kiwi Havnegata Sortland	Kiwi		supermarket	Mo-Sa 07:00-23:00					+47 76127000
node	9608140368	59.6038413	5.8074307	Kiwi Ølen torg	Kiwi		supermarket	Mo-Sa 07:00-23:00					+47 52762500
node	9608140369	59.2278115	10.9969567	Kiwi Sellebakk	Kiwi		supermarket	Mo-Sa 07:00-23:00				https://kiwi.no/Finn-butikk/kiwi-256-sellebakk	+47 69340600
node	9608140370	59.0502080	10.0215946	Kiwi Hammerdalen	Kiwi		supermarket	Mo-Sa 07:00-23:00					+47 33188218
node	9608236321	68.6993915	15.4495165	Extra Strand	Extra		supermarket	Mo-Sa 07:00-23:00				https://www.coop.no/butikker/extra/extra-strand-2749	+47 76 12 44 12
node	9608236322	58.9341649	5.7415407	Extra Mariero	Extra		supermarket	"Mo-Sa 07:00-23:00, Su 09:00-22:00"				https://www.coop.no/butikker/extra/extra-mariero-2721	+47 97 55 44 93
node	9608236323	59.0969674	9.0586054	Extra Drangedal	Extra		supermarket	Mo-Sa 07:00-22:00				https://www.coop.no/butikker/extra/extra-drangedal-2711	+47 35 99 80 70
node	9608236324	59.7183988	10.8023475	Extra Solberg Øst	Extra		supermarket	Mo-Sa 07:00-23:00				https://www.coop.no/butikker/extra/extra-solberg-ost-2689	+47 64 97 70 63
node	9612288738	66.1584551	12.3420815	Snarkjøp Vandve	Snarkjøp		convenience						
node	9612288740	64.3958581	10.4883465	Sætervik handel			convenience						
node	9613432816	58.2150075	8.3840721			Justøyfamiliens Bibelcamping	convenience	Jul					
node	9631456059	63.4108150	10.4327040	Bamboo		Yaki Tran	supermarket	Mo-Sa 11:00-19:00					
node	9740067415	59.7185138	10.8394329	Royal Fruktmarked			supermarket						
node	9801832723	59.9262687	10.7752386	7-Eleven Carl Berners plass	7-Eleven		convenience	"Mo-Fr 06:00-02:00, Sa 00:00-24:00, Su 00:00-02:00"					
node	9811999831	59.6631781	10.7927230	Asian Deli			supermarket	Mo-Sa 10:00-20:00					+47 92534433
node	9836871168	60.4301856	9.4574192	Rema 1000 Flå	Rema 1000		supermarket	"Mo-Fr 07:00-23:00, Sa-Su 09:00-21:00"					+47 94812742
node	9836871169	59.2829912	11.1202574	Rema 1000 Vatvedt torg	Rema 1000		supermarket	Mo-Sa 07:00-23:00					+47 69127000
node	9836871170	59.9237598	11.0649808	Rema 1000 Marikollen torg	Rema 1000		supermarket	Mo-Sa 07:00-23:00					+47 63836030
node	9836871171	58.9531003	5.7052925	Rema 1000 Mosvannet	Rema 1000		supermarket	Mo-Sa 07:00-23:00					+47 51530200
node	9836871172	58.9351800	5.5869260	Rema 1000 Tananger	Rema 1000		supermarket	Mo-Sa 07:00-23:00					+47 51690140
node	9836871173	62.1408038	6.0914408	Rema 1000 Øvre Rotset	Rema 1000		supermarket	Mo-Sa 07:00-23:00					+47 70077793
node	9839119678	63.7047665	8.8189732	Coop Prix Hamarvik	Coop Prix		supermarket	"Mo-Fr 07:00-22:00, Sa 08:00-21:00"				https://www.coop.no/butikker/coop-prix/coop-prix-hamarvik-2769	+47 97 99 53 36
node	9839119679	62.5665220	11.3750529	Extra Røros	Extra		supermarket	"Mo-Sa 07:00-23:00, Su 10:00-23:00"				https://www.coop.no/butikker/extra/extra-roros-2718	+47 90 13 48 10
node	9839119680	59.1403930	10.2429429	Extra Haslebakken	Extra		supermarket	Mo-Sa 07:00-23:00				https://www.coop.no/butikker/extra/extra-haslebakken-2726	+47 95 85 85 00
node	9839119681	59.9183078	10.5852659	Coop Mega Meglergården	Coop Mega		supermarket	"Mo-Fr 07:00-22:00, Sa 07:00-21:00"				https://www.coop.no/butikker/coop-mega/coop-mega-meglergarden-2599	+47 67 56 06 00
node	9839119682	59.9187389	10.7041255	Coop Prix Bygdøy allé	Coop Prix		supermarket	"Mo-Fr 07:00-23:00, Sa 08:00-21:00"				https://www.coop.no/butikker/coop-prix/coop-prix-bygdoy-alle-4266	+47 22 44 04 57
node	9841851831	60.0596513	5.0988524	Nærbutikken Møkster	Nærbutikken		supermarket	"Mo-Th 13:30-16:15, Fr 10:00-18:00, Sa 11:30-16:00"					+47 41375466
node	9841851832	60.0295930	10.2630470	Nærbutikken Utvika	Nærbutikken		supermarket	24/7					+47 45684682
node	9841851833	59.8917499	10.5180876	Joker Sandvika	Joker		supermarket	"Mo-Fr 07:00-24:00, Sa 08:00-24:00, Su 09:00-22:00"					+47 94454506
node	9841851834	59.8925384	10.5243804	Joker Sandvika stasjon	Joker		supermarket	24/7					+47 94298964
node	9841851835	59.9344957	10.7295961	Joker Fagerborg	Joker		supermarket	"Mo-Sa 07:00-23:00, Su 09:00-23:00"					+47 98865970
node	9841851836	62.6612035	7.5014781	Joker Åfarnes	Joker		supermarket	"Mo-Fr 09:00-20:00, Sa 09:00-18:00"					+47 97332257
node	9841851837	61.8469013	9.4171428	Joker Sel	Joker		supermarket	"Mo-Fr 08:00-20:00, Sa 10:00-18:00"					+47 90039964
node	9841851838	59.2874343	10.7563791	Kiwi Saltnes	Kiwi		supermarket	Mo-Sa 07:00-23:00				https://kiwi.no/Finn-butikk/kiwi-591-saltnes	+47 69282530
node	9841851841	58.0858761	6.7834577	Spar Farsund	Spar		supermarket	"Mo-Fr 07:00-22:00, Sa 08:00-22:00"					+47 38393839
node	9842108841	66.7613537	12.4789265	Myken Handel			convenience					https://mykenhandel.no	
node	9893266451	69.6485127	18.9549856	7-Eleven Domkirkeplassen	7-Eleven		convenience	"Mo-Fr 07:00-24:00, Sa,Su 08:00-24:00"					
node	9894946155	58.2558500	8.3893788				convenience						
node	9935331003	62.7378815	7.1578650	Habibi Molde			convenience	Mo-Sa 10:00-20:00					+47 409 41 989
node	9954955751	62.7546673	7.2810987	Coop Prix Årølia	Coop Prix		supermarket	24/7				https://www.coop.no/butikker/coop-prix/coop-prix-arolia-2808	+47 97 99 53 80
node	9965515687	58.9104221	5.7277832	Kiwi Gausel	Kiwi		supermarket	Mo-Sa 07:00-23:00					+47 51951050
node	9986909765	59.7445117	10.2022502	Drammen dagligvare			supermarket	Mo-Sa 09:00-20:00; Su 09:00-21:00					
node	9986924765	59.7453457	10.2028128	IMS Drammen			supermarket					https://www.drammen.no/handel-og-tjenester/ims-drammen-p6247433	+47 97937412
node	10015585556	69.9686460	23.2693596	Kiwi Maskinsvingen	Kiwi		supermarket	Mo-Sa 07:00-23:00					+47 78440400
node	10075448146	58.1800541	8.1297312	Rema 1000 Barstølveien	Rema 1000		supermarket	"Mo-Fr 10:00-21:00, Sa 10:00-20:00"					+47 46854264
node	10075448147	59.9630066	10.7657143	Rema 1000 Korsvoll	Rema 1000		supermarket	Mo-Sa 07:00-23:00					+47 48165845
node	10075471084	68.8771475	18.3573535	Bunnpris Setermoen	Bunnpris		supermarket	"Mo-Fr 07:00-22:00, Sa 08:00-22:00, Su 10:00-22:00"					+47 96913600
node	10075522403	65.5968879	13.9883072	Coop Prix Hattfjelldal	Coop Prix		supermarket	"Mo-Fr 08:00-20:00, Sa 09:00-18:00"				https://www.coop.no/butikker/coop-prix/coop-prix-hattfjelldal-2736	+47 75 18 54 00
node	10075522404	61.6001495	5.0465736	Extra Florø	Extra		supermarket	"Mo-Sa 07:00-23:00, Su 10:00-22:00"				https://www.coop.no/butikker/extra/extra-floro-2160	+47 57 74 86 20
node	10075703631	59.8496749	10.4656870	Joker Vakås	Joker		supermarket	"Mo-Sa 08:00-23:00, Su 09:00-23:00"				https://joker.no/finn-butikk/joker-vakas	+47 47976308
node	10075703632	61.1143652	10.4644086	Joker Kuben	Joker		supermarket	"Mo-Fr 06:30-23:00, Sa-Su 09:00-22:00"					+47 90212554
node	10075703633	59.9100336	10.7481544	Joker Prinsensgate	Joker		supermarket	"Mo-Fr 07:00-23:00, Sa-Su 08:00-22:00"					+47 94241025
node	10075703634	59.9183893	10.7074726	Joker Elisenberg	Joker		supermarket	"Mo-Fr 08:00-22:00, Sa-Su 09:00-21:00"					+47 90095817
node	10075703635	59.5875407	10.2081218	Joker Sande	Joker		supermarket	24/7				https://joker.no/finn-butikk/joker-sande	+47 91187418
node	10075703636	63.4147882	10.8094011	Kiwi Hommelvik	Kiwi		supermarket	Mo-Sa 07:00-23:00					+47 73818787
node	10075703638	58.3400767	8.5823987	Kiwi Grimstad	Kiwi		supermarket	Mo-Sa 07:00-23:00					+47 37044288
node	10075703639	58.9292007	5.8507469	Kiwi Bryggen Hommersåk	Kiwi		supermarket	Mo-Sa 07:00-23:00					+47 51608050
node	10089907269	60.8766921	8.9415575	Langestølen			convenience	"Th-Su,PH 11:00-17:00; week 40 Mo-Su,PH 11:00-17:00"					
node	10134950831	59.9204167	10.7684374	SofraMat			supermarket					https://www.facebook.com/SofraMatTrondheimsveien	
node	10155742781	58.0238873	7.4514509	Extra Mandal brygge	Extra		supermarket	"Mo-Sa 07:00-22:00, Su 10:00-18:00"				https://www.coop.no/butikker/extra/extra-mandal-brygge-4277	+47 38 26 16 94
node	10220659318	59.7298759	10.2305889	Kiwi Tangen	Kiwi		supermarket	Mo-Sa 07:00-23:00				https://kiwi.no/finn-butikk/kiwi-260-tangen	+47 32888850
node	10245334504	58.8508360	5.7361890	Safiren			supermarket	Mo-Tu 10:00-21:00; We-Fr 10:00-20:00; Sa 10:00-18:00; Su 14:00-18:00					+47 51 62 34 69
node	10378942518	59.2597410	10.4166390	Asiahallen Frukt & Grønt			convenience	Mo-Fr 09:30-20:00; Sa 9:30-19:00					
node	10635018544	59.4361780	10.6614330	Honest dagligvare			convenience						
node	10650480128	63.4063034	10.3585812	Kiwi Havstad	Kiwi		supermarket	Mo-Sa 07:00-23:00					+47 73990100
node	10685003418	58.4797430	8.7263063	Bunnpris Myra	Bunnpris		supermarket	"Mo-Fr 07:00-22:00, Sa 08:00-21:00, Su 09:00-22:00"					+47 48201730
node	10685007496	62.9464280	10.1901280	Extra Soknedal	Extra		supermarket	Mo-Sa 07:00-23:00					
node	10685007497	62.9248330	11.1532060	Coop Prix Haltdalen	Coop Prix		supermarket	Mo-Sa 06:00-24:00				https://www.coop.no/butikker/coop-prix/coop-prix-haltdalen-2778	+47 72 41 63 01
node	10685007498	62.1200199	10.7998001	Matkroken Tylldalen	Matkroken		supermarket	"Mo-Fr 09:00-18:00, Sa 10:00-16:00"				https://www.coop.no/butikker/coop-marked-matkroken/matkroken-tylldalen-4206	+47 62 48 60 09
node	10685007499	58.9345570	5.5876774	Coop Mega Tananger	Coop Mega		supermarket	"Mo-Fr 07:00-22:00, Sa 08:00-20:00"				https://www.coop.no/butikker/coop-mega/coop-mega-tananger-2728	+47 51 56 00 00
node	10685007500	58.0339303	7.4881547	Extra Ime	Extra		supermarket	"Mo-Sa 07:00-23:00, Su 10:00-22:00"				https://www.coop.no/butikker/extra/extra-ime-2719	+47 41 45 64 00
node	10685007501	60.8626231	8.5154624	Matkroken Alpin	Matkroken		supermarket	Mo-Fr 08:00-20:00; Sa 08:00-18:00; Su 08:00-20:00				https://www.coop.no/butikker/coop-marked-matkroken/matkroken-alpin-4377	+47 91 71 64 80
node	10685007502	59.4830298	8.6287498	Extra Seljord	Extra		supermarket	Mo-Sa 07:00-23:00				https://www.coop.no/butikker/extra/extra-seljord-2820	+47 91 68 00 40
node	10685007503	59.1437206	9.6605967	Extra Hovenga	Extra		supermarket	Mo-Sa 07:00-23:00				https://www.coop.no/butikker/extra/extra-hovenga-2691	+47 95 40 00 20
node	10685175722	63.1577468	7.9545551	Nærbutikken Tustna	Nærbutikken		supermarket	"Mo-Fr 08:00-19:00, Sa 08:00-18:00, Su 14:00-18:00"					+47 71520404
node	10685175724	60.8269308	11.3020789	Joker Brenneriroa	Joker		supermarket	"Mo-Fr 07:00-21:00, Sa-Su 09:00-21:00"					+47 40172041
node	10685175725	63.4243950	10.5346229	Kiwi Humlehaugen	Kiwi		supermarket	Mo-Sa 07:00-23:00					+47 73950370
node	10685175726	60.2622846	5.3424080	Kiwi Krokeideveien	Kiwi		supermarket	Mo-Sa 07:00-23:00					+47 55226117
node	10685175727	60.3380414	5.2008456	Kiwi Hilleren	Kiwi		supermarket	Mo-Sa 07:00-23:00					+47 55900559
node	10685175728	60.3055135	5.3264868	Kiwi Nordås	Kiwi		supermarket	Mo-Sa 07:00-23:00					+47 55231500
node	10685175729	59.9268362	10.6422562	Kiwi Ullern allé	Kiwi		supermarket	Mo-Sa 07:00-23:00					+47 22192000
node	10685175730	60.8850550	11.5627048	Kiwi Elverum	Kiwi		supermarket	Mo-Sa 07:00-23:00					+47 62412666
node	10685175731	59.2524416	10.9982041	Kiwi Dikeveien	Kiwi		supermarket	Mo-Sa 07:00-23:00				https://kiwi.no/Finn-butikk/kiwi-506-dikeveien	+47 69140014
node	10685175732	60.1220920	11.4628219	Spar Årnes	Spar		supermarket	"Mo-Fr 08:00-22:00, Sa 09:00-21:00"					+47 63906600
node	10690020437	63.9782126	9.0880931	Sørburøy Kooperative Innkjøpslag		Coop Sørburøy	supermarket						
node	10690020444	65.9353281	12.3627225	Austbø samvirkelag			supermarket						
node	10705076342	63.0423028	10.2860139	Rema 1000 Støren	Rema 1000		supermarket	Mo-Sa 07:00-23:00					+47 72433733
node	10712150511	59.9208181	10.7473697	Talia dagligvarer			supermarket	08:00-24:00					
node	10807223925	59.7465327	10.1620514	Family			convenience	Mo-Fr 11:00-20:00; Sa 11:00-18:00					
node	10862486454	59.9214104	10.7681777	EKO Market			convenience	Mo-Fr 10:00-20:00; Sa-Su 10:00-18:00				https://ekomarket.no	
node	10883991692	59.9120276	10.7725133	Super			convenience	Mo-Fr 08:00-24:00; Sa 09:00-24:00					
node	10895979275	59.9149486	10.7697394	Pak Matsenter			supermarket	Mo-Fr 10:00-19:00; Sa 09:00-17:00				https://pakmat.no/	+47 22 19 50 60
node	10911462668	59.9143326	10.7523018	7-Eleven	7-Eleven		convenience						
node	10911846302	59.9287125	11.0613919	Green Foods			convenience	Mo-Su 10:00-21:00					
node	10922683449	60.3613800	5.3690981	Extra Landås	Extra		supermarket	Mo-Sa 07:00-23:00				https://www.coop.no/butikker/extra/extra-landas-2683	+47 48 10 07 70
node	10942414020	70.1987412	28.1880113	Tana Thai			convenience	"Mo-Sa 11:00-18:00; Su,PH off"					
node	10947974230	59.9124605	10.7444289	7-Eleven Karl Johans gate	7-Eleven		convenience						
node	11024848107	60.8868656	10.9482812	Rema 1000 Nordåsvegen	Rema 1000		supermarket	Mo-Sa 07:00-23:00					+47 90132619
node	11024848108	59.0084909	5.6511854	Rema 1000 Grødem	Rema 1000		supermarket	Mo-Sa 07:00-23:00					+47 94832148
node	11026470696	60.6289967	6.4103426	Bunnpris Voss	Bunnpris		supermarket	Mo-Su 08:00-23:00					+47 47667340
node	11026470697	62.4708204	6.2016860	Bunnpris Nørve	Bunnpris		supermarket	"Mo-Fr 08:00-22:00, Sa 09:00-20:00"					+47 90204086
node	11027127007	60.4407899	10.0896301	Nærbutikken Buttingsrud	Nærbutikken		supermarket	24/7				https://narbutikken.buttingsrud.com/	+47 95167253
node	11027127008	59.9108996	10.7417510	Joker Nedre Slottsgate	Joker		supermarket	Mo-Su 07:00-24:00					+47 98460007
node	11027127009	60.3716953	5.3473957	Kiwi Kronstad X	Kiwi		supermarket	Mo-Sa 07:00-23:00				https://kiwi.no/finn-butikk/kiwi-865-kronstad-x	+47 55296353
node	11027127010	58.1929309	8.0857389	Kiwi Hamresanden	Kiwi		supermarket	"Mo-Sa 07:00-23:00, Su 10:00-22:00"					+47 38094330
node	11027213727	58.1608716	7.9986762	Coop Prix Gimlevang	Coop Prix		supermarket	Mo-Sa 07:00-23:00				https://www.coop.no/butikker/coop-prix/coop-prix-gimlevang-1343	+47 90 28 10 27
node	11027213728	59.2930902	10.4755831	Extra Ilebrekke	Extra		supermarket	Mo-Sa 07:00-23:00				https://www.coop.no/butikker/extra/extra-ilebrekke-2733	+47 41 44 00 90
node	11027213729	59.9620362	11.0098933	Extra Skjettentoppen	Extra		supermarket	Mo-Sa 07:00-23:00				https://www.coop.no/butikker/extra/extra-skjettentoppen-2695	+47 56 52 26 00
node	11048521169	63.6005432	8.9769419	Intermat			supermarket						
node	11051102507	61.6203333	4.8172348	Nærbutikken Batalden			convenience	Mo-Su 07:00-23:00					
node	11051450340	58.0672860	7.5341696	Deli de Luca Mandalskrysset	Deli de Luca		convenience						
node	11062229125	63.3068716	9.8502352				convenience						
node	11065947091	69.6468623	18.9530489	Alanya Import			convenience	Mo-Fr 09:30-19:00;Sa 09:30-18:00				https://alanyaimport.no	+47 90 84 40 79
node	11069670975	63.6021464	8.9770903	Extra Hitra	Extra		supermarket	Mo-Sa 07:00-23:00				https://www.coop.no/butikker/extra/extra-hitra-4638	+47 72 44 07 00
node	11075033922	68.4397269	17.4328471				convenience						
node	11076676455	59.9078250	10.7229268	Joker Tjuvholmen	Joker		supermarket	"Mo-Fr 07:00-23:00, Sa-Su 09:00-23:00"					+47 41322073
node	11105675506	59.9197643	10.7081723	Frognermat			convenience	Mo-Sa 09:00-23:00; Su 10:00-23:00					
node	11123880426	59.7678985	10.9879772	Havaristen		Miko trading AS	supermarket	"Mo-Fr 09:00-20:00, Sa 09:00-17:00"				https://havaristen.no	+47 64 92 52 40
node	11125667953	59.9552367	11.0513847	Rema 1000 Meierikvartalet	Rema 1000		supermarket	Mo-Sa 07:00-23:00					+47 48061148
node	11145999065	60.7960744	11.0949697	Rema 1000 Hamar Briskeby	Rema 1000		supermarket	Mo-Sa 07:00-23:00					+47 90231948
node	11148688936	58.2625668	7.8310307	Joker			supermarket	Mo-Sa 09:00-20:00; Su 10:00-20:00					
node	11162775064	61.9029460	6.7194591	Kiwi	Kiwi		supermarket						
node	11169062854	58.2625574	7.8310118	Joker			supermarket	Mo-Sa 09:00-20:00; Su 10:00-20:00					
node	11169227974	59.9236797	10.4848865	Mix Rykkinn	Mix		convenience	Mo-Fr 10:00-20:00; Sa 09:00-18:00; Su 12:00-17:00					+47 46677187
node	11182966147	59.2088587	10.9507782	Narvesen			convenience						
node	11212343299	60.1805144	5.4532740	Rema 1000 Moberg	Rema 1000		supermarket	"Mo-Fr 06:00-23:00, Sa 07:00-23:00"					+47 56581200
node	11215296182	59.9283601	10.7271418	Vibes			convenience	Mo-Sa 09:00-21:00; Su 10:00-21:00					
node	11216057088	69.6482526	18.9848671	Mix Skjernes Kiosk	Mix	Mix	convenience	Mo-Fr 08:00-22:00; Sa 09:00-22:00; Su 11:00-22:00					
node	11245817043	59.9194803	10.7591952	Mama Bridget			convenience						
node	11259285736	59.4229329	10.6752673				convenience						
node	11276585010	59.9144392	10.7373309	7-Eleven Paleet Karl Johan	7-Eleven		convenience						
node	11276585011	60.3923447	5.3249117	7-Eleven Olav Kyrres gate	7-Eleven		convenience	Mo-Su 00:00-00:00					
node	11276585016	59.9292557	10.6603198	7-Eleven Ullern vest	7-Eleven		convenience						
node	11276585017	59.9497460	10.7509885	7-Eleven Tåsen	7-Eleven		convenience						
node	11276585018	62.4706392	6.1392274	7-Eleven Tinghuset	7-Eleven		convenience						
node	11276585019	59.1360828	10.2135238	7-Eleven Tempokrysset	7-Eleven		convenience						
node	11276585021	59.5152363	10.7274908	7-Eleven Son	7-Eleven		convenience						
node	11276585023	66.3254387	14.1954890	7-Eleven Selfors	7-Eleven		convenience						
node	11276585025	59.3843009	10.7469056	7-Eleven Rygge	7-Eleven		convenience						
node	11276585027	60.9116507	10.8083893	7-Eleven Rudshøgda syd	7-Eleven		convenience						
node	11276585028	60.9115460	10.8131785	7-Eleven Rudshøgda nord	7-Eleven		convenience						
node	11276585031	61.1311487	11.3703534	7-Eleven Rena	7-Eleven		convenience						
node	11276585032	62.7338646	7.1409460	7-Eleven Reknes	7-Eleven		convenience						
node	11276585033	60.7219534	10.6123063	7-Eleven Raufoss	7-Eleven		convenience						
node	11276585034	60.1874823	5.4663332	7-Eleven Os	7-Eleven		convenience						
node	11276585035	59.7251598	10.7832275	7-Eleven Nygårdskrysset	7-Eleven		convenience						
node	11276585036	60.4701656	5.3269069	7-Eleven Nyborg	7-Eleven		convenience						
node	11276585037	60.5704604	9.1119723	7-Eleven Nesbyen	7-Eleven		convenience						
node	11276585038	60.5621006	9.9971899	7-Eleven Nes	7-Eleven		convenience						
node	11276585039	60.3487425	5.3669210	7-Eleven Natland	7-Eleven		convenience						
node	11276585040	65.8340722	13.1983412	7-Eleven Mosjøen	7-Eleven		convenience						
node	11276585041	60.9239314	10.7007813	7-Eleven Moelv	7-Eleven		convenience						
node	11276585043	58.1568902	7.0996805	7-Eleven Lyngdal	7-Eleven		convenience	24/7					
node	11276585045	61.1190997	10.4597359	7-Eleven Lillehammer	7-Eleven		convenience						
node	11276585046	63.7496454	11.3037181	7-Eleven Levanger	7-Eleven		convenience						
node	11276585047	59.7626566	9.8970133	7-Eleven Langebru	7-Eleven		convenience	24/7					
node	11276585048	61.4536610	10.1882156	7-Eleven Kvitfjelltunet	7-Eleven		convenience						
node	11276585050	59.9081081	10.5119368	7-Eleven Kolsås	7-Eleven		convenience						
node	11276585051	60.3638695	5.0733348	7-Eleven Kolltveit	7-Eleven		convenience						
node	11276585052	60.0775776	11.1459821	7-Eleven Kløfta	7-Eleven		convenience						
node	11276585053	60.4087526	5.2285701	7-Eleven Kleppestø	7-Eleven		convenience						
node	11276585054	59.9001872	10.5855394	7-Eleven Høvik	7-Eleven		convenience						
node	11276585057	58.5272243	6.1272862	7-Eleven Helleland	7-Eleven		convenience						
node	11276585058	60.1005431	10.8661970	7-Eleven Hakadal	7-Eleven		convenience						
node	11276585059	59.7489053	10.2900781	7-Eleven Gullaug	7-Eleven		convenience						
node	11276585060	59.9491263	10.8844155	7-Eleven Grorud	7-Eleven		convenience						
node	11276585061	59.9513749	10.6752062	7-Eleven Gressbanen	7-Eleven		convenience						
node	11276585062	60.7850802	10.6928210	7-Eleven Gjøvik syd	7-Eleven		convenience						
node	11276585063	60.7986663	10.6943297	7-Eleven Gjøvik nord	7-Eleven		convenience						
node	11276585064	59.9850607	10.9283262	7-Eleven Gjelleråsen nord	7-Eleven		convenience						
node	11276585065	58.2680504	8.3957614	7-Eleven Gaupemyr	7-Eleven		convenience						
node	11276585066	59.6744988	10.6568925	7-Eleven Frogn	7-Eleven		convenience						
node	11276585068	59.9226716	11.1691641	7-Eleven Fetsund	7-Eleven		convenience						
node	11276643269	60.3723941	5.1812385	7-Eleven Drotningsvik	7-Eleven		convenience						
node	11276643271	63.3079228	10.1729996	7-Eleven Buvika	7-Eleven		convenience						
node	11276643272	58.8214230	9.0771533	7-Eleven Brokelandsheia	7-Eleven		convenience						
node	11276643273	58.9699295	5.7408916	7-Eleven Blåsenborg	7-Eleven		convenience						
node	11276643274	59.8875421	11.5610207	7-Eleven Bjørkelangen	7-Eleven		convenience						
node	11276643275	60.9574029	10.6207814	7-Eleven Biri	7-Eleven		convenience						
node	11276643276	59.8802685	10.7732092	7-Eleven Bekkelaget	7-Eleven		convenience						
node	11276643277	69.0935233	18.5930540	7-Eleven Bardufoss	7-Eleven		convenience						
node	11276643279	59.9328675	10.8610081	7-Eleven Alfaset	7-Eleven		convenience						
node	11276643281	60.4210323	5.4645211	7-Eleven Øyrane torg	7-Eleven		convenience						
node	11276643282	59.9474280	10.8782428	7-Eleven Østre Aker vei	7-Eleven		convenience						
node	11276643284	59.2199126	9.6042256	7-Eleven Wattenberg	7-Eleven		convenience						
node	11276643285	58.1284248	7.9627368	7-Eleven Vågsbygd	7-Eleven		convenience						
node	11276643286	59.7380385	10.7648603	7-Eleven Vinterbro	7-Eleven		convenience						
node	11276643287	60.7897219	11.0919788	7-Eleven Vikingskipet	7-Eleven		convenience	Mo-Fr 06:00-24:00; Sa 08:00-24:00; Su 09:00-24:00; PH off					
node	11276643288	59.6021848	10.7424987	7-Eleven Vestby	7-Eleven		convenience						
node	11276643289	58.2522993	7.9656339	7-Eleven Vennesla	7-Eleven		convenience						
node	11276643290	59.9287107	10.6596559	7-Eleven Ullern øst	7-Eleven		convenience						
node	11279586558	63.3505834	10.3548452	Extra Heimdal	Extra		supermarket	Mo-Sa 07:00-23:00				https://www.coop.no/butikker/extra/extra-heimdal-2722	+47 47 70 68 20
node	11279586561	59.2323306	10.9051610	Extra Mascot	Extra		supermarket	Mo-Sa 07:00-23:00				https://www.coop.no/butikker/extra/extra-mascot-2715	+47 69 33 14 40
node	11280002546	62.1788163	5.7550061	Nærbutikken Rovde	Nærbutikken		supermarket	24/7					+47 90735519
node	11280002548	59.8107455	10.8034734	Kiwi Skolebakken	Kiwi		supermarket	Mo-Sa 07:00-23:00					+47 66801400
node	11280002549	60.7864678	10.6444970	Kiwi Hunndalen	Kiwi		supermarket	Mo-Sa 07:00-23:00					+47 61170193
node	11280002550	59.7558188	9.9833352	Kiwi Steinberg	Kiwi		supermarket	Mo-Sa 07:00-23:00					+47 32801100
node	11280002551	68.7929997	16.5465128	Eurospar Seljestad	Spar		supermarket	Mo-Sa 07:00-23:00					+47 90052950
node	11280002552	59.9054320	10.7595351	Meny Bjørvika	Meny		supermarket	"Mo-Fr 08:00-22:00, Sa 08:00-20:00"					+47 22713100
node	11280320268	59.0243528	10.1853138				convenience						
node	11294753885	60.7327194	10.6159915	Rema 1000 Kjempehaugen	Rema 1000		supermarket	Mo-Sa 07:00-23:00					+47 90594208
node	11294753886	59.1713185	9.6433069	Rema 1000 Menstad	Rema 1000		supermarket	Mo-Sa 07:00-23:00					+47 90534872
node	11299744674	58.8817632	5.6293326	Tax Free		Travel Retail Norway AS	convenience						
node	11308351433	59.9565130	11.0533917	Extra Kjerulfs gate	Extra		supermarket	Mo-Sa 07:00-23:00				https://www.coop.no/butikker/extra/extra-kjerulfs-gate-2806	+47 63 81 30 00
node	11328290263	62.5678728	7.6869525	Mix Torvets Frukt og Tobakk	Mix		convenience	Mo-Su 10:00-19:00					
node	11388460269	59.2902717	11.1142836				convenience						
node	11392586463	60.9553597	10.6094005	Extra Biri	Extra		supermarket	Mo-Sa 07:00-23:00				https://www.coop.no/butikker/extra/extra-biri-2006	+47 61 18 53 86
node	11392610346	60.9560936	10.6100561	Kiwi			supermarket						
node	11459041603	60.3985251	5.3218396	Bunnpris Dreggen	Bunnpris		supermarket	"Mo-Fr 07:00-00:00, Sa-Su 09:00-00:00"					+47 90585700
node	11459120256	58.3795489	6.9587090	Snarkjøp Storekvina	Snarkjøp		convenience	24/7					+47 940 33 266
node	11459120258	60.3704397	5.3355502	Snarkjøp Søndre Skogvei	Snarkjøp		convenience	Mo-Sa 09:00-21:00; Su 10:00-21:00					+47 922 58 575
node	11459120259	69.1699050	17.7381383	Snarkjøp Vangsvik	Snarkjøp		convenience	24/7					+47 480 79 044
node	11459120260	69.7473494	20.4904411	Snarkjøp Djupvik handel og Sentralstasjon	Snarkjøp	Snarkjøp Djupvik Handel og Sentralstasjon AS	convenience	24/7					+47 469 12 670
node	11459120261	69.8127880	19.9855267	Snarkjøp på Øra	Snarkjøp		convenience	Mo-Fr 10:00-17:00; Sa 10:00-15:00					+47 901 16 592
node	11459120262	60.5962981	10.7313199	Snarkjøp Lund	Snarkjøp		convenience						+47 979 78 698
node	11459120263	58.9680357	9.5524350	Snarkjøp Stathelle	Snarkjøp		convenience						+47 901 42 694
node	11459120264	60.5639124	4.9606563	Snarkjøp Herdla landhandel	Snarkjøp	Herdla Landhandel AS	convenience						+47 41 16 49 72
node	11459120265	60.6933837	8.5095710	Snarkjøp Samhald	Snarkjøp		convenience						+47 46943518
node	11459120266	60.7018363	6.8913509	Snarkjøp Kårdal handel	Snarkjøp	Kårdal Handel AS	convenience						+47 982 05 218
node	11459120267	70.0252536	22.2847668	Snarkjøp Langfjord	Snarkjøp	Langfjord Handel AS	convenience	24/7					+47 997 90 324
node	11459120268	59.4155056	10.4834459	Snarkjøp Horten	Snarkjøp	Grocery Lab Store AS	convenience						+47 928 46 813
node	11459208069	60.4099924	7.3238032	Snarkjøp Maurset	Snarkjøp	Maurset Landhandel AS	convenience						
node	11469942026	59.9075758	10.7732708	UNIK			convenience						
node	11503005455	63.7494168	11.3027935	Extra Kirkegata Levanger	Extra		supermarket	Mo-Sa 07:00-23:00				https://www.coop.no/butikker/extra/extra-kirkegata-levanger-2815	+47 90 41 38 70
node	11508953996	59.9837103	9.2964167	Nærbutikken Rollag	Nærbutikken		supermarket	24/7					+47 97281540
node	11508953997	59.9067884	10.6108491	Joker Stabekk	Joker		supermarket	"Mo-Fr 07:00-22:00, Sa-Su 08:00-22:00"					+47 98865970
node	11508953998	61.2100493	6.5372456	Joker Balestrand	Joker		supermarket	"Mo-Sa 08:00-20:00, Su 13:00-17:00"					+47 48088942
node	11508953999	59.9316961	10.7361029	Kiwi Adamstuen	Kiwi		supermarket	Mo-Sa 07:00-23:00					+47 22109144
node	11508954000	59.9653021	10.7714319	Meny Frysja	Meny	Meny	supermarket	"Mo-Fr 08:00-21:00, Sa 08:00-20:00"				https://meny.no/finn-butikk/meny-frysja	+47 22495000
node	11529367592	62.4428969	6.3715814	Rema 1000 Blindheim	Rema 1000		supermarket	Mo-Sa 07:00-23:00					+47 70169012
node	11557193056	59.9508873	11.0119496	Supermarket Huong Quê			supermarket						
node	11557221776	59.9498473	11.0116319	Chilli Strømmen			supermarket						
node	11608734411	60.3820859	5.3177593	EkoMarket			convenience	Mo-Fr 10:00-20:00; Sa 10:00-18:00				https://www.ekomarket.no/	
node	11780654269	58.4969636	8.6450096	Europris			convenience	Mo-Fr 09:00-20:00; Sa 09:00-18:00				https://www.europris.no/	+47 48 18 67 95
node	11787437697	60.5142188	5.3315851	Bunnpris Hordvik	Bunnpris		supermarket	"Mo-Fr 06:00-22:00, Sa 08:00-21:00, Su 10:00-22:00"					+47 90404077
node	11854179869	59.8556786	10.4904740	Fudi			supermarket	Mo-Fr 09:00-21:00; Sa 09:00-20:00; Su 11:00-19:00				https://www.fudi.no	
node	11862955549	66.3094524	14.1380588	1001 Natt			convenience						
node	11897261202	62.8537217	7.1602795	Mix Groven	Mix		convenience	Mo 10:00-20:00; Tu 09:00-21:00; We-Sa 10:00-20:00; Su 11:00-20:00					
node	11938154564	68.4416307	17.4377313	Shell	Shell	Shell	convenience	06:00-00:00					
node	11938162134	69.9756903	23.3351339				convenience						
node	11971417339	59.1205394	11.3747307	UMS Halden			supermarket	Mo-Sa 09:00-21:00				https://www.umstore.no/ums-halden/	+47 40 48 00 88
node	11971532245	63.5871001	10.7393563	Rema 1000 Frosta	Rema 1000		supermarket	"Mo-Fr 07:00-22:00, Sa 08:00-21:00, Su 11:00-18:00"					+47 48273446
node	11978423190	59.8755730	10.8418794	Frukt & Grønt AS			convenience						
node	11981294139	63.4052770	9.5343973	Coop Prix Krokstadøra	Coop Prix		supermarket	Mo-Sa 06:00-23:00				https://www.coop.no/butikker/coop-prix/coop-prix-krokstadora-2836	+47 97 99 48 20
node	11982622714	59.9090301	10.7917293	Narala Mat			convenience						
node	11982707927	59.8982942	10.5633608	Polmarket.no			convenience	Mo-Fr 10:00-19:00; Sa 10:00-18:00; Su 13:00-18:00				https://polmarket.no	+47 461 12 315
node	12011743804	59.7610737	5.4536630	Holdbart			supermarket	Mo-Fr 10:00-20:00; Sa 10:00-18:00					
node	12011743805	59.7624471	5.4564886	Eko Market			supermarket	Mo-Fr 10:00-20:00; Sa 10:00-18:00					
node	12020139528	60.6294134	6.4238119	Canari dagligvare			convenience						
node	12041487920	60.1234012	11.4660278				convenience						
node	12041527427	63.3514388	10.3524551	Euro cash			supermarket						
node	12045642732	60.1916280	11.9951729	Mix Kiosken Kongssenteret	Mix		convenience	Mo-Fr 09:00-20:00; Sa 09:00-18:00					
node	12052818082	59.5597519	9.2589186	Olivia Dagligvarer			supermarket						
node	12053633053	59.7577396	10.1425928	Extra Åssiden	Extra		supermarket	Mo-Sa 07:00-23:00				https://www.coop.no/butikker/extra/extra-assiden-4272	+47 32 82 13 48
node	12053633054	59.6042323	10.7432867	Extra Vestby senter	Extra		supermarket	Mo-Sa 07:00-23:00				https://www.coop.no/butikker/extra/extra-vestby-senter-2861	+47 64 95 44 44
node	12053633055	58.2722094	7.9706348	Extra Vennesla	Extra		supermarket	"Mo-Sa 07:00-23:00, Su 09:00-21:00"				https://www.coop.no/butikker/extra/extra-vennesla-2845	+47 46 94 26 51
node	12053633056	59.9425077	10.8113364	Extra Refstadveien	Extra		supermarket	Mo-Sa 07:00-23:00				https://www.coop.no/butikker/extra/extra-refstadveien-2950	+47 22 41 20 00
node	12053633057	58.9771840	5.7066518	Extra Randabergveien	Extra		supermarket	Mo-Sa 07:00-23:00				https://www.coop.no/butikker/extra/extra-randabergveien-2785	+47 47 50 19 92
node	12053633058	59.4253827	11.3423731	Extra Rakkestad	Extra		supermarket	Mo-Sa 07:00-23:00				https://www.coop.no/butikker/extra/extra-rakkestad-2848	+47 69 81 15 51
node	12053633059	58.9434807	5.6899449	Extra Madlamark	Extra		supermarket	Mo-Sa 07:00-23:00				https://www.coop.no/butikker/extra/extra-madlamark-2782	+47 90 29 25 20
node	12053633060	59.5661645	9.2155493	Extra Kvantum	Extra		supermarket	Mo-Sa 07:00-23:00				https://www.coop.no/butikker/extra/extra-kvantum-2822	+47 90 68 78 00
node	12053633061	59.2723616	10.4358074	Extra Kilen	Extra		supermarket	Mo-Sa 07:00-23:00				https://www.coop.no/butikker/extra/extra-kilen-2799	+47 90 89 52 00
node	12053633062	60.5179714	5.2388616	Extra Frekhaug	Extra		supermarket	Mo-Sa 07:00-23:00				https://www.coop.no/butikker/extra/extra-frekhaug-2838	+47 90 09 81 90
node	12053633063	59.9549415	10.9350454	Extra Stovnerveien	Extra		supermarket	Mo-Sa 07:00-23:00				https://www.coop.no/butikker/extra/extra-stovnerveien-2923	+47 22 10 40 00
node	12053633064	59.2210955	5.1931444	Coop Prix Langåker	Coop Prix		supermarket	Mo-Sa 07:00-21:00				https://www.coop.no/butikker/coop-prix/coop-prix-langaker-2947	+47 46 84 84 00
node	12053633065	58.9526296	5.6810548	Coop Mega Madla Express	Coop Mega		supermarket	"Mo-Fr 09:00-22:00, Sa-Su 09:00-21:00"				https://www.coop.no/butikker/coop-mega/coop-mega-madla-express-5367	+47 51 93 30 05
node	12055321014	71.0050802	23.9022546	Nærbutikken Tufjord	Nærbutikken		supermarket	Mo-Sa 10:00-16:00					+47 92095473
node	12055321015	61.2542660	12.5325516	Nærbutikken Østby	Nærbutikken		supermarket	Mo-Su 09:00-23:00					+47 90658940
node	12055321017	59.2306847	10.3386193	Joker Melsomvik	Joker		supermarket	"Mo-Fr 07:00-22:00, Sa-Su 09:00-19:00"				http://joker.no	+47 45692448
node	12055321018	59.9371502	10.6832640	Joker Smestad	Joker		supermarket	"Mo-Fr 07:00-23:00, Sa 09:00-24:00, Su 09:00-23:00"					+47 95860558
node	12055321019	60.7828221	10.6848553	Joker Gjøvik	Joker		supermarket	"Mo-Fr 06:00-21:00, Sa 09:00-18:00, Su 09:00-23:00"					+47 41131325
node	12055321020	67.2844332	14.5680432	Kiwi Mørkved	Kiwi		supermarket	Mo-Sa 07:00-23:00					+47 75518100
node	12055321021	59.9332004	10.7043967	Kiwi Ringhuset	Kiwi		supermarket	Mo-Sa 07:00-23:00					+47 22222273
node	12055321022	59.2521830	10.9309438	Kiwi Veum	Kiwi		supermarket	Mo-Sa 07:00-23:00				https://kiwi.no/Finn-butikk/kiwi-269-veum	+47 69321212
node	12055321023	59.0435979	10.0593572	Kiwi Øya	Kiwi		supermarket	Mo-Sa 07:00-23:00					+47 33193333
node	12055321024	59.2221551	10.9920773	Kiwi Sorgenfri allé	Kiwi		supermarket	Mo-Sa 07:00-23:00				https://kiwi.no/Finn-butikk/kiwi-965-sorgenfri-alle	+47 69321414
node	12055321025	59.8471986	10.8046480	Kiwi Hauketo	Kiwi		supermarket	Mo-Sa 07:00-23:00					+47 23450000
node	12055321026	59.9129659	10.7640823	Kiwi Grønland Basar	Kiwi		supermarket	Mo-Sa 07:00-23:00					+47 22262226
node	12055321027	59.5569158	9.2536577	Kiwi Notodden	Kiwi		supermarket	Mo-Sa 07:00-23:00				https://kiwi.no/finn-butikk/kiwi-394-notodden	+47 35010921
node	12055321028	62.4715455	6.2065124	Kiwi Nørve	Kiwi		supermarket	Mo-Sa 07:00-23:00					+47 70128155
node	12055321029	59.2016767	10.9636259	Spar Gamle Fredrikstad	Spar		supermarket	"Mo-Fr 07:00-22:00, Sa 08:00-20:00"					+47 69321000
node	12056605690	59.9355010	10.8264554	Rema 1000 Vollebekk	Rema 1000	Rema 1000	supermarket	Mo-Sa 07:00-23:00					+47 90418893
node	12056605691	58.1772074	8.1338002	Rema 1000 Avenyen	Rema 1000		supermarket	Mo-Fr 07:00-22:00; Sa 08:00-21:00					+47 47715783
node	12056605692	59.2342440	10.9034517	Rema 1000 Ørebekk	Rema 1000		supermarket	Mo-Sa 07:00-23:00					+47 69342810
node	12056605693	59.9494083	10.7325647	Rema 1000 Ullevaal stadion	Rema 1000		supermarket	Mo-Sa 07:00-23:00					+47 48025019
node	12056605694	58.6195871	8.9077770	Rema 1000 Grenstøl	Rema 1000		supermarket	Mo-Sa 07:00-23:00					+47 37161600
node	12056649837	58.9559916	5.6920371	Bunnpris Sandal	Bunnpris		supermarket	Mo-Sa 08:00-20:00					+47 48245304
node	12056649838	58.8419502	5.7348574	Bunnpris Hoveveien	Bunnpris		supermarket	"Mo-Fr 07:00-22:00, Sa 08:00-21:00"					
node	12056649839	59.9199062	10.7348790	Bunnpris Holbergs plass	Bunnpris		supermarket	"Mo-Fr 06:00-00:00, Sa-Su 09:00-00:00"					
node	12056649840	62.4376456	6.1879534	Bunnpris Langevåg	Bunnpris		supermarket	"Mo-Fr 07:00-22:00, Sa 08:00-21:00"					+47 70193600
node	12056649841	63.4189268	10.4309341	Bunnpris & Gourmet Tyholt	Bunnpris		supermarket	Mo-Fr 08:00-23:00; Sa 09:00-22:00					+47 73935210
node	12075940223	61.1433002	9.0693311	Coop Prix Heggenes	Coop Prix		supermarket	Mo-Fr 08:00-22:00; Sa 09:00-21:00				https://www.coop.no/butikker/coop-prix/coop-prix-heggenes-2103	+47 61 34 29 90
node	12076847313	59.2123391	10.9393320	Bakal			convenience						
node	12102836217	59.8918935	10.5245015	Sandvika supermarked			supermarket						
node	12113021926	59.8931290	10.8416530	Nordlys Dagligvarer			convenience						
node	12126028832	59.2681777	10.4063520	Hana Mat Frukt & Grønt			convenience						
node	12146218152	63.3953802	10.3387047	Extra Ugla	Extra		supermarket	Mo-Sa 07:00-23:00				https://www.coop.no/butikker/extra/extra-ugla-4271	+47 72 56 00 09
node	12187002027	63.1126482	7.7307742	Supercash			convenience	Mo-Sa 09:00-23:00; Su 10:00-20:00					
node	12208630946	61.8771267	9.0988024	Circle K	Circle K		convenience						
node	12223151094	59.7684245	9.9105965	NOR Butikk Hokksund			supermarket	Mo-Sa 11:00-18:30; Su 12:00-18:00					
node	12258561474	60.8272534	11.1264421	Kiwi Ingeberg	Kiwi		supermarket	Mo-Sa 07:00-23:00					+47 62531414
node	12284878922	60.7007088	8.9495769	Gavesenter		Gavesenter AS	supermarket	24/7					+47 4611 7400
node	12291801644	63.3639252	10.3800032	Tiller Asiamat			convenience	Mo-Sa 10:00-20:00; Su 11:00-18:00				https://m.facebook.com/tillerasiamat/	
node	12299720507	62.3921795	6.5781666	Rema 1000 Sykkylven	Rema 1000		supermarket	Mo-Sa 07:00-23:00					+47 47767894
node	12299720508	59.9269121	10.6770389	Rema 1000 Møllhausen torg	Rema 1000		supermarket	Mo-Sa 07:00-23:00					+47 90778065
node	12299720509	59.6738633	9.6761764	Rema 1000 Madsebakken	Rema 1000		supermarket	Mo-Sa 07:00-23:00					+47 90929335
node	12299918765	61.2531792	10.5109852	Joker Mosetertoppen	Joker		supermarket	"Mo 11:00-17:00, Tu-Fr 09:00-17:00, Sa 09:00-18:00, Su 09:00-17:00"				https://joker.no/finn-butikk/joker-mosetertoppen	+47 90117778
node	12299918766	58.9541249	5.7346544	Joker Våland	Joker		supermarket	"Mo-Fr 06:00-20:00, Sa 09:00-18:00"				https://joker.no/finn-butikk/joker-valand	+47 51529450
node	12299918767	59.0881186	9.8194706	Kiwi Grenlandsporten	Kiwi		supermarket	Mo-Sa 07:00-23:00					+47 35512222
node	12299918768	59.2546620	11.1761459	Spar Skjebergveien	Spar		supermarket	"Mo-Fr 07:00-22:00, Sa 08:00-20:00"					+47 90637840
node	12299918769	70.3741960	31.0997030	Spar Vardø	Spar		supermarket	"Mo-Fr 07:00-22:00, Sa 07:00-20:00"					+47 92078311
node	12299918770	58.1517681	8.0092614	Spar Lund torv	Spar		supermarket	"Mo-Fr 06:30-24:00, Sa 08:00-20:00"					+47 90978812
node	12299918771	59.9497390	10.6763233	Meny Gressbanen	Meny		supermarket	"Mo-Fr 08:00-22:00, Sa 09:00-20:00"					+47 22562558
node	12299918772	60.7968654	11.0800872	CC Mat Hamar	CC Mat		supermarket	"Mo-Fr 09:00-21:00, Sa 09:00-19:00"					+47 62550280
node	12299918773	59.1379763	9.6413055	Meny Down Town	Meny		supermarket	"Mo-Fr 08:00-21:00, Sa 08:00-19:00"					+47 35557700
node	12299918774	60.8001166	10.6938844	CC Mat Gjøvik	CC Mat		supermarket	"Mo-Fr 09:00-21:00, Sa 09:00-19:00"					+47 61187480
node	12300000942	59.3845747	5.3021117	Extra Park+ Haugesund	Extra		supermarket	Mo-Sa 07:00-23:00				https://www.coop.no/butikker/extra/extra-park-haugesund-2729	+47 94 81 82 00
node	12300000943	60.8201245	11.3401625	Extra Løten	Extra		supermarket	Mo-Sa 07:00-23:00				https://www.coop.no/butikker/extra/extra-loten-2819	+47 47 75 95 75
node	12300000944	60.4059556	5.2196559	Extra Holmedalen	Extra		supermarket	Mo-Sa 07:00-23:00				https://www.coop.no/butikker/extra/extra-holmedalen-2857	+47 48 12 08 55
node	12300000945	59.9444340	10.9287994	Coop Prix Høybråten	Coop Prix		supermarket	"Mo-Fr 07:00-22:00, Sa 08:00-21:00"				https://www.coop.no/butikker/coop-prix/coop-prix-hoybraten-2869	+47 22 55 10 88
node	12346821466	62.5585468	6.1152886	Duty Free (intl. departures)			convenience						
node	12346821473	62.5584076	6.1140258	Duty Free (intl. arrivals)			convenience						
node	12346821474	62.5586930	6.1163422	Travel Value			convenience						
node	12374165690	67.3883407	14.2442786	Landegode Handel			supermarket	24/7					
node	12544323090	59.9253982	10.8075386				convenience						
node	12549188852	59.9243800	10.7736890	Tupolska			supermarket	Mo-Sa 09:00-21:00; Su 10:00-19:00				https://tupolska.no/no/	+47 406 27 447
node	12549226304	63.3784438	10.3166545	Rema 1000 Granåsen	Rema 1000		supermarket	Mo-Sa 07:00-23:00					+47 48265803
node	12549814251	58.1460646	7.9899842	4u matvarer			supermarket	Mo-Fr 08:00-20:00; Sa 09:00-20:00; Su 11:00-20:00					
node	12588053307	60.7795978	6.0262840	Eksingedalen Snarkjøp	Snarkjøp		supermarket	Mo-Su 06:00-24:00				https://eksingedalen.no/no/butikken	+47 90246905
node	12595683405	68.7290812	14.6008760				supermarket						
node	12635329521	60.3891315	5.3249602	Moreller			convenience						
node	12647251022	59.9257127	10.7755169	Kiwi Carl Berner	Kiwi		supermarket	Mo-Sa 07:00-23:00					+47 22521000
node	12669709324	59.9291602	10.7761587	Rosenhoff Dagligvare			supermarket						
node	12705455137	68.1447572	13.6201872	Rema 1000 Leknes	Rema 1000		supermarket	Mo-Sa 07:00-23:00; Su 10:00-22:00					
node	12728093641	59.9462184	10.6430174	Fudi			supermarket						
node	12759115259	59.7815701	5.5003332	Tida Asia Marked			supermarket						
node	12811281069	63.4224994	10.3963806	7-Eleven Samfundet	7-Eleven		convenience	closed					
node	12832527954	59.9276060	10.7945514	Norex Market			supermarket						
node	12837430526	63.4373522	10.4565164	EkoMarket Trondheim			supermarket					https://www.facebook.com/profile.php?id=61564278800619	
node	12854942301	68.2332646	14.5613084	Bunnpris & Gourmet Svolvær	Bunnpris		supermarket	"Mo-Sa 07:00-23:00, Su 10:00-23:00"					+47 90987500
node	12888441173	59.9438458	10.7328958	Kolibri Kolonial			convenience	Mo-Fr 10:00-19:00; Sa-Su 09:00-17:00				https://www.kolibrikolonial.no	+47 951 07 770
node	12889858275	59.8725271	10.8113807	Kiwi Lambertseter senter	Kiwi		supermarket	Mo-Sa 07:00-23:00					+47 22745895
node	12916790857	61.1011853	10.6890416	Kiwi Mesnali	Kiwi		supermarket	"Mo-Fr 07:00-23:00, Sa-Su 09:00-21:00"				https://kiwi.no/finn-butikk/kiwi-083-mesnali	+47 62361000
node	12917280269	59.9517469	11.0504553	Baza			supermarket						
node	12921185774	59.9256875	10.7498988	Thulasy Dagligvare			convenience						
node	12958888501	63.7521768	10.1314496	joker			supermarket	Mo-Fr 09:00-19:00; Sa 09:00-18:00					
node	12988068901	68.5643455	16.2409408	Kongsvik Landhandleri			convenience	24/7					+47 47 84 45 79
node	12995898202	61.1135237	6.1318562				convenience						
node	12996339770	61.1134988	6.1318884	Ortnevik Nærbotik			supermarket	"Summer 2025 (23.06. - 16.08.2025)
Mo 10:00-12:00 & 16:00-18:00
Tue 12:00-14:00
We 10:00-12:00 & 16:00-18:00
Thu 12:00-14:00
Fri 10:00-12:00 & 16:00-18:00
Sat 10:00-14:00"				https://m.facebook.com/ortneviknarbutikk/	
node	13017017918	60.3190199	5.3534350	Atlas Food (Nesttun)			supermarket	Mo-Sa 10:00-21:00; Su 10:00-20:00					
node	13021681581	58.9532827	5.6008682	Extra Jåsund	Extra		supermarket	Mo-Sa 07:00-23:00				https://www.coop.no/butikker/extra/extra-jasund-2949	+47 90 70 48 47
node	13042211262	64.0102617	11.4894730	Holdbart Steinkjer	Holdbart		supermarket	"Mo-Fr 10:00-20:00, Sa 10:00-18:00"				https://www.holdbart.no/	+47 24 02 24 20
node	13051885543	59.9152529	10.7622573	Bunnpris Urtekvartalet	Bunnpris		supermarket	"Mo-Fr 07:00-22:00, Sa 09:00-20:00, Su 09:00-21:00"					+47 90137950
node	13055842247	61.5917659	9.7227967	Circle K	Circle K		convenience						
node	13056282997	68.5644057	16.2756846				convenience						
node	13058330216	59.9140326	10.7430364	Snarkjøp			convenience						
node	13059642439	69.6743287	18.9262250	Orient Internasjonale Mstbutikk			supermarket						
node	13061629432	59.0506425	10.0202962	Kiwi			supermarket						
node	13115199610	65.8399496	13.1936016	Bunnpris&Gourmet Mosjøen	Bunnpris		supermarket	"Mo-Sa 07:00-24:00, Su 10:00-24:00"					+47 75170770
node	13116173628	64.6254016	12.3112197	Circle K	Circle K		convenience						
node	13127700530	62.7857242	7.5378520	Bunnpris Hjelset	Bunnpris		supermarket	"Mo-Fr 07:00-22:00, Sa 08:00-21:00"					+47 48241677
node	13130911740	69.6798557	18.9079441	Narvesen	Narvesen		convenience						
node	13148595202	59.8605676	10.8015364	Gutta på haugen			supermarket	We-Fr 11:00-18:00; Sa 10:00-18:00					
node	13161488547	58.1472138	7.9921867	Kiwi Henrik Wergelands gate	Kiwi		supermarket	Mo-Sa 07:00-23:00					+47 38180000
node	13182004906	60.0721970	11.1363978	Kløfta Frukt & Grønt			supermarket	Mo-Su 08:00-22:00					+4792508826
node	13197143416	59.7426138	10.2361702	Mix Drammen sykehus	Mix		convenience	"Mo-Fr 08:00-19:00; Sa,Su 10:00-18:00"					
node	13206049695	59.2304824	6.1540000			YX	convenience	Mo-Fr 07:30-20:00; Sa 09:00-20:00; Su 10:00-20:00					
node	13206482605	59.9076782	10.7574818	Innom Bjørvika	Innom		supermarket	"Mo-Fr 07:00-22:00, Sa 08:00-22:00"					+47 90501788
node	13207898349	68.1486054	13.6163697	Bunnpris Brustad-bua	Bunnpris	Bunnpris & Gourmet Leknes	supermarket	Su 10:00-23:00; PH on					
node	13250003629	59.9163335	10.7951004	Malerhaug Mat			supermarket						
node	13320033588	68.5513444	17.5575888	St1			convenience						
node	13320063164	68.5489296	17.5594353	Esso	Esso		convenience						
node	13335651976	59.5601090	7.3522778	Rema 1000 Hovden	Rema 1000		supermarket	"Mo-Fr 08:00-22:00, Sa 08:00-21:00, Su 10:00-18:00"					+47 47634020
node	13370316016	60.3898622	5.3222812	Kinsarvik Naturkost Bergen Sentrum	Kinsarvik Naturkost		convenience	"Mo-Fr 08:00-22:00; Sa,Su 10:00-20:00"				https://www.kinsarvik.no/pages/kinsarvik-naturkost-sentrum	+47 56 91 46 07
node	13385703423	63.4331845	10.4014254	Bunnpris Olav Tryggvason	Bunnpris		supermarket	"Mo-Fr 07:00-23:00, Sa 09:00-22:00, Su 10:00-22:00"					+47 47765070
node	13411507112	59.9134441	10.7595291	A-Food Market			supermarket	Mo-Sa 10:00-20:00				https://afood.no/	
node	13414910247	60.1857406	5.4689526	Malina			supermarket	Mo-Fr 09:00-21:00; Sa-Su 10:00-21:00					+47 485 05 855
node	13418730646	59.8843116	11.5687781	Sunkost			supermarket						
node	13448930556	59.9132409	10.7996495	Kiwi Etterstad		Kiwi	convenience						
node	13461400114	59.2170256	10.9063900	Extra Gressvik	Extra		supermarket	Mo-Sa 07:00-23:00				https://www.coop.no/butikker/extra/extra-gressvik-2833	+47 69 33 16 21
node	13463552673	63.4361226	10.4009019	7-Eleven	7-Eleven		convenience						
node	13468131517	62.5678671	7.6874252	Romsdal Mat			convenience						
node	13526255640	61.4502717	10.1061373	Vestsiden Deli (kolonial)			supermarket					https://www.alpinco.com/no/kvitfjell/hev-vestsiden-deli	+4748223377
node	13591839392	59.2101761	10.9301816	Obs Fredrikstad	Obs		supermarket	"Mo-Fr 08:00-22:00, Sa 08:00-20:00"					
node	13604725257	59.8914017	10.5256732	Rema 1000 Helgerudkvartalet	Rema 1000		supermarket	Mo-Sa 07:00-23:00					+47 47901905
node	13604725258	59.6056921	10.7141196	Rema 1000 Pepperstad	Rema 1000		supermarket	Mo-Sa 07:00-23:00					+47 90400082
node	13604725259	58.8925218	5.7316754	Rema 1000 Travbanen	Rema 1000		supermarket	Mo-Sa 07:00-23:00					+47 48000398
node	13604725260	60.2161622	5.4060329	Rema 1000 Lysekloster	Rema 1000		supermarket	Mo-Sa 07:00-23:00					+47 552 00 010
node	13604725261	58.1561917	7.1067434	Rema 1000 Fiboveien	Rema 1000		supermarket	Mo-Sa 07:00-23:00					+47 90914445
node	13604725262	60.7925378	10.6943835	Rema 1000 Mustadhagen	Rema 1000		supermarket	Mo-Sa 07:00-23:00					+47 41452020
node	13604725263	64.4575798	11.5320406	Rema 1000 Spillum	Rema 1000		supermarket	Mo-Sa 07:00-23:00					+47 90717673
node	13604725264	61.7777409	6.2144646	Rema 1000 Sandane	Rema 1000		supermarket	Mo-Sa 07:00-23:00					+47 57866570
node	13609159801	59.9446629	10.7502191	Kolibri Kolonial			convenience						
node	13615260091	62.7468158	7.2177852	Rema 1000 Bergmo	Rema 1000		supermarket	Mo-Sa 07:00-23:00					+47 90281950
node	13634031240	60.3174870	5.3528755	N1food			supermarket	"Mo-Fr 10:00-20:00, Sa 10:00-19:00, Su 12:00-18:00"				https://n1food.no/	
node	13695046442	59.1367453	10.2109576	Asiahallen			supermarket	Mo-Fr 09:00-20:00; sa 09:00-19:00				https://www.instagram.com/asiahallen_sfj?igsh=aGx4dDc4cHNscmF4	
node	13698257433	60.1716027	12.0245700	Mix Rasta	Mix		convenience	Mo-Fr 07:00-20:00; Sa 09:00-19:00; Su 10:00-20:00					
node	13711249013	59.9309674	10.7904432	Extra Lørenveien	Extra		supermarket	Mo-Sa 07:00-24:00					
node	13713598717	61.1955759	7.2190445	Mix Kaupanger	Mix		convenience	Mo-Su 10:00-20:00					
node	13713598718	59.2606907	5.1910607	Mix Åkra	Mix		convenience	Mo-Su 10:00-23:00					
node	13713598719	70.0326153	20.9743478	Mix Witon	Mix		convenience	Mo-Fr 09:00-23:00; Sa 10:00-23:00; Su 12:00-23:00					
node	13713598720	61.1331372	11.3715932	Mix Wahlsenteret	Mix		convenience	Mo-Fr 08:00-19:00; Sa 09:00-18:00; Su 10:00-19:00					
node	13713598721	60.1798413	10.2694361	Mix Ullerål	Mix		convenience	Mo-Su 10:00-22:00					
node	13713598722	62.2747168	10.7763916	Mix Tynset	Mix		convenience	Mo-Th 10:00-21:00; Fr-Sa 10:00-22:00; Su 12:00-21:00					
node	13713598723	59.9142249	10.8419360	Mix Tveita Senter	Mix		convenience	Mo-Fr 10:00-21:00; Sa 09:00-19:00					
node	13713598724	58.0970485	7.8119641	Mix Søgne	Mix		convenience	Mo-Sa 09:00-22:00; Su 11:00-22:00					
node	13713598725	63.1103397	7.7325441	Mix Storkaia	Mix		convenience	Mo-Fr 10:00-20:00; Sa 10:00-18:00					
node	13713598726	59.1316651	10.2207508	Mix Stanghjørnet	Mix		convenience	Mo-Fr 08:30-20:00; Sa 09:00-18:00; Su 12:00-20:00					
node	13713598727	61.2308611	7.1030126	Mix Sogndal	Mix		convenience						
node	13713598728	59.9222589	10.6782220	Mix Skøyen Stasjon	Mix		convenience	Mo-Fr 06:00-19:00; Sa-Su 11:00-18:00					
node	13713598729	69.7680501	21.0230973	Mix Sesam	Mix		convenience	Mo-Th 09:00-23:00; Fr 09:00-24:00; Sa 10:00-24:00; Su 10:00-23:00					
node	13713598730	62.0441839	5.3439715	Mix Selje	Mix		convenience	Mo-Fr 11:00-21:00; Sa-Su 11:00 - 22:00					
node	13713598731	60.1484742	10.2563968	Mix Ringerike Sykehus	Mix		convenience	Mo-Fr 09:00-19:00; Sa-Su 11:00-17:00					
node	13713598732	62.6150963	7.0933368	Mix Remmemsvik Kiosk & Gatekjøkken	Mix		convenience						
node	13713598733	68.5011025	14.7993820	Mix På Hjørnet Melbu	Mix		convenience	Mo 09:00-22:00; Tu 09:00-23:00; We-Fr 09:00-22:00; Sa-Su 10:00-22:00					
node	13713598734	60.1262469	11.3398097	Mix Neskollen	Mix		convenience	Mo-Fr 09:00-22:00; Sa-Su 12:00-22:00					
node	13713598735	61.9349202	5.1146024	Mix Måløy	Mix		convenience	Mo-Su 10:00-22:00					
node	13713598736	65.8397382	13.1903148	Mix Mosjøen	Mix		convenience	Mo-Fr 10:00 - 19:00; Sa 10:00 - 17:00					
node	13713598737	59.8973095	10.8128962	Mix Manglerud Senter	Mix		convenience	Mo-Fr 10:00-21:00; Sa 09:00-19:00					
node	13713598738	58.0292868	7.4600178	Mix Mandal	Mix		convenience	Mo-Sa 10:00-23:00; Su 12:00-23:00					
node	13713598739	58.2492843	8.3769757	Mix Lillesand	Mix		convenience	Mo-Sa 08:00-22:00; Su 09:00-22:00					
node	13713598740	62.7426362	7.2338686	Mix Kviltorp	Mix		convenience	Mo-Fr 09:00-22:00; Sa 10:00-21:00; Su 10:00-22:00					
node	13713598741	59.6705646	9.6565826	Mix Kongsberg Sykehus	Mix		convenience	Mo-Fr 09:00-16:00					
node	13713598742	69.6741241	18.9296513	Mix Jekta Storsenter	Mix		convenience	Mo-Fr 08:00-21:00; Sa 08:00-18:00					
node	13713598743	59.9141907	10.7425023	Mix Grensen	Mix		convenience	Mo-Fr 06:30 - 21:00; Sa 08:30 - 21:00; Su 11:00 - 20:00					
node	13713598744	59.8929177	9.9259596	Mix Go'biten Kiosk	Mix		convenience	Mo-Sa 09:00-21:00; Su 12:00-21:00					
node	13713598745	61.5980286	5.0150875	Mix Go-Biten Florø	Mix		convenience	Mo-Sa 10:00-22:00; Su 11:00-22:00					
node	13713598746	58.4511836	6.0002131	Mix Favorit	Mix		convenience	Mo-Th 09:30-19:00; Fr 09:30-20:00; Sa 09:00-20:00; Su 10:00-19:00					
node	13713598747	59.7607604	9.9038107	Mix Eiker Senter	Mix		convenience	Mo-Fr 10:00 - 20:30; Sa 10:00 - 18:00					
node	13713598748	62.3412912	5.8509910	Mix Centrumskiosken	Mix		convenience	Mo-Sa 11:00-22:00; Su 12:00-22:00					
node	13713598749	59.8980753	10.5105656	Mix Bærum Sykehus	Mix		convenience	Mo-Fr 08:00-19:00; Sa-Su 11:00-19:00					
node	13713598750	60.4022154	5.7288868	Mix Bjørkheim Kro og Motell	Mix		convenience	Mo-Su 08:00-20:00					
node	13713598751	60.6718337	10.9041441	Mix Bilittkiosken	Mix		convenience	Mo-Sa 10:00-21:00; Su 12:00-21:00					
node	13713598753	68.4069737	17.4156142	Mix Ankenes	Mix		convenience	Mo 10:00-22:30; Tu 10:00-22:00; We-Fr 10:00-22:30; Sa-Su 11:00-22:30					
node	13713598754	60.2808202	11.1734992	Mix Råholt	Mix		convenience	Mo-Fr 10:00-20:30; Sa 10:00-18:00; Su 12:00-19:00					
node	13744678691	59.3870662	10.7514150	Circle K			convenience						
node	13758304772	59.9280685	10.7094209	Kiwi Middelthun	Kiwi		supermarket	Mo-Sa 07:00-23:00					+47 22493000
node	13786657384	60.3916029	5.3209341	Spar Vaskerelven	Spar		supermarket	"Mo-Fr 07:00-24:00, Sa 09:00-24:00"					+47 90509787
node	13891265454	69.6540588	18.9649123	Krone Spar Matbutikk			supermarket	Mo-Sa 10:00-21:00; Su 11:00-20:00					+4794085711
node	13912217245	62.7410402	7.1980237	Holdbart			supermarket	Mo-Fr 09:00-20:00; Sa 10:00-18:00					
node	13923979569	59.9035046	10.7852617	Extra Kværnerbyen	Extra		supermarket	Mo-Sa 07:00-23:00					
node	13935598229	68.8612713	18.3452373	Extra Setermoen	Extra		supermarket					https://www.coop.no/butikker/extra/extra-setermoen-1986	+47 94 83 37 54
node	13937924288	60.3727497	5.3442002	Bunnpris Kronstad	Bunnpris		supermarket	"Mo-Fr 07:00-00:00, Sa-Su 09:00-00:00"				https://www.bunnpris.no/butikker/bunnpris-kronstad	+47 48093448
node	13948357137	58.0394054	7.4335314	Mones Shop			convenience						
node	13955732979	59.1431467	9.6564049	Joker Osebro	Joker		supermarket	24/7					+47 98218548
node	13956301182	60.3783977	5.3341782	Coop Prix Fenderen	Coop Prix		supermarket	Mo-Su 06:00-24:00					
node	13971953377	58.8955035	5.7395473	EkoMarket			supermarket						
node	14006285049	60.1795259	12.0205799	Kiwi Rasta	Kiwi		supermarket	Mo-Sa 07:00-23:00					+47 62815000
node	14023636950	61.2396045	10.4395729	Rema 1000 Hafjell	Rema 1000		supermarket	"Mo-Sa 07:00-23:00, Su 09:00-21:00"					+47 61276203
node	14023636951	60.1805641	9.6248658	Rema 1000 Noresund	Rema 1000		supermarket	"Mo-Sa 07:00-23:00, Su 09:00-21:00"					+47 32131070
node	14023636952	59.7381863	10.7637177	Rema 1000 Sjøskogen	Rema 1000		supermarket	"Mo-Fr 06:00-23:00, Sa 07:00-23:00"					+47 64940988
node	14023636953	59.8487368	10.8296186	Rema 1000 Mortensrud	Rema 1000		supermarket	Mo-Sa 06:00-23:00					+47 23230925
node	14024101301	60.3504708	5.2886849	Kiwi Spectrum	Kiwi		supermarket	Mo-Sa 07:00-23:00					+47 55500000
node	14024318453	63.0884523	8.3528880	Bunnpris Betna	Bunnpris		supermarket	"Mo-Fr 08:00-21:00, Sa 09:00-20:00"					+47 71559988
node	14024318454	63.4362705	10.3994220	Bunnpris Trondheim S	Bunnpris		supermarket	"Mo-We 06:30-23:00, Th-Fr 06:00-23:00, Sa 06:30-23:00, Su 08:00-23:00"					
node	14024318455	58.9700806	5.7351863	Bunnpris Klubbgata	Bunnpris		supermarket	"Mo-Fr 06:00-23:59, Sa-Su 00:00-23:59"					+47 90210660
node	14024318456	60.2418858	10.3761801	Bunnpris Jevnaker	Bunnpris		supermarket	"Mo-Fr 07:00-22:00, Sa-Su 09:00-21:00"					+47 48170580
node	14024318457	70.6635999	23.6829445	Bunnpris Nissensenteret	Bunnpris		supermarket	"Mo-Fr 07:00-22:00, Sa 09:00-22:00"					
node	14024318458	63.1125084	7.7549948	Bunnpris Marokko	Bunnpris		supermarket	Mo-Sa 07:00-23:00					+47 96659041
node	14024318459	63.3995417	10.4370953	Bunnpris Vestlia	Bunnpris		supermarket	"Mo-Fr 08:00-22:00, Sa 09:00-21:00, Su 11:00-22:00"					+47 48136222
node	14026319328	59.6381525	5.3839821	Nærbutikken Auklandshamn	Nærbutikken		supermarket	Mo-Su 06:00-24:00					+47 45813272
node	14026319329	62.1631013	11.9440431	Nærbutikken Elgå	Nærbutikken		supermarket	"Mo-Fr 09:00-17:00, Sa 09:00-14:00"					+47 62459519
node	14026319330	59.8704862	10.4832992	Joker Neselva	Joker		supermarket	"Mo-Fr 07:00-22:00, Sa-Su 09:00-22:00"					+47 92121320
node	14026319331	59.2830289	11.1119265	Joker St Mariegate	Joker		supermarket						+47 41266596
node	14026319332	60.2127084	9.5681806	Joker Norefjell	Joker		supermarket	24/7					+47 32123310
node	14026319333	60.8807574	11.5618306	Joker Glitregården	Joker		supermarket	"Mo-Fr 07:00-22:00, Sa-Su 09:00-22:00"					+47 90735653
node	14026319334	67.0082332	14.5716613	Joker Moldjord	Joker		supermarket	Mo-Su 06:00-24:00					+47 45502340
node	14026319335	59.2091683	10.8880292	Kiwi Vestkilen	Kiwi		supermarket	Mo-Sa 07:00-23:00					+47 69331122
node	14026319336	60.2851215	11.1704511	Kiwi Råholthallen	Kiwi		supermarket	Mo-Sa 07:00-23:00					+47 63968000
node	14026319337	67.2762874	14.4572042	Kiwi Alstad	Kiwi		supermarket	Mo-Sa 07:00-23:00					+47 75562430
node	14026319338	69.6999114	18.9735652	Kiwi Hamna	Kiwi		supermarket	Mo-Sa 07:00-23:00					+47 77656000
node	14026319339	60.3385243	5.3211104	Kiwi Kråkenes	Kiwi		supermarket						+47 55319559
node	14026319340	60.1443119	11.1717720	Kiwi Skovly	Kiwi		supermarket	Mo-Sa 07:00-23:00					+47 63970555
node	14026319341	61.1550783	10.3931260	Kiwi Jørstadmoen	Kiwi		supermarket	Mo-Sa 07:00-23:00					+47 61251000
node	14026319342	60.3648013	5.1200667	Kiwi Skjenet	Kiwi		supermarket	Mo-Sa 07:00-23:00					+47 75173000
node	14026319343	63.5993470	8.9741644	Kiwi Hitra	Kiwi		supermarket						+47 00000000
node	14026319344	59.9020280	10.7846915	Kiwi Ekebergskrenten	Kiwi		supermarket						+47 00000000
node	14026319345	58.9703867	9.5191745	Kiwi Langrønningen	Kiwi		supermarket	Mo-Sa 07:00-23:00					+47 35973491
node	14026319346	68.4434966	17.4461379	Kiwi Taraldsvik	Kiwi		supermarket	Mo-Sa 07:00-23:00					+47 75773333
node	14026319347	60.9344699	10.7078106	Kiwi Pinnerud	Kiwi		supermarket	Mo-Sa 07:00-23:00					+47 62360747
node	14026319348	59.9189620	10.9561268	Kiwi Skårersletta	Kiwi		supermarket	Mo-Sa 07:00-23:00					+47 67971000
node	14026319349	59.7492428	10.8339778	Kiwi Langhus Gård	Kiwi		supermarket	Mo-Sa 07:00-23:00					+47 66806000
node	14026319350	60.1774046	10.3448263	Spar Haugsbygd	Spar		supermarket	"Mo-Fr 07:00-21:00, Sa 08:00-20:00"					+47 90979840
node	14026319351	69.6893880	18.7341916	Eide Handel Heimelaga	Meny		supermarket						+47 77665650
node	14028389869	59.9070541	9.9437769	Extra Åmot	Extra		supermarket	Mo-Sa 07:00-23:00					
node	14028389870	60.3625837	5.2269796	Extra Vadmyra	Extra		supermarket	Mo-Sa 06:00-24:00					
node	14028389871	58.1476261	8.0066225	Extra Tangen torv	Extra		supermarket	Mo-Sa 07:00-23:00					
node	14028389872	67.2917036	14.4220014	Extra Rønvik	Extra		supermarket	Mo-Sa 07:00-23:00					
node	14028389873	59.9200840	10.5789294	Extra Nadderud	Extra		supermarket	Mo-Sa 07:00-23:00					
node	14028389874	61.9214775	5.1543307	Extra Måløy	Extra		supermarket	Mo-Sa 07:00-23:00					
node	14028389875	58.8951899	5.7057708	Extra Maskinveien	Extra		supermarket	"Mo-Fr 06:00-23:00, Sa 08:00-21:00"					
node	14028389876	58.8774271	5.7217027	Extra Kvadrat	Extra		supermarket	"Mo-Fr 08:00-22:00, Sa 08:00-19:00"					
node	14028389877	59.6680331	9.6526563	Extra Kongsberg sentrum	Extra		supermarket	Mo-Sa 07:00-23:00					
node	14028389878	60.1837419	5.4728086	Extra Irisgården	Extra		supermarket	Mo-Sa 07:00-23:00					
node	14028389879	58.1485179	7.9783801	Extra Grim	Extra		supermarket	Mo-Sa 07:00-23:00					
node	14028389880	59.2117820	10.9228914	Extra FMV Kråkerøy	Extra		supermarket	Mo-Sa 07:00-23:00					
node	14028389881	69.9627830	23.3123288	Extra Aronnes	Extra		supermarket	Mo-Sa 07:00-23:00					
node	14028389882	60.1456242	5.3786793	Coop Prix Øyane	Coop Prix		supermarket	Mo-Su 08:00-22:00					
node	14028389883	62.2940121	5.6337339	Coop Marked Moltustranda	Coop Marked		supermarket	"Mo-Fr 09:00-20:00, Sa 09:00-18:00"					
node	14028389884	58.9013353	6.0876109	Coop Marked Forsand	Coop Marked		supermarket	Mo-Sa 05:30-24:00					
node	14042279324	62.9538037	7.0954539	Coop			supermarket						
node	14067342688	59.8347099	10.4332045	Petra Delikatesse			convenience	Mo-Fr 09:00-16:00; Sa 09:00-16:00; Su 12:00-18:00					+47 66 79 49 96
node	14078447302	69.6791985	18.9070990	Narvesen			convenience						
node	14101788890	58.9700402	5.7429242	Istanbul Import			convenience						
node	14117068220	59.9411141	10.7755293	7 days dagligvarer			convenience						
node	14134413614	59.8767759	10.5027014	Deli de Luca Slependen	Deli de Luca		convenience	24/7					
way	19844596	78.2179774	15.6395428	Svalbardbutikken		Coop	supermarket	"Mo-Fr 10:00-19:00, Sa 10:00-18:00, Su 15:00-18:00"				https://www.svalbardbutikken.no/no/	
way	32389280	63.4377696	10.4858825	Det økologiske hus			supermarket	"Mo-Th 11:00-17:00; Fr,Sa 11:00-16:00"					
way	39223776	63.4119458	10.7996533	Circle K	Circle K		convenience						
way	43686416	59.7803804	5.4834493	Kiwi	Kiwi		supermarket						
way	88128763	63.4013635	10.4048465	Bunnpris & Gourmet Nidarvoll	Bunnpris		supermarket	"Mo-Fr 07:00-23:00, Sa 09:00-22:00, Su 11:00-22:00"					+47 73966325
way	88447730	63.3973615	10.4050955	Extra Nidarvoll	Extra		supermarket	Mo-Sa 07:00-23:00				https://www.coop.no/butikker/extra/extra-nidarvoll-1805	+47 40 00 12 52
way	88528304	63.3985860	10.4036565	Rema 1000 Nidarvoll	Rema 1000		supermarket	"Mo-Sa 07:00-23:00, Su 11:00-22:00"					+47 73574515
way	95389616	59.2110480	10.8909464	Rema 1000 Gressvik	Rema 1000		supermarket	Mo-Sa 07:00-23:00					+47 69328960
way	103083538	68.8057745	16.5344704	Extra Sama	Extra		supermarket	Mo-Sa 07:00-23:00				https://www.coop.no/butikker/extra/extra-sama-4211	+47 77 04 10 50
way	116854263	68.7876405	16.5344240	Extra Seljestad	Extra		supermarket	Mo-Sa 07:00-23:00				https://www.coop.no/butikker/extra/extra-seljestad-1957	+47 91 58 37 66
way	119443318	59.9480913	11.0111235	&market			supermarket						
way	123970997	68.1474270	13.6149535	Coop Prix Leknes	Coop Prix		supermarket	"Mo-Fr 08:00-21:00, Sa 09:00-20:00"				https://www.coop.no/butikker/coop-prix/coop-prix-leknes-4568	+47 76 08 09 11
way	140784514	59.9014339	10.8478997	Rema 1000 Oppsal	Rema 1000		supermarket	Mo-Sa 07:00-23:00					+47 22275075
way	144932140	60.1355845	11.0237273	Extra Eltonåsen	Extra		supermarket	Mo-Sa 07:00-23:00				https://www.coop.no/butikker/extra/extra-eltonasen-4938	+47 63 99 85 82
way	151594234	60.1456945	11.1702629	Extra Jessheim	Extra		supermarket	Mo-Sa 07:00-23:00				https://www.coop.no/butikker/extra/extra-jessheim-4618	+47 63 97 77 31
way	153114151	68.2351346	14.5604246	Rema 1000 Svolvær	Rema 1000		supermarket	Mo-Sa 07:00-23:00				https://www.rema.no/butikker/nordland/vagan/rema-1000-svolvaer/	+47 76072765
way	163116821	58.9940835	9.8570812	Gamle Helgeroa Marina			convenience	09:00-22:00					+4733188414
way	164408600	68.1482727	13.6133468	Circle K	Circle K		convenience						
way	171490255	63.3506390	10.3391290	Extra Ringvålveien	Extra		supermarket	Mo-Sa 07:00-23:00				https://www.coop.no/butikker/extra/extra-ringvalveien-1820	+47 40 00 12 43
way	171552311	69.3095224	16.0999125	Rema 1000 Andenes	Rema 1000		supermarket	Mo-Sa 07:00-23:00					+47 76142388
way	194926037	70.9954038	24.6736878	ViMo			convenience						
way	202963476	59.7677765	10.9880695	Havaristen			supermarket	Mo-Fr 09:00-20:00; Sa 09:00-17:00; PH off				https://havaristen.no/	
way	219919936	60.2865790	11.1724830	Rema 1000 Råholt	Rema 1000		supermarket	Mo-Sa 07:00-23:00					+47 63955300
way	251353500	60.3079840	5.3697980	Rema 1000 Elveneset	Rema 1000		supermarket	Mo-Sa 07:00-23:00					+47 55101524
way	259038469	58.1553051	7.1033596	Obs Lyngdal	Obs		supermarket	"Mo-Fr 09:00-22:00, Sa 09:00-20:00"				https://www.coop.no/butikker/obs/obs-lyngdal-2507	+47 95 22 64 00
way	263368593	59.4252427	10.7081981				convenience						
way	314538519	61.5949173	9.7327648	Rema 1000 Vinstra	Rema 1000		supermarket	Mo-Sa 07:00-23:00					+47 61295000
way	318420908	59.4349080	10.6694069				convenience						
way	323968185	63.1037385	7.7288805	Bunnpris			supermarket	Mo-Sa 08:00-22:00					
way	333172528	60.8742980	11.5770915	Kiwi Fjeldset	Kiwi		supermarket	Mo-Fr 07:00-23:00; Sa 09:00-21:00					
way	333354266	60.8613474	11.5678421	Kiwi Hanstad	Kiwi		supermarket						
way	333641115	60.8960760	11.5830550	Rema 1000 Søbakken	Rema 1000		supermarket	Mo-Sa 07:00-23:00					+47 46934533
way	346954894	70.1201911	23.3939960	Samvirkelaget Kviby	Coop Marked		supermarket	Mo-Fr 10:00-17:00; Sa 10:00-16:00					
way	359374701	59.2724090	10.4275275	Kiwi	Kiwi		supermarket						
way	361454895	67.3462535	15.5936495	Coop Prix Straumen	Coop Prix		supermarket	"Mo-Fr 07:00-23:00, Sa 08:00-22:00"				https://www.coop.no/butikker/coop-prix/coop-prix-straumen-1840	+47 90 97 93 77
way	369774355	59.4370472	10.6893530	Spar Vålerveien	Spar		supermarket	"Mo-Fr 07:00-21:00, Sa 09:00-20:00"				https://spar.no/finn-butikk/spar-valerveien	+47 69257173
way	395437006	60.3564935	5.2939424	Rema 1000 Lynghaugparken	Rema 1000		supermarket	Mo-Sa 07:00-23:00					+47 55934590
way	395598517	59.6418960	11.3187015	Kiwi	Kiwi		supermarket						
way	432868540	59.5677722	9.2147263	Kiwi Tuven	Kiwi		supermarket	Mo-Sa 07:00-23:00				https://kiwi.no/finn-butikk/kiwi-967-tuven	+47 35010020
way	440618462	59.4169815	11.3501280	Kiwi Bergenhuskrysset	Kiwi		supermarket	Mo-Sa 07:00-23:00				https://kiwi.no/Finn-butikk/kiwi-413-bergenhuskrysset	+47 69222690
way	442915977	60.6116121	12.0047235	Rema 1000			supermarket						
way	443251305	60.2400375	10.3891826	Extra Jevnaker	Extra		supermarket	Mo-Sa 07:00-23:00				https://www.coop.no/butikker/extra/extra-jevnaker-1031	+47 61 31 12 00
way	447596955	60.0607620	5.9150265	Spar Hatlestrand	Spar	Buo AS	supermarket	"Mo-Fr 08:00-21:00, Sa 08:00-20:00"				https://spar.no/Finn-butikk/SPAR-Hatlestrand/	+47 53488704
way	447632887	59.3972720	5.3308835	Deli de Luca Longhammarvegen		Deli de Luca	convenience						
way	487630076	60.2582575	11.1868472	Kiwi Dal	Kiwi		supermarket	Mo-Sa 07:00-23:00				http://kiwi.no/Finn-butikk/#2072	+47 63951528
way	491049414	59.4255050	10.7063985	Circle K			convenience						
way	493457322	59.7592785	10.4599535				convenience						
way	499380580	60.1463720	11.1834210	Jess Bazaar			supermarket					https://jessbazaar.no/	+47 911 38 272
way	519489056	59.2175302	10.7909497	Joker Vikane Gressvik	Joker		supermarket	"Mo-Fr 09:00-20:00, Sa 09:00-18:00, Su 10:00-18:00"					+47 69332157
way	540253067	60.1574303	10.2570065	Coop Extra Osloveien			convenience	Mo-Sa 07:00-23:00					
way	543967519	63.1605364	10.0997608	Coop Prix Korsvegen	Coop Prix		supermarket	"Mo-Fr 08:00-22:00, Sa 08:00-21:00"				https://www.coop.no/butikker/coop-prix/coop-prix-korsvegen-2756	+47 48 01 95 45
way	544833788	60.2483577	11.2032200	Borgen Rørleggerbedrift AS			convenience						
way	580388623	63.1190935	7.7235110	Bunnpris St. Hanshaugen	Bunnpris		supermarket	"Mo-Fr 07:00-21:00, Sa 09:00-21:00"					+47 71671546
way	583275568	59.4189845	5.4054625	Extra Frakkagjerd	Extra		supermarket	Mo-Sa 07:00-23:00				https://www.coop.no/butikker/extra/extra-frakkagjerd-2557	+47 96 09 62 10
way	589969348	59.0009470	10.0392680	Extra Stavern	Extra		supermarket	"Mo-Sa 07:00-23:00, Su 09:00-21:00"				https://www.coop.no/butikker/extra/extra-stavern-4060	+47 33 19 73 50
way	598877047	60.3752075	5.3380728	Extra Danmarks plass	Extra		supermarket	"Mo-Sa 06:00-24:00, Su 09:00-21:00"				https://www.coop.no/butikker/extra/extra-danmarksplass-1454	+47 55 59 57 70
way	601744671	62.1199927	6.0266416	Coop Marked			convenience	Mo-Sa 07:00-23:00					
way	605207595	59.4724188	11.1630308	Kiwi Skiptvet	Kiwi		supermarket	Mo-Sa 07:00-23:00				https://kiwi.no/Finn-butikk/kiwi-499-skiptvet	+47 69809565
way	608450019	68.2375551	13.7461154	Spar Borg	Spar		convenience						
way	615555935	61.8353350	6.8048770	Bunnpris Olden	Bunnpris		supermarket	"Mo-Sa 07:00-20:00, Su 10:00-18:00"					+47 57873248
way	622494500	62.1493895	6.0843000	Spar	Spar		supermarket						
way	623132993	61.8827815	8.2678955	Extra Skeimo	Extra		supermarket	"Mo-Fr 07:00-22:00, Sa 08:00-21:00"				https://www.coop.no/butikker/extra/extra-skeimo-2058	+47 61 21 40 65
way	629914626	61.9077064	5.9859226	Rema 1000 Nordfjordeid	Rema 1000		supermarket	Mo-Sa 07:00-23:00					+47 57860431
way	635294267	60.3540246	10.5746174	Kiwi Gran	Kiwi		supermarket	Mo-Sa 07:00-23:00					+47 61330604
way	635294974	60.2879164	10.6254730				supermarket						
way	642481307	61.5305305	10.1447020	Rema 1000 Ringebu	Rema 1000		supermarket	"Mo-Sa 07:00-23:00, Su 09:00-21:00"					+47 61280400
way	643512849	58.0765010	7.9990120	KIWI Flekkerøy			supermarket	Mo-Sa 07:00-23:00					
way	643835635	70.6312305	29.7126045			Rema 1000	convenience						
way	649727286	68.1200672	13.5474370	Bunnpris	Bunnpris		supermarket						
way	655172256	60.3822405	5.2191155	Kiwi Olsvik	Kiwi		supermarket	Mo-Sa 07:00-23:00				https://kiwi.no/	+47 55937380
way	656616203	60.3818008	5.2293235	Rema 1000 Kjøkkelvik	Rema 1000		supermarket	Mo-Sa 07:00-23:00					+47 55267790
way	657944719	68.1446680	13.6194925	Rema 1000 Leknes	Rema 1000		supermarket	"Mo-Sa 07:00-23:00, Su 10:00-22:00"					+47 76055790
way	659870245	60.3851345	5.2180142	Extra Olsvik	Extra		supermarket	Mo-Sa 07:00-23:00				https://www.coop.no/butikker/extra/extra-olsvik-4258	+47 55 93 42 70
way	661039651	60.1946884	11.0963397	Travel Value			convenience						
way	674320702	63.7492560	11.2740593	Bunnpris Levangernesset			supermarket						
way	677741988	62.7202852	7.9344353		Coop Marked		supermarket						
way	678140688	60.3750570	6.7185995	Spar Kinsarvik			convenience						
way	686672110	63.4299102	10.3942980	Rema 1000 Torvet	Rema 1000		supermarket	Mo-Sa 07:00-23:00				https://www.rema.no/butikker/sor-trondelag/trondheim/rema-1000-torvet/	+47 73516037
way	691940001	60.0747925	11.1406675	Kiwi Kløfta	Kiwi		supermarket	Mo-Sa 07:00-23:00				https://kiwi.no/Finn-butikk/Kiwi-KB-Klofta/	+47 63980005
way	693087151	69.6699485	18.9642815	Joker Dramsveien	Joker		supermarket	"Mo-Fr 07:30-23:00, Sa-Su 10:00-23:00"				https://joker.no/finn-butikk/joker-dramsveien	+47 77656185
way	698982895	71.0338315	27.8440983	Coop Prix Mehamn	Coop Prix		supermarket	Mo-Sa 09:00-22:00					
way	709341095	69.7876820	20.5684330	Giævers Landhandel		Johs H Giæver AS	supermarket						+4777764400
way	717947827	59.8341324	10.7953569	Meny Holmlia	Meny		supermarket	"Mo-Fr 08:00-21:00, Sa 09:00-20:00"					+47 22750500
way	722941256	58.0748595	7.8623465				supermarket						
way	743826652	59.4093510	5.2659930	Risøykiosken			convenience						+47 52 72 77 45
way	766357324	68.9972109	16.5381448	Nærbutikken Bjarkøy	Nærbutikken		supermarket	"Mo-Fr 10:00-17:00, Sa 10:00-14:00"					+47 77090114
way	773888288	60.2724907	10.1845376	Kiwi Hallingby	Kiwi		supermarket	Mo-Sa 07:00-23:00					+47 32123126
way	775199915	63.1208300	7.7400930				supermarket						
way	778306300	59.3458134	5.8577834	Joker Nedstrand	Joker		supermarket	"Mo-Th 07:00-18:00, Fr 07:00-20:00, Sa 07:00-16:00"					+47 52778122
way	778705220	59.8665215	5.5634625	Nærbutikken Huglo	Nærbutikken		supermarket	"Mo-Fr 07:00-23:00, Sa-Su 09:00-22:00"					+47 53400510
way	779451589	60.2918476	5.3801456	Kiwi Valle	Kiwi		supermarket	Mo-Sa 07:00-23:00					+47 55100800
way	800089519	59.5711910	11.3297032	Spar	Spar		supermarket						
way	809726465	59.5856623	11.1340262	Kiwi Hurrahølet	Kiwi		supermarket	Mo-Sa 07:00-23:00					+47 69880800
way	813725762	60.1924779	5.4649450	Rema 1000 Kuven stasjon	Rema 1000		supermarket	"Mo-Sa 07:00-23:00, Su 09:00-21:00"					+47 56570990
way	826409547	59.1028006	10.2230659	Rema 1000	Rema 1000	Rema 1000	supermarket						
way	844776058	60.1973915	5.4591310	Kiwi Idrettsvegen	Kiwi		supermarket	Mo-Sa 07:00-23:00					+47 56305600
way	860333950	61.3026848	5.1782936	Hellevik Nærbutikk og Grendehus			convenience						
way	877544217	60.7989707	10.6845284	Rema 1000 Gjøvik stadion	Rema 1000		supermarket	Mo-Sa 07:00-23:00				https://www.rema.no/	+47 61171120
way	888325940	59.5808636	11.2797830	Rema 1000	Rema 1000		supermarket					https://rema.no/	+47 69 88 48 00
way	892610419	60.2567911	10.6604364	Kiwi Grua	Kiwi		supermarket	Mo-Sa 07:00-23:00					+47 62415500
way	923777815	60.2693860	8.7502583	Extra Uvdal	Extra		supermarket	"Mo-Sa 07:00-22:00, Su 10:00-20:00"				https://www.coop.no/butikker/extra/extra-uvdal-2910	+47 32 74 30 84
way	923880065	60.3745274	5.4576550	Extra Lone	Extra		supermarket	Mo-Sa 07:00-23:00				https://www.coop.no/butikker/extra/extra-lone-4586	+47 55 24 49 00
way	923917723	64.0384716	10.0555256				convenience						
way	924547976	60.1968135	5.6119180	Spar Fusa	Spar		supermarket	"Mo-Fr 07:00-21:00, Sa 09:00-20:00"					+47 56582133
way	924555985	60.2408735	5.7441735				supermarket						
way	928560875	60.6786155	10.8147725	Extra Lena	Extra		supermarket	Mo-Sa 07:00-23:00				https://www.coop.no/butikker/extra/extra-lena-2614	+47 61 16 02 84
way	938778298	61.8376356	6.4629860	Coop Marked Fjelli	Coop Marked		supermarket	"Mo-Fr 10:00-18:00, Sa 10:00-15:00"					+47 45892353
way	941534357	59.8352421	9.5805347	Rema 1000 Lampeland	Rema 1000		supermarket	"Mo-Fr 07:00-22:00, Sa 08:00-21:00, Su 09:00-21:00"				https://www.rema.no/butikker/buskerud/flesberg/rema-1000-lampeland/	+47 32761000
way	946546043	60.8875276	11.5143309	Extra Grindalsmoen	Extra		supermarket	Mo-Sa 07:00-23:00				https://www.coop.no/butikker/extra/extra-grindalsmoen-2682	+47 90 54 93 68
way	954268980	59.2300608	10.2730923	Mattorget			supermarket	Mo-Fr 10:00-18:00; Sa 10:00-16:00				https://mattorget.no/	
way	954407218	66.2238925	12.7723445	Daglivarer Tomma Handel AS			convenience						
way	955020474	63.3020235	9.8472994				supermarket					Wingborg.no	
way	966305468	63.4366255	10.4546202	Coop Mega Sirkus shopping	Coop Mega		supermarket	"Mo-Fr 09:00-21:00, Sa 09:00-20:00"					
way	974156648	59.4068070	10.6957470	Spar Dilling	Spar		supermarket	"Mo-Fr 07:00-21:00, Sa 08:00-20:00"					+47 69265259
way	1006267214	60.3313439	11.2663771	Extra Eidsvoll	Extra		supermarket	Mo-Sa 07:00-23:00				https://www.coop.no/butikker/extra/extra-eidsvoll-2765	+47 63 96 49 51
way	1039469111	60.5629575	9.9957850	Extra Nes i Ådal	Extra		supermarket	Mo-Sa 07:00-23:00				https://www.coop.no/butikker/extra/extra-nes-i-adal-2665	+47 32 13 76 31
way	1051111023	60.3060861	5.2691237				supermarket						
way	1081943194	68.1431429	13.6176064	Kiwi Leknes	Kiwi		supermarket	Mo-Sa 07:00-23:00					+47 76072302
way	1085066862	59.6648518	9.6985647	Circle K	Circle K		convenience	24/7				https://www.circlek.no/station/circle-k-kongsbergporten	+4722551500
way	1148415430	62.1154135	10.6157741	Extra Alvdal	Extra		supermarket	"Mo-Sa 07:00-23:00, Su 10:00-21:00"				https://www.coop.no/butikker/extra/extra-alvdal-2777	+47 62 48 72 00
way	1285838829	59.1210289	11.3053776	Kiwi Svinesundsveien	Kiwi		supermarket	Mo-Sa 07:00-23:00				https://kiwi.no/Finn-butikk/kiwi-349-svinesundsveien	+47 69187000
way	1296566045	60.4635674	5.3040973				supermarket						
way	1314616594	61.3738511	5.6399041	Nærbutikken Bygstad	Nærbutikken		supermarket	"Mo-Fr 09:00-17:00, Sa 09:00-15:00"				https://narbutikken.no/finn-butikk/narbutikken-bygstad	+47 57717204
way	1354174068	59.9259928	10.8127521	Kiwi Ulven	Kiwi		supermarket	Mo-Sa 07:00-23:00				https://kiwi.no/	+47 22647700
way	1422525556	59.9271593	10.8471427	Holdbart Alna			convenience	Mo-Fr 10:00-21:00; Sa 10:00-19:00					+47 24 02 24 20
way	1436458735	59.9399393	10.8242623	Bjerke Matsenter		Bjerke Matsenter AS	convenience						
way	1450334493	59.9084668	10.6052543	Kiwi Stabekk stasjon	Kiwi		supermarket	Mo-Sa 07:00-23:00				https://kiwi.no/Finn-butikk/Kiwi-Stabekk-Stasjon/	+47 67532212
way	1465605496	59.5647783	9.2671693	Spar			convenience	Mo-Sa 06:30-22:00					
way	1475021921	59.9264213	10.7198970	Meny Bogstadveien	Meny		supermarket	"Mo-Fr 08:00-22:00, Sa 08:00-20:00"					+47 22591570
way	1486530634	59.8111052	10.3053553	Extra Liertoppen	Extra		supermarket	"Mo-Fr 08:00-21:00, Sa 08:00-19:00"					+47 32842328
way	1486530655	59.8094574	10.2999485	Meny Liertoppen	Meny		supermarket	"Mo-Fr 07:00-21:00, Sa 08:00-19:00"				https://meny.no/Finn-butikk/MENY-Liertoppen/	+47 32227000
relation	6659766	60.6290156	6.4360833	Meny Voss	Meny		supermarket	"Mo-Fr 08:00-21:00, Sa 08:00-20:00"				https://meny.no/Finn-butikk/MENY-Voss/	+47 56529700
relation	6659798	60.6287852	6.4349575	Tan Thaimat			convenience	Mo-Fr 10:00-19:00; Sa 10:00-18:00					
